,R-HSA-199991,R-HSA-8935690,R-HSA-72086,R-HSA-927802,R-HSA-5619115,R-HSA-5617833,R-HSA-983231,R-HSA-2564830,R-HSA-373753,R-HSA-1268020,R-HSA-195721,R-HSA-8863678,R-HSA-1475029,R-HSA-168249,R-HSA-5358508,R-HSA-1474290,R-HSA-1592230,R-HSA-73942,R-HSA-73886,R-HSA-1474228,R-HSA-109581,R-HSA-1187000,R-HSA-5260271,R-HSA-445717,R-HSA-73857,R-HSA-73887,R-HSA-8949215,R-HSA-1368082,R-HSA-5358351,R-HSA-1296071,R-HSA-2161522,R-HSA-5423599,R-HSA-381119,R-HSA-418346,R-HSA-212165,R-HSA-75067,R-HSA-5660526,R-HSA-445355,R-HSA-157118,R-HSA-72766,R-HSA-73884,R-HSA-73864,R-HSA-390522,R-HSA-9006925,R-HSA-381426,R-HSA-75944,R-HSA-194315,R-HSA-9006934,R-HSA-372790,R-HSA-69278,R-HSA-429914,R-HSA-1566948,R-HSA-3000178,R-HSA-69239,R-HSA-381340,R-HSA-75892,R-HSA-9033241,R-HSA-1280218,R-HSA-525793,R-HSA-211000,R-HSA-1632852,R-HSA-5696398,R-HSA-5218859,R-HSA-75072,R-HSA-1368108,R-HSA-391160,R-HSA-5576891,R-HSA-194441,R-HSA-391251,R-HSA-196854,R-HSA-68874,R-HSA-163685,R-HSA-5223345,R-HSA-1566977,R-HSA-597592,R-HSA-3000157,R-HSA-71387,R-HSA-74158,R-HSA-9006936,R-HSA-1362409,R-HSA-72306,R-HSA-9006931,R-HSA-15869,R-HSA-2028269,R-HSA-186712,R-HSA-1428517,R-HSA-452723,R-HSA-422475,R-HSA-112307,R-HSA-5205685,R-HSA-72312,R-HSA-2586552,R-HSA-5683057,R-HSA-2262752,R-HSA-174824,R-HSA-69620,R-HSA-75205,R-HSA-211859,R-HSA-2173782,R-HSA-1181150,R-HSA-216083,R-HSA-71291,R-HSA-3247509,R-HSA-8934903,R-HSA-5663205,R-HSA-1480926,R-HSA-9006927,R-HSA-917937,R-HSA-2980736,R-HSA-140877,R-HSA-1280215,R-HSA-8941237,R-HSA-5663202,R-HSA-5676934,R-HSA-71737,R-HSA-428359,R-HSA-202131,R-HSA-450531,R-HSA-72203,R-HSA-446728,R-HSA-382556,R-HSA-9006921,R-HSA-6794362,R-HSA-5682910,R-HSA-5693532,R-HSA-983712,R-HSA-556833,R-HSA-5683826,R-HSA-6805567,R-HSA-76002,R-HSA-977225,R-HSA-202733,R-HSA-425407,R-HSA-1368071,R-HSA-6783310,R-HSA-5668914,R-HSA-112315,R-HSA-1483249,R-HSA-73893,R-HSA-3000171,R-HSA-8963676,R-HSA-5619507,R-HSA-165159,R-HSA-1500620,R-HSA-189445,R-HSA-3781865,R-HSA-8981607
GSM1594221,0.071,-0.023,-0.037,-0.07,-0.144,-0.062,0.065,0.061,-0.05,-0.013,-0.05,-0.022,0.045,-0.136,0.024,-0.006,-0.069,-0.041,-0.091,0.022,-0.053,0.055,0.049,0.064,0.035,-0.074,-0.051,0.012,0.054,-0.017,-0.072,-0.011,0.079,-0.052,0.014,0.069,0.088,0.052,0.061,0.043,-0.04,0.049,-0.023,0.038,-0.075,0.017,-0.019,0.035,0.067,-0.113,0.058,-0.049,0.017,-0.11,-0.064,0.023,0.017,0.193,0.007,0.058,0.043,0.038,-0.053,-0.11,0.058,-0.046,0.052,-0.066,-0.115,-0.024,0.041,-0.021,0.005,-0.077,-0.027,0.05,-0.013,0.002,-0.071,-0.064,-0.023,-0.044,0.089,0.008,0.028,0.044,-0.009,-0.021,-0.073,0.078,-0.078,0.062,-0.058,-0.056,0.021,-0.022,-0.068,0.015,0.07,0.071,-0.055,0.025,0.025,-0.025,-0.032,0.037,0.056,0.06,-0.039,-0.05,-0.012,-0.003,-0.018,0.072,-0.034,0.061,0.075,-0.045,-0.063,0.084,-0.015,0.057,-0.124,-0.081,0.015,0.064,0.066,0.046,0.002,-0.063,0.013,0.041,0.087,0.02,0.039,0.048,0.06,0.04,-0.083,-0.06,0.022,0.033,0.046,0.009,-0.0,0.084,0.05
GSM1594254,0.071,-0.023,-0.037,-0.07,-0.144,-0.062,0.065,0.061,-0.05,-0.013,-0.05,-0.022,0.045,-0.135,0.024,-0.006,-0.069,-0.041,-0.091,0.022,-0.053,0.055,0.049,0.064,0.035,-0.074,-0.051,0.012,0.054,-0.017,-0.072,-0.011,0.079,-0.052,0.014,0.069,0.088,0.052,0.061,0.043,-0.04,0.049,-0.023,0.038,-0.075,0.017,-0.019,0.035,0.067,-0.112,0.058,-0.048,0.017,-0.11,-0.064,0.023,0.017,0.184,0.007,0.058,0.043,0.038,-0.053,-0.11,0.058,-0.046,0.052,-0.066,-0.115,-0.024,0.041,-0.021,0.005,-0.077,-0.027,0.05,-0.013,0.002,-0.071,-0.064,-0.023,-0.044,0.089,0.008,0.028,0.044,-0.009,-0.021,-0.073,0.078,-0.078,0.062,-0.058,-0.056,0.021,-0.022,-0.068,0.015,0.07,0.071,-0.055,0.025,0.025,-0.025,-0.032,0.037,0.056,0.06,-0.039,-0.05,-0.012,-0.003,-0.018,0.072,-0.034,0.061,0.075,-0.045,-0.063,0.084,-0.015,0.057,-0.124,-0.081,0.015,0.064,0.066,0.046,0.002,-0.062,0.013,0.041,0.087,0.02,0.039,0.048,0.06,0.04,-0.083,-0.06,0.022,0.033,0.046,0.009,-0.0,0.084,0.05
GSM1594258,0.071,-0.023,-0.037,-0.07,-0.144,-0.062,0.065,0.061,-0.05,-0.013,-0.05,-0.022,0.045,-0.137,0.024,-0.006,-0.069,-0.041,-0.09,0.022,-0.053,0.055,0.049,0.064,0.035,-0.074,-0.051,0.012,0.054,-0.017,-0.072,-0.011,0.079,-0.052,0.014,0.069,0.088,0.052,0.061,0.043,-0.04,0.049,-0.023,0.038,-0.075,0.017,-0.019,0.035,0.067,-0.112,0.058,-0.048,0.017,-0.11,-0.064,0.023,0.017,0.19,0.007,0.058,0.043,0.038,-0.053,-0.11,0.058,-0.046,0.052,-0.066,-0.115,-0.024,0.041,-0.021,0.005,-0.077,-0.027,0.05,-0.013,0.002,-0.071,-0.064,-0.023,-0.044,0.089,0.008,0.028,0.044,-0.009,-0.021,-0.073,0.078,-0.078,0.062,-0.058,-0.056,0.021,-0.022,-0.068,0.015,0.07,0.071,-0.055,0.025,0.025,-0.025,-0.032,0.037,0.056,0.06,-0.04,-0.05,-0.011,-0.003,-0.018,0.072,-0.034,0.061,0.075,-0.045,-0.063,0.084,-0.015,0.057,-0.124,-0.081,0.014,0.064,0.066,0.046,0.002,-0.063,0.013,0.041,0.087,0.02,0.039,0.048,0.06,0.04,-0.083,-0.06,0.022,0.033,0.046,0.009,0.0,0.084,0.05
GSM1594267,0.071,-0.023,-0.037,-0.07,-0.144,-0.062,0.065,0.061,-0.05,-0.013,-0.05,-0.022,0.045,-0.136,0.024,-0.006,-0.069,-0.041,-0.091,0.022,-0.053,0.055,0.049,0.064,0.035,-0.074,-0.051,0.012,0.054,-0.017,-0.072,-0.011,0.079,-0.052,0.014,0.069,0.088,0.052,0.061,0.043,-0.04,0.049,-0.023,0.038,-0.075,0.017,-0.019,0.035,0.067,-0.112,0.058,-0.048,0.017,-0.11,-0.064,0.023,0.017,0.186,0.007,0.058,0.043,0.038,-0.053,-0.11,0.058,-0.046,0.052,-0.066,-0.115,-0.024,0.042,-0.021,0.005,-0.077,-0.027,0.05,-0.013,0.002,-0.071,-0.064,-0.023,-0.044,0.089,0.008,0.028,0.044,-0.009,-0.021,-0.073,0.078,-0.078,0.062,-0.058,-0.056,0.021,-0.022,-0.068,0.015,0.07,0.071,-0.055,0.025,0.025,-0.025,-0.032,0.037,0.056,0.06,-0.039,-0.05,-0.012,-0.003,-0.018,0.072,-0.034,0.061,0.075,-0.045,-0.063,0.084,-0.015,0.057,-0.124,-0.081,0.015,0.064,0.066,0.046,0.002,-0.063,0.013,0.041,0.087,0.02,0.039,0.048,0.06,0.04,-0.083,-0.06,0.022,0.033,0.046,0.009,0.0,0.084,0.05
GSM1594382,0.071,-0.023,-0.037,-0.07,-0.144,-0.062,0.065,0.061,-0.05,-0.013,-0.05,-0.022,0.045,-0.137,0.024,-0.006,-0.069,-0.041,-0.09,0.022,-0.053,0.055,0.049,0.064,0.036,-0.074,-0.051,0.012,0.054,-0.017,-0.072,-0.011,0.079,-0.052,0.014,0.069,0.088,0.052,0.061,0.043,-0.04,0.049,-0.023,0.038,-0.075,0.017,-0.019,0.035,0.067,-0.113,0.058,-0.049,0.017,-0.11,-0.064,0.023,0.017,0.184,0.007,0.058,0.043,0.038,-0.053,-0.11,0.058,-0.046,0.052,-0.066,-0.115,-0.024,0.041,-0.021,0.005,-0.077,-0.027,0.05,-0.013,0.002,-0.071,-0.064,-0.023,-0.044,0.089,0.008,0.028,0.044,-0.009,-0.021,-0.073,0.078,-0.078,0.062,-0.058,-0.056,0.021,-0.022,-0.068,0.015,0.07,0.071,-0.055,0.025,0.025,-0.025,-0.032,0.037,0.056,0.06,-0.04,-0.05,-0.012,-0.003,-0.018,0.072,-0.034,0.061,0.075,-0.045,-0.063,0.084,-0.015,0.057,-0.124,-0.081,0.015,0.064,0.066,0.046,0.002,-0.062,0.013,0.041,0.087,0.02,0.039,0.048,0.06,0.04,-0.083,-0.06,0.022,0.033,0.046,0.009,0.0,0.084,0.05
GSM1594395,0.071,-0.023,-0.037,-0.07,-0.144,-0.062,0.065,0.061,-0.05,-0.013,-0.05,-0.022,0.045,-0.137,0.024,-0.006,-0.069,-0.041,-0.091,0.022,-0.053,0.055,0.049,0.064,0.035,-0.074,-0.051,0.012,0.054,-0.017,-0.072,-0.011,0.079,-0.052,0.014,0.069,0.088,0.052,0.061,0.043,-0.04,0.049,-0.023,0.038,-0.075,0.017,-0.019,0.035,0.067,-0.113,0.058,-0.048,0.017,-0.11,-0.064,0.023,0.017,0.183,0.007,0.058,0.043,0.038,-0.053,-0.11,0.058,-0.046,0.052,-0.066,-0.116,-0.024,0.041,-0.021,0.005,-0.077,-0.027,0.05,-0.013,0.002,-0.071,-0.064,-0.023,-0.044,0.089,0.008,0.028,0.044,-0.009,-0.021,-0.073,0.078,-0.078,0.062,-0.058,-0.056,0.021,-0.022,-0.068,0.015,0.07,0.071,-0.055,0.025,0.025,-0.025,-0.032,0.037,0.056,0.06,-0.04,-0.05,-0.012,-0.003,-0.018,0.072,-0.034,0.061,0.075,-0.045,-0.063,0.084,-0.015,0.057,-0.124,-0.081,0.015,0.064,0.066,0.046,0.002,-0.063,0.013,0.041,0.087,0.02,0.039,0.048,0.06,0.04,-0.083,-0.06,0.022,0.033,0.046,0.009,0.0,0.084,0.05
GSM1594413,0.071,-0.023,-0.037,-0.07,-0.144,-0.062,0.065,0.061,-0.05,-0.013,-0.05,-0.022,0.045,-0.138,0.024,-0.006,-0.069,-0.041,-0.09,0.022,-0.053,0.055,0.049,0.064,0.035,-0.074,-0.051,0.012,0.054,-0.017,-0.072,-0.011,0.079,-0.052,0.014,0.069,0.088,0.052,0.061,0.043,-0.04,0.049,-0.023,0.038,-0.075,0.017,-0.019,0.035,0.067,-0.112,0.058,-0.048,0.017,-0.11,-0.064,0.023,0.017,0.183,0.007,0.058,0.043,0.038,-0.053,-0.11,0.058,-0.046,0.052,-0.066,-0.115,-0.025,0.042,-0.021,0.005,-0.077,-0.027,0.05,-0.013,0.002,-0.071,-0.064,-0.023,-0.044,0.089,0.008,0.028,0.044,-0.009,-0.021,-0.073,0.078,-0.078,0.062,-0.059,-0.056,0.021,-0.022,-0.068,0.015,0.07,0.071,-0.055,0.025,0.025,-0.025,-0.032,0.037,0.056,0.06,-0.04,-0.05,-0.011,-0.003,-0.018,0.072,-0.034,0.061,0.075,-0.045,-0.063,0.084,-0.015,0.057,-0.124,-0.081,0.015,0.064,0.066,0.046,0.002,-0.063,0.013,0.041,0.087,0.02,0.039,0.048,0.06,0.04,-0.083,-0.06,0.022,0.033,0.046,0.009,0.0,0.084,0.05
GSM1594574,0.071,-0.023,-0.037,-0.07,-0.144,-0.062,0.065,0.061,-0.05,-0.013,-0.05,-0.022,0.045,-0.138,0.024,-0.006,-0.069,-0.041,-0.09,0.022,-0.053,0.055,0.049,0.064,0.035,-0.074,-0.051,0.012,0.054,-0.017,-0.072,-0.011,0.079,-0.052,0.014,0.069,0.088,0.052,0.061,0.043,-0.04,0.049,-0.023,0.038,-0.075,0.017,-0.019,0.035,0.067,-0.113,0.058,-0.048,0.017,-0.11,-0.064,0.023,0.017,0.189,0.007,0.058,0.043,0.038,-0.053,-0.11,0.058,-0.046,0.052,-0.066,-0.115,-0.024,0.042,-0.021,0.005,-0.077,-0.027,0.05,-0.013,0.002,-0.071,-0.064,-0.023,-0.044,0.089,0.008,0.028,0.044,-0.009,-0.021,-0.073,0.078,-0.078,0.062,-0.058,-0.056,0.021,-0.022,-0.068,0.015,0.07,0.071,-0.055,0.025,0.025,-0.025,-0.032,0.037,0.056,0.06,-0.04,-0.05,-0.012,-0.003,-0.018,0.072,-0.034,0.061,0.075,-0.045,-0.063,0.084,-0.015,0.057,-0.124,-0.081,0.015,0.064,0.066,0.046,0.002,-0.063,0.013,0.041,0.087,0.02,0.039,0.048,0.06,0.04,-0.083,-0.06,0.022,0.033,0.046,0.009,-0.0,0.084,0.05
GSM1594579,0.071,-0.023,-0.037,-0.07,-0.144,-0.062,0.065,0.061,-0.05,-0.013,-0.05,-0.022,0.045,-0.136,0.024,-0.006,-0.069,-0.041,-0.091,0.022,-0.053,0.055,0.049,0.064,0.035,-0.074,-0.051,0.012,0.054,-0.017,-0.072,-0.011,0.079,-0.052,0.014,0.069,0.088,0.052,0.061,0.043,-0.04,0.049,-0.023,0.038,-0.075,0.017,-0.019,0.035,0.067,-0.113,0.058,-0.048,0.017,-0.11,-0.064,0.023,0.017,0.185,0.007,0.058,0.043,0.038,-0.053,-0.11,0.058,-0.046,0.052,-0.066,-0.116,-0.024,0.041,-0.021,0.005,-0.077,-0.027,0.05,-0.013,0.002,-0.071,-0.064,-0.023,-0.044,0.089,0.008,0.028,0.044,-0.009,-0.021,-0.073,0.078,-0.078,0.062,-0.058,-0.056,0.021,-0.022,-0.068,0.015,0.07,0.071,-0.055,0.025,0.025,-0.025,-0.032,0.037,0.056,0.06,-0.039,-0.05,-0.012,-0.003,-0.018,0.072,-0.034,0.061,0.075,-0.045,-0.063,0.084,-0.015,0.057,-0.124,-0.081,0.015,0.064,0.066,0.046,0.002,-0.063,0.013,0.041,0.087,0.02,0.039,0.048,0.06,0.04,-0.083,-0.06,0.022,0.033,0.046,0.009,0.0,0.084,0.05
GSM1594588,0.071,-0.023,-0.037,-0.07,-0.144,-0.062,0.065,0.061,-0.05,-0.013,-0.05,-0.022,0.045,-0.137,0.024,-0.006,-0.069,-0.041,-0.091,0.022,-0.053,0.055,0.049,0.064,0.035,-0.074,-0.051,0.012,0.054,-0.017,-0.072,-0.011,0.079,-0.052,0.014,0.069,0.088,0.052,0.061,0.043,-0.04,0.049,-0.023,0.038,-0.075,0.017,-0.019,0.035,0.067,-0.112,0.058,-0.048,0.017,-0.11,-0.064,0.023,0.017,0.188,0.007,0.058,0.043,0.038,-0.053,-0.11,0.058,-0.046,0.052,-0.066,-0.115,-0.024,0.041,-0.021,0.005,-0.077,-0.027,0.05,-0.013,0.002,-0.071,-0.064,-0.023,-0.044,0.089,0.008,0.028,0.044,-0.009,-0.021,-0.073,0.078,-0.078,0.062,-0.058,-0.056,0.021,-0.022,-0.068,0.015,0.07,0.071,-0.055,0.025,0.025,-0.025,-0.032,0.037,0.056,0.06,-0.04,-0.05,-0.012,-0.003,-0.018,0.072,-0.034,0.061,0.075,-0.045,-0.063,0.084,-0.015,0.057,-0.124,-0.081,0.015,0.064,0.066,0.046,0.002,-0.063,0.013,0.041,0.087,0.02,0.039,0.048,0.06,0.04,-0.083,-0.06,0.022,0.033,0.046,0.009,0.0,0.084,0.05
GSM1594659,0.071,-0.023,-0.037,-0.07,-0.144,-0.062,0.065,0.061,-0.05,-0.013,-0.05,-0.022,0.045,-0.138,0.024,-0.006,-0.069,-0.041,-0.09,0.022,-0.053,0.055,0.049,0.064,0.035,-0.074,-0.051,0.012,0.054,-0.017,-0.072,-0.011,0.079,-0.052,0.014,0.069,0.088,0.052,0.061,0.043,-0.04,0.049,-0.023,0.038,-0.075,0.017,-0.019,0.035,0.067,-0.113,0.058,-0.048,0.017,-0.11,-0.064,0.023,0.017,0.189,0.007,0.058,0.043,0.038,-0.053,-0.11,0.058,-0.046,0.052,-0.066,-0.116,-0.024,0.042,-0.021,0.005,-0.077,-0.027,0.05,-0.013,0.002,-0.071,-0.064,-0.023,-0.044,0.089,0.008,0.028,0.044,-0.009,-0.021,-0.073,0.078,-0.078,0.062,-0.058,-0.056,0.021,-0.022,-0.068,0.015,0.07,0.071,-0.055,0.025,0.025,-0.025,-0.032,0.037,0.056,0.06,-0.04,-0.05,-0.011,-0.003,-0.018,0.072,-0.034,0.061,0.075,-0.045,-0.063,0.084,-0.015,0.057,-0.124,-0.081,0.015,0.064,0.066,0.046,0.002,-0.063,0.013,0.041,0.087,0.02,0.039,0.048,0.06,0.04,-0.083,-0.06,0.022,0.033,0.046,0.009,0.0,0.084,0.05
GSM1594807,0.071,-0.023,-0.037,-0.07,-0.144,-0.062,0.065,0.061,-0.05,-0.013,-0.05,-0.022,0.045,-0.137,0.024,-0.006,-0.069,-0.041,-0.091,0.022,-0.053,0.055,0.049,0.064,0.035,-0.074,-0.051,0.012,0.054,-0.017,-0.072,-0.011,0.079,-0.052,0.014,0.069,0.088,0.052,0.061,0.043,-0.04,0.049,-0.023,0.038,-0.075,0.017,-0.019,0.035,0.067,-0.112,0.058,-0.048,0.017,-0.11,-0.064,0.023,0.017,0.194,0.007,0.058,0.043,0.038,-0.053,-0.11,0.058,-0.046,0.052,-0.066,-0.116,-0.024,0.041,-0.021,0.005,-0.077,-0.027,0.05,-0.013,0.002,-0.071,-0.064,-0.023,-0.044,0.089,0.008,0.028,0.044,-0.009,-0.022,-0.073,0.078,-0.078,0.062,-0.058,-0.056,0.021,-0.022,-0.068,0.015,0.07,0.071,-0.055,0.025,0.025,-0.025,-0.032,0.037,0.056,0.06,-0.04,-0.05,-0.012,-0.003,-0.018,0.072,-0.034,0.061,0.075,-0.045,-0.063,0.084,-0.015,0.057,-0.124,-0.081,0.015,0.064,0.066,0.046,0.002,-0.063,0.013,0.041,0.087,0.02,0.039,0.048,0.06,0.04,-0.083,-0.06,0.022,0.033,0.046,0.009,0.0,0.084,0.05
GSM1594917,0.071,-0.023,-0.037,-0.07,-0.144,-0.062,0.065,0.061,-0.05,-0.013,-0.05,-0.022,0.045,-0.138,0.024,-0.006,-0.069,-0.041,-0.09,0.022,-0.053,0.055,0.049,0.064,0.035,-0.074,-0.051,0.012,0.054,-0.017,-0.072,-0.011,0.079,-0.052,0.014,0.069,0.088,0.052,0.061,0.043,-0.04,0.049,-0.023,0.038,-0.075,0.017,-0.019,0.035,0.067,-0.113,0.058,-0.048,0.017,-0.11,-0.064,0.023,0.017,0.198,0.007,0.058,0.043,0.038,-0.053,-0.11,0.058,-0.046,0.052,-0.066,-0.116,-0.024,0.041,-0.021,0.005,-0.077,-0.027,0.05,-0.013,0.002,-0.071,-0.064,-0.023,-0.044,0.089,0.008,0.028,0.044,-0.009,-0.021,-0.073,0.078,-0.078,0.062,-0.058,-0.056,0.021,-0.022,-0.068,0.015,0.07,0.071,-0.055,0.025,0.025,-0.025,-0.032,0.037,0.056,0.06,-0.039,-0.05,-0.012,-0.003,-0.018,0.072,-0.034,0.061,0.075,-0.045,-0.063,0.084,-0.015,0.057,-0.124,-0.081,0.015,0.064,0.066,0.046,0.002,-0.062,0.013,0.041,0.087,0.02,0.039,0.048,0.06,0.04,-0.083,-0.06,0.022,0.033,0.046,0.009,0.0,0.084,0.05
GSM1594943,0.071,-0.023,-0.037,-0.07,-0.144,-0.062,0.065,0.061,-0.05,-0.013,-0.05,-0.022,0.045,-0.138,0.024,-0.006,-0.069,-0.041,-0.091,0.022,-0.053,0.055,0.049,0.064,0.035,-0.074,-0.051,0.012,0.054,-0.017,-0.072,-0.011,0.079,-0.052,0.014,0.069,0.088,0.052,0.061,0.043,-0.04,0.049,-0.023,0.038,-0.075,0.017,-0.019,0.035,0.067,-0.113,0.058,-0.048,0.017,-0.11,-0.064,0.023,0.017,0.197,0.007,0.058,0.043,0.038,-0.053,-0.11,0.058,-0.046,0.052,-0.066,-0.115,-0.024,0.042,-0.021,0.005,-0.077,-0.027,0.05,-0.013,0.002,-0.071,-0.064,-0.023,-0.044,0.089,0.008,0.028,0.044,-0.009,-0.021,-0.073,0.078,-0.078,0.062,-0.059,-0.056,0.021,-0.022,-0.068,0.015,0.07,0.071,-0.055,0.025,0.025,-0.025,-0.032,0.037,0.056,0.06,-0.04,-0.05,-0.012,-0.003,-0.018,0.072,-0.034,0.061,0.075,-0.045,-0.063,0.084,-0.015,0.057,-0.124,-0.081,0.014,0.064,0.066,0.046,0.002,-0.063,0.013,0.041,0.087,0.02,0.039,0.048,0.06,0.04,-0.083,-0.06,0.022,0.033,0.046,0.009,0.0,0.084,0.05
GSM1595157,0.071,-0.023,-0.037,-0.07,-0.144,-0.062,0.065,0.061,-0.05,-0.013,-0.05,-0.022,0.045,-0.136,0.024,-0.006,-0.069,-0.041,-0.092,0.022,-0.053,0.055,0.049,0.064,0.035,-0.074,-0.051,0.012,0.054,-0.017,-0.072,-0.011,0.079,-0.052,0.014,0.069,0.088,0.052,0.061,0.043,-0.04,0.049,-0.023,0.038,-0.075,0.017,-0.019,0.035,0.067,-0.112,0.058,-0.048,0.017,-0.11,-0.064,0.023,0.017,0.178,0.007,0.058,0.043,0.038,-0.053,-0.11,0.058,-0.046,0.052,-0.066,-0.115,-0.024,0.041,-0.021,0.005,-0.077,-0.027,0.05,-0.013,0.002,-0.071,-0.064,-0.023,-0.044,0.089,0.008,0.028,0.044,-0.009,-0.021,-0.073,0.078,-0.078,0.062,-0.058,-0.056,0.021,-0.022,-0.068,0.015,0.07,0.071,-0.055,0.025,0.025,-0.025,-0.032,0.037,0.056,0.06,-0.04,-0.05,-0.011,-0.003,-0.017,0.072,-0.034,0.061,0.075,-0.045,-0.063,0.084,-0.015,0.057,-0.124,-0.081,0.015,0.064,0.066,0.046,0.002,-0.062,0.013,0.041,0.087,0.02,0.039,0.048,0.06,0.04,-0.083,-0.06,0.022,0.033,0.046,0.009,-0.0,0.084,0.05
GSM1595182,0.071,-0.023,-0.037,-0.07,-0.144,-0.062,0.065,0.061,-0.05,-0.013,-0.05,-0.022,0.045,-0.138,0.024,-0.006,-0.069,-0.041,-0.09,0.022,-0.053,0.055,0.049,0.064,0.035,-0.074,-0.051,0.012,0.054,-0.017,-0.072,-0.011,0.079,-0.052,0.014,0.069,0.088,0.052,0.061,0.043,-0.04,0.049,-0.023,0.038,-0.075,0.017,-0.019,0.035,0.067,-0.112,0.058,-0.048,0.017,-0.11,-0.064,0.023,0.017,0.179,0.007,0.058,0.043,0.038,-0.053,-0.11,0.058,-0.046,0.052,-0.066,-0.115,-0.024,0.041,-0.021,0.005,-0.077,-0.027,0.05,-0.013,0.002,-0.071,-0.064,-0.023,-0.044,0.089,0.008,0.028,0.044,-0.009,-0.021,-0.073,0.078,-0.078,0.062,-0.058,-0.056,0.021,-0.022,-0.068,0.015,0.07,0.071,-0.055,0.025,0.025,-0.025,-0.032,0.037,0.056,0.06,-0.04,-0.05,-0.011,-0.003,-0.018,0.072,-0.034,0.061,0.075,-0.045,-0.063,0.084,-0.015,0.057,-0.124,-0.081,0.015,0.064,0.066,0.046,0.002,-0.063,0.013,0.041,0.087,0.02,0.039,0.048,0.06,0.04,-0.083,-0.06,0.022,0.033,0.046,0.009,0.0,0.084,0.05
GSM1595185,0.071,-0.023,-0.037,-0.07,-0.144,-0.062,0.065,0.061,-0.05,-0.013,-0.05,-0.022,0.045,-0.136,0.024,-0.006,-0.069,-0.041,-0.091,0.022,-0.053,0.055,0.049,0.064,0.035,-0.074,-0.051,0.012,0.054,-0.017,-0.072,-0.011,0.079,-0.052,0.014,0.069,0.088,0.052,0.061,0.043,-0.04,0.049,-0.023,0.038,-0.075,0.017,-0.019,0.035,0.067,-0.113,0.058,-0.048,0.017,-0.11,-0.064,0.023,0.017,0.174,0.007,0.058,0.043,0.038,-0.053,-0.11,0.058,-0.046,0.052,-0.066,-0.115,-0.024,0.041,-0.021,0.005,-0.077,-0.027,0.05,-0.013,0.002,-0.071,-0.064,-0.023,-0.044,0.089,0.008,0.028,0.044,-0.009,-0.021,-0.073,0.078,-0.078,0.062,-0.058,-0.056,0.021,-0.022,-0.068,0.015,0.07,0.071,-0.055,0.025,0.025,-0.025,-0.032,0.037,0.056,0.06,-0.04,-0.05,-0.012,-0.003,-0.017,0.072,-0.034,0.061,0.075,-0.045,-0.063,0.084,-0.015,0.057,-0.124,-0.081,0.015,0.064,0.066,0.046,0.002,-0.063,0.013,0.041,0.087,0.02,0.039,0.048,0.06,0.04,-0.083,-0.06,0.022,0.033,0.046,0.009,0.0,0.084,0.05
GSM1594225,0.071,-0.023,-0.037,-0.07,-0.144,-0.062,0.065,0.061,-0.05,-0.013,-0.05,-0.022,0.045,-0.136,0.024,-0.006,-0.069,-0.041,-0.091,0.022,-0.053,0.055,0.049,0.064,0.035,-0.074,-0.051,0.012,0.054,-0.017,-0.072,-0.011,0.079,-0.052,0.014,0.069,0.088,0.052,0.061,0.043,-0.04,0.049,-0.023,0.038,-0.075,0.017,-0.019,0.035,0.067,-0.113,0.058,-0.048,0.017,-0.11,-0.064,0.023,0.017,0.192,0.007,0.058,0.043,0.038,-0.053,-0.11,0.058,-0.046,0.052,-0.066,-0.115,-0.024,0.041,-0.021,0.005,-0.077,-0.027,0.05,-0.013,0.002,-0.071,-0.064,-0.023,-0.044,0.089,0.008,0.028,0.044,-0.009,-0.021,-0.073,0.078,-0.078,0.062,-0.058,-0.056,0.021,-0.022,-0.068,0.015,0.07,0.071,-0.055,0.025,0.025,-0.025,-0.032,0.037,0.056,0.06,-0.04,-0.05,-0.012,-0.003,-0.018,0.072,-0.034,0.061,0.075,-0.045,-0.063,0.084,-0.015,0.057,-0.124,-0.081,0.015,0.064,0.066,0.046,0.002,-0.062,0.013,0.041,0.087,0.02,0.039,0.048,0.06,0.04,-0.083,-0.06,0.022,0.033,0.046,0.009,0.0,0.084,0.05
GSM1594250,0.071,-0.023,-0.037,-0.07,-0.144,-0.062,0.065,0.061,-0.05,-0.013,-0.05,-0.022,0.045,-0.136,0.024,-0.006,-0.069,-0.041,-0.09,0.022,-0.053,0.055,0.049,0.064,0.035,-0.074,-0.051,0.012,0.054,-0.017,-0.072,-0.011,0.079,-0.052,0.014,0.069,0.088,0.052,0.061,0.043,-0.04,0.049,-0.023,0.038,-0.075,0.017,-0.019,0.035,0.067,-0.113,0.058,-0.049,0.017,-0.11,-0.064,0.023,0.017,0.188,0.007,0.058,0.043,0.038,-0.053,-0.11,0.058,-0.046,0.052,-0.066,-0.115,-0.024,0.041,-0.021,0.005,-0.077,-0.027,0.05,-0.013,0.002,-0.071,-0.064,-0.023,-0.044,0.089,0.008,0.028,0.044,-0.009,-0.021,-0.073,0.078,-0.078,0.062,-0.058,-0.056,0.021,-0.022,-0.068,0.015,0.07,0.071,-0.055,0.025,0.025,-0.025,-0.032,0.037,0.056,0.06,-0.039,-0.05,-0.013,-0.003,-0.018,0.072,-0.034,0.061,0.075,-0.045,-0.063,0.084,-0.015,0.057,-0.124,-0.081,0.015,0.064,0.066,0.046,0.002,-0.063,0.013,0.041,0.087,0.02,0.039,0.048,0.06,0.04,-0.083,-0.06,0.022,0.033,0.046,0.009,0.0,0.084,0.05
GSM1594261,0.071,-0.023,-0.037,-0.07,-0.144,-0.062,0.065,0.061,-0.05,-0.013,-0.05,-0.022,0.045,-0.137,0.024,-0.006,-0.069,-0.041,-0.091,0.022,-0.053,0.055,0.049,0.064,0.035,-0.074,-0.051,0.012,0.054,-0.017,-0.072,-0.011,0.079,-0.052,0.014,0.069,0.088,0.052,0.061,0.043,-0.04,0.049,-0.023,0.038,-0.075,0.017,-0.019,0.035,0.067,-0.113,0.058,-0.048,0.017,-0.11,-0.064,0.023,0.017,0.188,0.007,0.058,0.043,0.038,-0.053,-0.11,0.058,-0.046,0.052,-0.066,-0.115,-0.024,0.041,-0.021,0.005,-0.077,-0.027,0.05,-0.013,0.002,-0.071,-0.064,-0.023,-0.044,0.089,0.008,0.028,0.044,-0.009,-0.021,-0.073,0.078,-0.078,0.062,-0.058,-0.056,0.021,-0.022,-0.068,0.015,0.07,0.071,-0.055,0.025,0.025,-0.025,-0.032,0.037,0.056,0.06,-0.04,-0.05,-0.012,-0.003,-0.018,0.072,-0.034,0.061,0.075,-0.045,-0.063,0.084,-0.015,0.057,-0.124,-0.081,0.015,0.064,0.066,0.046,0.002,-0.063,0.013,0.041,0.087,0.02,0.039,0.048,0.06,0.04,-0.083,-0.06,0.022,0.033,0.046,0.009,-0.0,0.084,0.05
GSM1594266,0.071,-0.023,-0.037,-0.07,-0.144,-0.062,0.065,0.061,-0.05,-0.013,-0.05,-0.022,0.045,-0.136,0.024,-0.006,-0.069,-0.041,-0.092,0.022,-0.053,0.055,0.049,0.064,0.035,-0.074,-0.051,0.012,0.054,-0.017,-0.072,-0.011,0.079,-0.052,0.014,0.069,0.088,0.052,0.061,0.043,-0.04,0.049,-0.023,0.038,-0.075,0.017,-0.019,0.035,0.067,-0.112,0.058,-0.048,0.017,-0.11,-0.064,0.023,0.017,0.183,0.007,0.058,0.043,0.038,-0.053,-0.11,0.058,-0.046,0.052,-0.066,-0.115,-0.024,0.041,-0.021,0.005,-0.077,-0.027,0.05,-0.013,0.002,-0.071,-0.064,-0.023,-0.044,0.089,0.008,0.028,0.044,-0.009,-0.021,-0.073,0.078,-0.078,0.062,-0.058,-0.056,0.021,-0.022,-0.068,0.015,0.07,0.071,-0.055,0.025,0.025,-0.025,-0.032,0.037,0.056,0.06,-0.04,-0.05,-0.011,-0.003,-0.018,0.072,-0.034,0.061,0.075,-0.045,-0.063,0.084,-0.015,0.057,-0.124,-0.081,0.015,0.064,0.066,0.046,0.002,-0.063,0.013,0.041,0.087,0.02,0.039,0.048,0.06,0.04,-0.083,-0.06,0.022,0.033,0.046,0.009,-0.0,0.084,0.05
GSM1594304,0.071,-0.023,-0.037,-0.07,-0.144,-0.062,0.065,0.061,-0.05,-0.013,-0.05,-0.022,0.045,-0.137,0.024,-0.006,-0.069,-0.041,-0.091,0.022,-0.053,0.055,0.049,0.064,0.035,-0.074,-0.051,0.012,0.054,-0.017,-0.072,-0.011,0.079,-0.052,0.014,0.069,0.088,0.052,0.061,0.044,-0.04,0.049,-0.023,0.038,-0.075,0.017,-0.019,0.035,0.067,-0.112,0.058,-0.048,0.017,-0.11,-0.064,0.023,0.017,0.189,0.007,0.058,0.043,0.038,-0.053,-0.11,0.058,-0.046,0.052,-0.066,-0.115,-0.024,0.041,-0.021,0.005,-0.077,-0.027,0.05,-0.013,0.002,-0.071,-0.064,-0.023,-0.044,0.089,0.008,0.028,0.044,-0.009,-0.021,-0.073,0.078,-0.078,0.062,-0.058,-0.056,0.021,-0.022,-0.068,0.015,0.07,0.071,-0.055,0.025,0.025,-0.025,-0.032,0.037,0.056,0.06,-0.04,-0.05,-0.012,-0.003,-0.017,0.072,-0.034,0.061,0.075,-0.045,-0.063,0.084,-0.015,0.057,-0.124,-0.081,0.015,0.064,0.066,0.046,0.002,-0.063,0.013,0.041,0.087,0.02,0.039,0.048,0.06,0.04,-0.083,-0.06,0.022,0.033,0.046,0.009,0.0,0.084,0.05
GSM1594335,0.071,-0.023,-0.037,-0.07,-0.144,-0.062,0.065,0.061,-0.05,-0.013,-0.05,-0.022,0.045,-0.136,0.024,-0.006,-0.069,-0.041,-0.09,0.022,-0.053,0.055,0.049,0.064,0.036,-0.074,-0.051,0.012,0.054,-0.017,-0.072,-0.011,0.079,-0.052,0.014,0.069,0.088,0.052,0.061,0.043,-0.04,0.049,-0.023,0.038,-0.075,0.017,-0.019,0.035,0.067,-0.112,0.058,-0.049,0.017,-0.11,-0.064,0.023,0.017,0.181,0.007,0.058,0.043,0.038,-0.053,-0.11,0.058,-0.046,0.052,-0.066,-0.115,-0.024,0.04,-0.021,0.005,-0.077,-0.027,0.05,-0.013,0.002,-0.071,-0.064,-0.023,-0.044,0.089,0.008,0.028,0.044,-0.009,-0.021,-0.073,0.078,-0.078,0.062,-0.058,-0.056,0.021,-0.022,-0.068,0.015,0.07,0.071,-0.055,0.025,0.025,-0.025,-0.032,0.037,0.056,0.06,-0.039,-0.05,-0.012,-0.003,-0.017,0.072,-0.034,0.061,0.075,-0.045,-0.063,0.084,-0.015,0.057,-0.124,-0.081,0.015,0.064,0.066,0.046,0.002,-0.063,0.013,0.041,0.087,0.02,0.039,0.048,0.06,0.04,-0.083,-0.06,0.022,0.033,0.046,0.009,0.0,0.084,0.05
GSM1594372,0.071,-0.023,-0.037,-0.07,-0.144,-0.062,0.065,0.061,-0.05,-0.013,-0.05,-0.022,0.045,-0.137,0.024,-0.006,-0.069,-0.041,-0.09,0.022,-0.053,0.055,0.049,0.064,0.035,-0.074,-0.051,0.012,0.054,-0.017,-0.072,-0.011,0.079,-0.052,0.014,0.069,0.088,0.052,0.061,0.043,-0.04,0.049,-0.023,0.038,-0.075,0.017,-0.019,0.035,0.067,-0.112,0.058,-0.048,0.017,-0.11,-0.064,0.023,0.017,0.187,0.007,0.058,0.043,0.038,-0.053,-0.11,0.058,-0.046,0.052,-0.066,-0.115,-0.024,0.041,-0.021,0.005,-0.077,-0.027,0.05,-0.013,0.002,-0.071,-0.064,-0.023,-0.044,0.089,0.008,0.028,0.044,-0.009,-0.021,-0.073,0.078,-0.078,0.062,-0.059,-0.056,0.021,-0.022,-0.068,0.015,0.07,0.071,-0.055,0.025,0.025,-0.025,-0.032,0.037,0.056,0.06,-0.04,-0.05,-0.012,-0.003,-0.017,0.072,-0.034,0.061,0.075,-0.045,-0.063,0.084,-0.015,0.057,-0.124,-0.081,0.015,0.064,0.066,0.046,0.002,-0.063,0.013,0.041,0.087,0.02,0.039,0.048,0.06,0.04,-0.083,-0.06,0.022,0.033,0.046,0.009,0.0,0.084,0.05
GSM1594439,0.071,-0.023,-0.037,-0.07,-0.144,-0.062,0.065,0.061,-0.05,-0.013,-0.05,-0.022,0.045,-0.136,0.024,-0.006,-0.069,-0.041,-0.091,0.022,-0.053,0.055,0.049,0.064,0.035,-0.074,-0.051,0.012,0.054,-0.017,-0.072,-0.011,0.079,-0.052,0.014,0.069,0.088,0.052,0.061,0.043,-0.04,0.049,-0.023,0.038,-0.075,0.017,-0.019,0.035,0.067,-0.113,0.058,-0.048,0.017,-0.11,-0.064,0.023,0.017,0.187,0.007,0.058,0.043,0.038,-0.053,-0.11,0.058,-0.046,0.052,-0.066,-0.116,-0.024,0.041,-0.021,0.005,-0.077,-0.027,0.05,-0.013,0.002,-0.071,-0.064,-0.023,-0.044,0.089,0.008,0.028,0.044,-0.009,-0.021,-0.073,0.078,-0.078,0.062,-0.058,-0.056,0.021,-0.022,-0.068,0.015,0.07,0.071,-0.055,0.025,0.025,-0.025,-0.032,0.037,0.056,0.06,-0.04,-0.05,-0.012,-0.003,-0.018,0.072,-0.034,0.061,0.075,-0.045,-0.063,0.084,-0.015,0.057,-0.124,-0.081,0.015,0.064,0.066,0.046,0.002,-0.063,0.013,0.041,0.087,0.02,0.039,0.048,0.06,0.04,-0.083,-0.06,0.022,0.033,0.046,0.009,0.0,0.084,0.05
GSM1594582,0.071,-0.023,-0.037,-0.07,-0.144,-0.062,0.065,0.061,-0.05,-0.013,-0.05,-0.022,0.045,-0.136,0.024,-0.006,-0.069,-0.041,-0.09,0.022,-0.053,0.055,0.049,0.064,0.035,-0.074,-0.051,0.012,0.054,-0.017,-0.072,-0.011,0.079,-0.052,0.014,0.069,0.088,0.052,0.061,0.043,-0.04,0.049,-0.023,0.038,-0.075,0.017,-0.019,0.035,0.067,-0.113,0.058,-0.048,0.017,-0.11,-0.064,0.023,0.017,0.195,0.007,0.058,0.043,0.038,-0.053,-0.11,0.058,-0.046,0.052,-0.066,-0.115,-0.024,0.041,-0.021,0.005,-0.077,-0.027,0.05,-0.013,0.002,-0.071,-0.064,-0.023,-0.044,0.089,0.008,0.028,0.044,-0.009,-0.021,-0.073,0.078,-0.078,0.062,-0.058,-0.056,0.021,-0.022,-0.068,0.015,0.07,0.071,-0.055,0.025,0.025,-0.025,-0.032,0.037,0.056,0.06,-0.039,-0.05,-0.012,-0.003,-0.018,0.072,-0.034,0.061,0.075,-0.045,-0.063,0.084,-0.015,0.057,-0.124,-0.081,0.015,0.064,0.066,0.046,0.002,-0.062,0.013,0.041,0.087,0.02,0.039,0.048,0.06,0.04,-0.083,-0.06,0.022,0.033,0.046,0.009,0.0,0.084,0.05
GSM1594585,0.071,-0.023,-0.037,-0.07,-0.144,-0.062,0.065,0.061,-0.05,-0.013,-0.05,-0.022,0.045,-0.136,0.024,-0.006,-0.069,-0.041,-0.091,0.022,-0.053,0.055,0.049,0.064,0.035,-0.074,-0.051,0.012,0.054,-0.017,-0.072,-0.011,0.079,-0.052,0.014,0.069,0.088,0.052,0.061,0.043,-0.04,0.049,-0.023,0.038,-0.075,0.017,-0.019,0.035,0.067,-0.113,0.058,-0.049,0.017,-0.11,-0.064,0.023,0.017,0.185,0.007,0.058,0.043,0.038,-0.053,-0.11,0.058,-0.046,0.052,-0.066,-0.116,-0.024,0.041,-0.021,0.005,-0.077,-0.027,0.05,-0.013,0.002,-0.071,-0.064,-0.023,-0.044,0.089,0.008,0.028,0.044,-0.009,-0.021,-0.073,0.078,-0.078,0.062,-0.058,-0.056,0.021,-0.022,-0.068,0.015,0.07,0.071,-0.055,0.025,0.025,-0.025,-0.032,0.037,0.056,0.06,-0.039,-0.05,-0.012,-0.003,-0.018,0.072,-0.034,0.061,0.075,-0.045,-0.063,0.084,-0.015,0.057,-0.124,-0.081,0.015,0.064,0.066,0.046,0.002,-0.063,0.013,0.041,0.087,0.02,0.039,0.048,0.06,0.04,-0.083,-0.06,0.022,0.033,0.046,0.009,-0.0,0.084,0.05
GSM1594598,0.071,-0.023,-0.037,-0.07,-0.144,-0.062,0.065,0.061,-0.05,-0.013,-0.05,-0.022,0.045,-0.136,0.024,-0.006,-0.069,-0.041,-0.091,0.022,-0.053,0.055,0.049,0.064,0.035,-0.074,-0.051,0.012,0.054,-0.017,-0.072,-0.011,0.079,-0.052,0.014,0.069,0.088,0.052,0.061,0.043,-0.04,0.049,-0.023,0.038,-0.075,0.017,-0.019,0.035,0.067,-0.112,0.058,-0.048,0.017,-0.11,-0.064,0.023,0.017,0.182,0.007,0.058,0.043,0.038,-0.053,-0.11,0.058,-0.046,0.052,-0.066,-0.115,-0.024,0.041,-0.021,0.005,-0.077,-0.027,0.05,-0.013,0.002,-0.071,-0.064,-0.023,-0.044,0.089,0.008,0.028,0.044,-0.009,-0.021,-0.073,0.078,-0.078,0.062,-0.058,-0.056,0.021,-0.022,-0.068,0.015,0.07,0.071,-0.055,0.025,0.025,-0.025,-0.032,0.037,0.056,0.06,-0.039,-0.05,-0.011,-0.003,-0.018,0.072,-0.034,0.061,0.075,-0.045,-0.063,0.084,-0.015,0.057,-0.124,-0.081,0.015,0.064,0.066,0.046,0.002,-0.063,0.013,0.041,0.087,0.02,0.039,0.048,0.06,0.04,-0.083,-0.06,0.022,0.033,0.046,0.009,0.0,0.084,0.05
GSM1594599,0.071,-0.023,-0.037,-0.07,-0.144,-0.062,0.065,0.061,-0.05,-0.013,-0.05,-0.022,0.045,-0.136,0.024,-0.006,-0.069,-0.041,-0.091,0.022,-0.053,0.055,0.049,0.064,0.035,-0.074,-0.051,0.012,0.054,-0.017,-0.072,-0.011,0.079,-0.052,0.014,0.069,0.088,0.052,0.061,0.043,-0.04,0.049,-0.023,0.038,-0.075,0.017,-0.019,0.035,0.067,-0.113,0.058,-0.048,0.017,-0.11,-0.064,0.023,0.017,0.184,0.007,0.058,0.043,0.038,-0.053,-0.11,0.058,-0.046,0.052,-0.066,-0.115,-0.024,0.041,-0.021,0.005,-0.077,-0.027,0.05,-0.013,0.002,-0.071,-0.064,-0.023,-0.044,0.089,0.008,0.028,0.044,-0.009,-0.021,-0.073,0.078,-0.078,0.062,-0.058,-0.056,0.021,-0.022,-0.068,0.015,0.07,0.071,-0.055,0.025,0.025,-0.025,-0.032,0.037,0.056,0.06,-0.039,-0.05,-0.012,-0.003,-0.018,0.072,-0.034,0.061,0.075,-0.045,-0.063,0.084,-0.015,0.057,-0.124,-0.081,0.015,0.064,0.066,0.046,0.002,-0.063,0.013,0.041,0.087,0.02,0.039,0.048,0.06,0.04,-0.083,-0.06,0.022,0.033,0.046,0.009,0.0,0.084,0.05
GSM1594621,0.071,-0.023,-0.037,-0.07,-0.144,-0.062,0.065,0.061,-0.05,-0.013,-0.05,-0.022,0.045,-0.136,0.024,-0.006,-0.069,-0.041,-0.091,0.022,-0.053,0.055,0.049,0.064,0.035,-0.074,-0.051,0.012,0.054,-0.017,-0.072,-0.011,0.079,-0.052,0.014,0.069,0.088,0.052,0.061,0.043,-0.04,0.049,-0.023,0.038,-0.075,0.017,-0.019,0.035,0.067,-0.113,0.058,-0.048,0.017,-0.11,-0.064,0.023,0.017,0.188,0.007,0.058,0.043,0.038,-0.053,-0.11,0.058,-0.046,0.052,-0.066,-0.115,-0.024,0.041,-0.021,0.005,-0.077,-0.027,0.05,-0.013,0.002,-0.071,-0.064,-0.023,-0.044,0.089,0.008,0.028,0.044,-0.009,-0.021,-0.073,0.078,-0.078,0.062,-0.058,-0.056,0.021,-0.022,-0.068,0.015,0.07,0.071,-0.055,0.025,0.025,-0.025,-0.032,0.037,0.056,0.06,-0.039,-0.05,-0.011,-0.003,-0.018,0.072,-0.034,0.061,0.075,-0.045,-0.063,0.084,-0.015,0.057,-0.124,-0.081,0.015,0.064,0.066,0.046,0.002,-0.063,0.013,0.041,0.087,0.02,0.039,0.048,0.06,0.04,-0.083,-0.06,0.022,0.033,0.046,0.009,0.0,0.084,0.05
GSM1594654,0.071,-0.023,-0.037,-0.07,-0.144,-0.062,0.065,0.061,-0.05,-0.013,-0.05,-0.022,0.045,-0.137,0.024,-0.006,-0.069,-0.041,-0.09,0.022,-0.053,0.055,0.049,0.064,0.036,-0.074,-0.051,0.012,0.054,-0.017,-0.072,-0.011,0.079,-0.052,0.014,0.069,0.088,0.052,0.061,0.044,-0.04,0.049,-0.023,0.038,-0.075,0.017,-0.019,0.035,0.067,-0.113,0.058,-0.049,0.017,-0.11,-0.064,0.023,0.017,0.184,0.007,0.058,0.043,0.038,-0.053,-0.11,0.058,-0.046,0.052,-0.066,-0.115,-0.024,0.041,-0.021,0.005,-0.077,-0.027,0.05,-0.013,0.002,-0.071,-0.064,-0.023,-0.044,0.089,0.008,0.028,0.044,-0.009,-0.021,-0.073,0.078,-0.078,0.062,-0.058,-0.056,0.021,-0.022,-0.068,0.015,0.07,0.071,-0.055,0.025,0.025,-0.025,-0.032,0.037,0.056,0.06,-0.039,-0.05,-0.012,-0.003,-0.018,0.072,-0.034,0.061,0.075,-0.045,-0.063,0.084,-0.015,0.057,-0.124,-0.081,0.015,0.064,0.066,0.046,0.002,-0.063,0.013,0.041,0.087,0.02,0.039,0.048,0.06,0.04,-0.083,-0.06,0.022,0.033,0.046,0.009,-0.0,0.084,0.05
GSM1594680,0.071,-0.023,-0.037,-0.07,-0.144,-0.062,0.065,0.061,-0.05,-0.013,-0.05,-0.022,0.045,-0.136,0.024,-0.006,-0.069,-0.041,-0.091,0.022,-0.053,0.055,0.049,0.064,0.035,-0.074,-0.051,0.012,0.054,-0.017,-0.072,-0.011,0.079,-0.052,0.014,0.069,0.088,0.052,0.061,0.043,-0.04,0.049,-0.023,0.038,-0.075,0.017,-0.019,0.035,0.067,-0.113,0.058,-0.049,0.017,-0.11,-0.064,0.023,0.017,0.193,0.007,0.058,0.043,0.038,-0.053,-0.11,0.058,-0.046,0.052,-0.066,-0.115,-0.024,0.041,-0.021,0.005,-0.077,-0.027,0.05,-0.013,0.002,-0.071,-0.064,-0.023,-0.044,0.089,0.008,0.028,0.044,-0.009,-0.021,-0.073,0.078,-0.078,0.062,-0.058,-0.056,0.021,-0.022,-0.068,0.015,0.07,0.071,-0.055,0.025,0.025,-0.025,-0.032,0.037,0.056,0.06,-0.039,-0.05,-0.012,-0.003,-0.018,0.072,-0.034,0.061,0.075,-0.045,-0.063,0.084,-0.015,0.057,-0.124,-0.081,0.015,0.064,0.066,0.046,0.002,-0.063,0.013,0.041,0.087,0.02,0.039,0.048,0.06,0.04,-0.083,-0.06,0.022,0.033,0.046,0.009,0.0,0.084,0.05
GSM1594755,0.071,-0.023,-0.037,-0.07,-0.144,-0.062,0.065,0.061,-0.05,-0.013,-0.05,-0.022,0.045,-0.137,0.024,-0.006,-0.069,-0.041,-0.091,0.022,-0.053,0.055,0.049,0.064,0.035,-0.074,-0.051,0.012,0.054,-0.017,-0.072,-0.011,0.079,-0.052,0.014,0.069,0.088,0.052,0.061,0.043,-0.04,0.049,-0.023,0.038,-0.075,0.017,-0.019,0.035,0.067,-0.112,0.058,-0.049,0.017,-0.11,-0.064,0.023,0.017,0.189,0.007,0.058,0.043,0.038,-0.053,-0.11,0.058,-0.046,0.052,-0.066,-0.115,-0.024,0.041,-0.021,0.005,-0.077,-0.027,0.05,-0.013,0.002,-0.071,-0.064,-0.023,-0.044,0.089,0.008,0.028,0.044,-0.009,-0.022,-0.073,0.078,-0.078,0.062,-0.058,-0.056,0.021,-0.022,-0.068,0.015,0.07,0.071,-0.055,0.025,0.025,-0.025,-0.032,0.037,0.056,0.06,-0.04,-0.05,-0.012,-0.003,-0.018,0.072,-0.034,0.061,0.075,-0.045,-0.063,0.084,-0.015,0.057,-0.124,-0.081,0.015,0.064,0.066,0.046,0.002,-0.062,0.013,0.041,0.087,0.02,0.039,0.048,0.06,0.04,-0.083,-0.06,0.022,0.033,0.046,0.009,-0.0,0.084,0.05
GSM1594761,0.071,-0.023,-0.037,-0.07,-0.144,-0.062,0.065,0.061,-0.05,-0.013,-0.05,-0.022,0.045,-0.138,0.024,-0.006,-0.069,-0.041,-0.091,0.022,-0.053,0.055,0.049,0.064,0.035,-0.074,-0.051,0.012,0.054,-0.017,-0.072,-0.011,0.079,-0.052,0.014,0.069,0.088,0.052,0.061,0.043,-0.04,0.049,-0.023,0.038,-0.075,0.017,-0.019,0.035,0.067,-0.113,0.058,-0.048,0.017,-0.11,-0.064,0.023,0.017,0.195,0.007,0.058,0.043,0.038,-0.053,-0.11,0.058,-0.046,0.052,-0.066,-0.115,-0.024,0.041,-0.021,0.005,-0.077,-0.027,0.05,-0.013,0.002,-0.071,-0.064,-0.023,-0.044,0.089,0.008,0.028,0.044,-0.009,-0.021,-0.073,0.078,-0.078,0.062,-0.058,-0.055,0.021,-0.022,-0.068,0.015,0.07,0.071,-0.055,0.025,0.025,-0.025,-0.032,0.037,0.056,0.06,-0.04,-0.05,-0.011,-0.003,-0.018,0.072,-0.034,0.061,0.075,-0.045,-0.063,0.084,-0.015,0.057,-0.124,-0.081,0.015,0.064,0.066,0.046,0.002,-0.063,0.013,0.041,0.087,0.02,0.039,0.048,0.06,0.04,-0.083,-0.06,0.022,0.033,0.046,0.009,0.0,0.084,0.05
GSM1594858,0.071,-0.023,-0.037,-0.07,-0.144,-0.062,0.065,0.061,-0.05,-0.013,-0.05,-0.022,0.045,-0.137,0.024,-0.006,-0.069,-0.041,-0.091,0.022,-0.053,0.055,0.049,0.064,0.035,-0.074,-0.051,0.012,0.054,-0.017,-0.072,-0.011,0.079,-0.052,0.014,0.069,0.088,0.052,0.061,0.043,-0.04,0.049,-0.023,0.038,-0.075,0.017,-0.019,0.035,0.067,-0.113,0.058,-0.049,0.017,-0.11,-0.064,0.023,0.017,0.192,0.007,0.058,0.043,0.038,-0.053,-0.11,0.058,-0.046,0.052,-0.066,-0.116,-0.024,0.041,-0.021,0.005,-0.077,-0.027,0.05,-0.013,0.002,-0.071,-0.064,-0.023,-0.044,0.089,0.008,0.028,0.044,-0.009,-0.021,-0.073,0.078,-0.078,0.062,-0.059,-0.056,0.021,-0.022,-0.068,0.015,0.07,0.071,-0.055,0.025,0.025,-0.025,-0.032,0.037,0.056,0.06,-0.04,-0.05,-0.011,-0.003,-0.018,0.072,-0.034,0.061,0.075,-0.045,-0.063,0.084,-0.015,0.057,-0.124,-0.081,0.015,0.064,0.066,0.046,0.002,-0.063,0.013,0.041,0.087,0.02,0.039,0.048,0.06,0.04,-0.083,-0.06,0.022,0.033,0.046,0.009,0.0,0.084,0.05
GSM1594880,0.071,-0.023,-0.037,-0.07,-0.144,-0.062,0.065,0.061,-0.05,-0.013,-0.05,-0.022,0.045,-0.136,0.024,-0.006,-0.069,-0.041,-0.091,0.022,-0.053,0.055,0.049,0.064,0.035,-0.074,-0.051,0.012,0.054,-0.017,-0.072,-0.011,0.079,-0.052,0.014,0.069,0.088,0.052,0.061,0.043,-0.04,0.049,-0.023,0.038,-0.075,0.017,-0.019,0.035,0.067,-0.113,0.058,-0.048,0.017,-0.11,-0.064,0.023,0.017,0.185,0.007,0.058,0.043,0.038,-0.053,-0.11,0.058,-0.046,0.052,-0.066,-0.115,-0.024,0.041,-0.021,0.005,-0.077,-0.027,0.05,-0.013,0.002,-0.071,-0.064,-0.023,-0.044,0.089,0.008,0.028,0.044,-0.009,-0.021,-0.073,0.078,-0.078,0.062,-0.058,-0.056,0.021,-0.022,-0.068,0.015,0.07,0.071,-0.055,0.025,0.025,-0.025,-0.032,0.037,0.056,0.06,-0.039,-0.05,-0.011,-0.003,-0.018,0.072,-0.034,0.061,0.075,-0.045,-0.063,0.084,-0.015,0.057,-0.124,-0.081,0.015,0.064,0.066,0.046,0.002,-0.063,0.013,0.041,0.087,0.02,0.039,0.048,0.06,0.04,-0.083,-0.06,0.022,0.033,0.046,0.009,0.0,0.084,0.05
GSM1594884,0.071,-0.023,-0.037,-0.07,-0.144,-0.062,0.065,0.061,-0.05,-0.013,-0.05,-0.022,0.045,-0.137,0.024,-0.006,-0.069,-0.041,-0.091,0.022,-0.053,0.055,0.049,0.064,0.035,-0.074,-0.051,0.012,0.054,-0.017,-0.072,-0.011,0.079,-0.052,0.014,0.069,0.088,0.052,0.061,0.043,-0.04,0.049,-0.023,0.038,-0.075,0.017,-0.019,0.035,0.067,-0.113,0.058,-0.048,0.017,-0.11,-0.064,0.023,0.017,0.191,0.007,0.058,0.043,0.038,-0.053,-0.11,0.058,-0.046,0.052,-0.066,-0.115,-0.024,0.041,-0.021,0.005,-0.077,-0.027,0.05,-0.013,0.002,-0.071,-0.064,-0.023,-0.044,0.089,0.008,0.028,0.044,-0.009,-0.021,-0.073,0.078,-0.078,0.062,-0.058,-0.056,0.021,-0.022,-0.068,0.015,0.07,0.071,-0.055,0.025,0.025,-0.025,-0.032,0.037,0.056,0.06,-0.04,-0.05,-0.012,-0.003,-0.018,0.072,-0.034,0.061,0.075,-0.045,-0.063,0.084,-0.015,0.057,-0.124,-0.081,0.015,0.064,0.066,0.046,0.002,-0.063,0.013,0.041,0.087,0.02,0.039,0.048,0.06,0.04,-0.083,-0.06,0.022,0.033,0.046,0.009,0.0,0.084,0.05
GSM1595079,0.071,-0.023,-0.037,-0.07,-0.144,-0.062,0.065,0.061,-0.05,-0.013,-0.05,-0.022,0.045,-0.138,0.024,-0.006,-0.069,-0.041,-0.091,0.022,-0.053,0.055,0.049,0.064,0.035,-0.074,-0.051,0.012,0.054,-0.017,-0.072,-0.011,0.079,-0.052,0.014,0.069,0.088,0.052,0.061,0.043,-0.04,0.049,-0.023,0.038,-0.075,0.017,-0.019,0.035,0.067,-0.113,0.058,-0.048,0.017,-0.11,-0.064,0.023,0.017,0.194,0.007,0.058,0.043,0.038,-0.053,-0.11,0.058,-0.046,0.052,-0.066,-0.116,-0.024,0.041,-0.021,0.005,-0.077,-0.027,0.05,-0.013,0.002,-0.071,-0.064,-0.023,-0.044,0.089,0.008,0.028,0.044,-0.009,-0.021,-0.073,0.078,-0.078,0.062,-0.058,-0.056,0.021,-0.022,-0.068,0.015,0.07,0.071,-0.055,0.025,0.025,-0.025,-0.032,0.037,0.056,0.06,-0.04,-0.05,-0.011,-0.003,-0.018,0.072,-0.034,0.061,0.075,-0.045,-0.063,0.084,-0.015,0.057,-0.124,-0.081,0.014,0.064,0.066,0.046,0.002,-0.062,0.013,0.041,0.087,0.02,0.039,0.048,0.06,0.04,-0.083,-0.06,0.022,0.033,0.046,0.009,0.0,0.084,0.05
GSM1595120,0.071,-0.023,-0.037,-0.07,-0.144,-0.062,0.065,0.061,-0.05,-0.013,-0.05,-0.022,0.045,-0.137,0.024,-0.006,-0.069,-0.041,-0.091,0.022,-0.053,0.055,0.049,0.064,0.035,-0.074,-0.051,0.012,0.054,-0.017,-0.072,-0.011,0.079,-0.052,0.014,0.069,0.088,0.052,0.061,0.044,-0.04,0.049,-0.023,0.038,-0.075,0.017,-0.019,0.035,0.067,-0.113,0.058,-0.048,0.017,-0.11,-0.064,0.023,0.017,0.201,0.007,0.058,0.043,0.038,-0.053,-0.11,0.058,-0.046,0.052,-0.066,-0.116,-0.024,0.041,-0.021,0.005,-0.077,-0.027,0.05,-0.013,0.002,-0.071,-0.064,-0.023,-0.044,0.089,0.008,0.028,0.044,-0.009,-0.021,-0.073,0.078,-0.078,0.062,-0.058,-0.055,0.021,-0.022,-0.068,0.015,0.07,0.071,-0.055,0.025,0.025,-0.025,-0.032,0.037,0.056,0.06,-0.039,-0.05,-0.012,-0.003,-0.018,0.072,-0.034,0.061,0.075,-0.045,-0.063,0.084,-0.015,0.057,-0.124,-0.081,0.014,0.064,0.066,0.046,0.002,-0.062,0.013,0.041,0.087,0.02,0.039,0.048,0.06,0.04,-0.083,-0.06,0.022,0.033,0.046,0.009,0.0,0.084,0.05
GSM1595145,0.071,-0.023,-0.037,-0.07,-0.144,-0.062,0.065,0.061,-0.05,-0.013,-0.05,-0.022,0.045,-0.137,0.024,-0.006,-0.069,-0.041,-0.091,0.022,-0.053,0.055,0.049,0.064,0.036,-0.074,-0.051,0.012,0.054,-0.017,-0.072,-0.011,0.079,-0.052,0.014,0.069,0.088,0.052,0.061,0.043,-0.04,0.049,-0.023,0.038,-0.075,0.017,-0.019,0.035,0.067,-0.112,0.058,-0.049,0.017,-0.11,-0.064,0.023,0.017,0.181,0.007,0.058,0.043,0.038,-0.053,-0.11,0.058,-0.046,0.052,-0.066,-0.115,-0.024,0.041,-0.021,0.005,-0.077,-0.027,0.05,-0.013,0.002,-0.071,-0.064,-0.023,-0.044,0.089,0.008,0.028,0.044,-0.009,-0.021,-0.073,0.078,-0.078,0.062,-0.058,-0.056,0.021,-0.022,-0.068,0.015,0.07,0.071,-0.055,0.025,0.025,-0.025,-0.032,0.037,0.056,0.06,-0.039,-0.05,-0.012,-0.003,-0.018,0.072,-0.034,0.061,0.075,-0.045,-0.063,0.084,-0.015,0.057,-0.124,-0.081,0.015,0.064,0.066,0.046,0.002,-0.063,0.013,0.041,0.087,0.02,0.039,0.048,0.06,0.04,-0.083,-0.06,0.022,0.033,0.046,0.009,-0.0,0.084,0.05
GSM1595153,0.071,-0.023,-0.037,-0.07,-0.144,-0.062,0.065,0.061,-0.05,-0.013,-0.05,-0.022,0.045,-0.138,0.024,-0.006,-0.069,-0.041,-0.09,0.022,-0.053,0.055,0.049,0.064,0.035,-0.074,-0.051,0.012,0.054,-0.017,-0.072,-0.011,0.079,-0.052,0.014,0.069,0.088,0.052,0.061,0.043,-0.04,0.049,-0.023,0.038,-0.075,0.017,-0.019,0.035,0.067,-0.112,0.058,-0.048,0.017,-0.11,-0.064,0.023,0.017,0.186,0.007,0.058,0.043,0.038,-0.053,-0.11,0.058,-0.046,0.052,-0.066,-0.115,-0.024,0.041,-0.021,0.005,-0.077,-0.027,0.05,-0.013,0.002,-0.071,-0.064,-0.023,-0.044,0.089,0.008,0.028,0.044,-0.009,-0.021,-0.073,0.078,-0.078,0.062,-0.058,-0.056,0.021,-0.022,-0.068,0.015,0.07,0.071,-0.055,0.025,0.025,-0.025,-0.032,0.037,0.056,0.06,-0.04,-0.05,-0.011,-0.003,-0.018,0.072,-0.034,0.061,0.075,-0.045,-0.063,0.084,-0.015,0.057,-0.124,-0.081,0.015,0.064,0.066,0.046,0.002,-0.063,0.013,0.041,0.087,0.02,0.039,0.048,0.06,0.04,-0.083,-0.06,0.022,0.033,0.046,0.009,0.0,0.084,0.05
GSM1595198,0.071,-0.023,-0.037,-0.07,-0.144,-0.062,0.065,0.061,-0.05,-0.013,-0.05,-0.022,0.045,-0.136,0.024,-0.006,-0.069,-0.041,-0.091,0.022,-0.053,0.055,0.049,0.064,0.035,-0.074,-0.051,0.012,0.054,-0.017,-0.072,-0.011,0.079,-0.052,0.014,0.069,0.088,0.052,0.061,0.043,-0.04,0.049,-0.023,0.038,-0.075,0.017,-0.019,0.035,0.067,-0.112,0.058,-0.049,0.017,-0.11,-0.064,0.023,0.017,0.182,0.007,0.058,0.043,0.038,-0.053,-0.11,0.058,-0.046,0.052,-0.066,-0.115,-0.024,0.041,-0.021,0.005,-0.077,-0.027,0.05,-0.013,0.002,-0.071,-0.064,-0.023,-0.044,0.089,0.008,0.028,0.044,-0.009,-0.021,-0.073,0.078,-0.078,0.062,-0.058,-0.056,0.021,-0.022,-0.068,0.015,0.07,0.071,-0.055,0.025,0.025,-0.025,-0.032,0.037,0.056,0.06,-0.04,-0.05,-0.011,-0.003,-0.018,0.072,-0.034,0.061,0.075,-0.045,-0.063,0.084,-0.015,0.057,-0.124,-0.081,0.015,0.064,0.066,0.046,0.002,-0.063,0.013,0.041,0.087,0.02,0.039,0.048,0.06,0.04,-0.083,-0.06,0.022,0.033,0.046,0.009,0.0,0.084,0.05
