ind,Cellular responses to external stimuli,Signal Transduction,Cell Cycle,Metabolism of RNA,Metabolism of proteins,Transport of small molecules,Disease,DNA Repair,Programmed Cell Death,Mitophagy,Digestion and absorption,Vesicle-mediated transport,Neuronal System,Metabolism,Developmental Biology,Reproduction,Muscle contraction,Organelle biogenesis and maintenance,Immune System,Extracellular matrix organization,Hemostasis,Chromatin organization,Circadian Clock,DNA Replication,Gene expression (Transcription),Cell-Cell communication
00-029N9_LN,-0.0,-8.9057205e-05,5.5584977e-08,-1.1402765e-08,5.745159e-07,-0.0,6.560119e-05,1.0479242e-09,5.7746297e-11,0.0,-0.0,-3.9991314e-06,3.526071e-07,5.9463473e-06,-3.0620926e-09,1.6789055e-10,-0.0,1.7029604e-06,5.078983e-07,-3.7897134e-05,-1.4035104e-06,3.0598873e-10,0.0,0.0,-2.1229346e-06,-0.0
04-149E2_LN,-1.7694629e-06,-0.00012405742,-3.020392e-05,2.9978012e-06,-0.00017314742,-6.3927246e-07,4.170886e-06,2.7905566e-07,-4.9046367e-10,0.0,-0.0,1.5999494e-05,-6.9790474e-07,1.1014404e-06,-7.428358e-05,-3.3552125e-10,1.4047198e-07,-1.2349983e-07,-1.7263068e-07,-1.7611425e-09,1.182682e-10,4.3235465e-05,0.0,0.0,-0.0003123559,-6.396683e-09
05-011G4_LUNG,-4.441379e-08,3.217351e-07,3.1203092e-06,-6.122674e-11,-2.6342178e-07,-1.6908758e-07,-9.741777e-08,1.046583e-09,5.7672398e-11,0.0,-0.0,5.120217e-07,1.0962618e-10,-2.262859e-06,-0.0,0.0,2.7475708e-10,-1.4087132e-06,-5.6730335e-07,-1.354039e-10,-4.308693e-07,1.2993992e-06,0.0,3.420175e-05,-2.2908164e-06,-0.0
05-214BB2_BONE,1.0246031e-06,-2.070917e-06,-2.122344e-06,-6.2101886e-11,-2.8173872e-07,-0.0,-1.0428829e-06,-5.307712e-10,1.1406864e-09,0.0,-0.0,-0.0,-6.671588e-10,-0.0,-0.0,0.0,-0.0,-0.0,1.0415267e-06,-1.373393e-10,1.1989794e-10,-2.1930039e-07,0.0,0.0,4.5973582e-07,-0.0
08-006H1_LN,-0.0,4.3164996e-06,-0.00034595747,-5.7863595e-05,2.2987968e-05,-7.4398876e-11,-1.530272e-07,-1.450336e-07,5.770496e-11,0.0,-0.0,2.792678e-06,-3.6562694e-11,8.639328e-07,0.00011151081,1.1184691e-10,-3.6838234e-08,5.24603e-07,5.473223e-06,-1.151583e-08,1.1827506e-10,3.057697e-10,0.0,0.0,-3.8824737e-07,-0.0
10363,-7.5925266e-07,1.4779673e-06,-1.985367e-06,3.2304376e-06,1.3259552e-06,1.42157415e-08,1.4146657e-06,-0.000111684436,1.1256867e-09,0.0,-0.0,-6.4565575e-09,-0.0,-7.159751e-07,-6.1987215e-08,0.0,-0.0,-0.0,5.0523397e-07,-2.3361472e-05,1.183213e-10,-1.3306182e-08,0.0,8.926895e-06,2.6356454e-06,-0.0
12688,9.900269e-07,-1.8709375e-06,-0.00018274122,-5.8199046e-10,-2.7780058e-07,-0.0,-4.1550243e-06,3.0577905e-07,1.1252624e-09,0.0,-0.0,8.72179e-10,3.6471795e-07,-0.0,-3.4424364e-08,7.1135624e-08,-0.0,9.655405e-10,0.00021568305,-1.3548224e-10,1.1827671e-10,0.0,0.0,0.00021371774,0.0005132021,-0.0
20630,8.160757e-08,-2.8232567e-05,0.00010840311,1.7330551e-08,1.2047122e-06,-9.742656e-09,-1.5170859e-06,5.0245802e-08,5.7683663e-11,0.0,-0.0,-4.5074384e-07,-0.0,3.7152742e-05,1.1088047e-08,1.1180563e-10,-0.0,-1.3673252e-08,-6.4315354e-05,-1.5128518e-05,1.1823141e-10,-2.6897803e-08,0.0,0.0,0.000106068954,-0.0
21011,1.0038968e-06,-6.508515e-05,-0.0003091336,-2.094934e-08,-1.82095e-08,1.2646586e-09,-3.0299487e-09,1.0470728e-09,1.1251379e-09,0.0,-0.0,-0.0,-3.1075284e-10,3.7367185e-09,-4.406634e-05,0.0,-0.0,6.114413e-09,-1.7061247e-06,-1.3546725e-10,1.1826362e-10,3.0574013e-10,0.0,0.0,2.117863e-06,-4.920335e-10
21020,-0.0,0.0,-0.0,-6.125743e-11,0.0,-0.0,-5.050083e-10,1.0471077e-09,5.770131e-11,0.0,-0.0,3.994271e-07,-0.0,-0.0,-0.0,0.0,-0.0,-0.0,-0.0,-1.3547177e-10,1.1826758e-10,0.0,0.0,0.0,5.946056e-07,-0.0
2746,-3.4944899e-06,-5.6674827e-07,-2.3444436e-05,-4.058761e-08,0.0010172067,-1.3690067e-07,2.2238019e-06,-8.691972e-08,-1.7712256e-06,0.0,-0.0,3.9075e-07,-1.8415707e-07,1.0577793e-06,-2.3478244e-06,1.6777862e-10,6.8731437e-10,-1.6656161e-08,-1.4207201e-05,-6.05627e-08,1.1828089e-10,8.613957e-07,0.0,0.0,-9.02608e-07,-0.0
AAPC-IP_LG-037-Tumor-SM-3NC6D,2.496582e-10,4.2165862e-05,-1.8615266e-07,-6.126171e-11,-2.623296e-07,-5.9519495e-10,-0.0002946192,1.0471809e-09,5.7705344e-11,0.0,-0.0,6.4331454e-07,2.4186383e-08,-2.3757309e-08,-9.6398224e-05,0.0,-0.0,-0.0,1.0673027e-05,-1.3548125e-10,5.4619784e-07,0.0,0.0,0.0,5.0762566e-08,-0.0
AAPC-IP_LG-061-Tumor-SM-3NC6X,-0.0,2.2469028e-05,9.3822644e-11,4.900712e-10,-1.7467471e-05,2.3062747e-09,7.006654e-06,0.00015257513,5.7702697e-11,8.4775784e-05,-0.0,0.00018266904,-0.0,4.4487303e-11,4.004488e-06,1.1184252e-10,-9.896451e-09,3.8543935e-06,-1.245778e-06,-1.8803935e-07,-8.405479e-07,-2.7212435e-08,0.0,0.0,1.62879e-07,-0.0
AAPC-IP_LG-067-Tumor-SM-3NC6Z,7.487674e-09,-0.000904089,-1.6145166e-05,2.0884462e-08,-2.0321277e-06,2.2313635e-09,-0.00011366548,-3.1406735e-09,1.0672534e-09,0.0,-0.0,-2.4414073e-09,-0.0,-4.3310843e-06,-1.529537e-09,1.11816695e-10,-0.0,-0.0,-0.0010712809,-1.3544375e-10,-4.4222922e-08,-2.748708e-05,0.0,1.6770202e-05,0.0005153149,-0.0
AAPC-STID0000008820-Tumor-SM-2XU16,-2.4967098e-10,-4.55361e-07,1.0321493e-09,4.411069e-09,1.3622211e-05,2.6703302e-07,1.8253211e-06,2.7856439e-07,5.7708296e-11,0.0,-0.0,4.8844164e-09,5.484721e-11,2.7552326e-06,-2.541662e-05,0.0,-6.873202e-10,-0.0,3.537169e-08,5.988984e-06,1.6654091e-07,-1.4720909e-05,0.0,0.0,-3.511164e-06,-0.0
AAPC-STID0000008920-Tumor-SM-2XU17,-0.0,-1.3258067e-06,9.121261e-08,7.37082e-08,-1.1815234e-05,3.2591505e-08,1.2823345e-05,0.00035153358,5.7713456e-11,0.0,-1.0811652e-06,-2.417479e-06,-3.876216e-09,-1.050096e-08,0.0014985239,1.6779506e-10,-8.441047e-07,-4.1025327e-05,4.886727e-07,2.1693597e-06,-2.3007885e-07,-1.1753988e-06,0.0,-1.3467189e-08,-4.861338e-05,-0.0
AAPC-STID0000009880-Tumor-SM-2XU19,-3.4596226e-06,-0.0010960557,8.48413e-05,6.298988e-07,0.0010656745,3.3502158e-05,1.8753346e-05,0.00015594979,5.0338596e-08,0.0,-0.0,1.8254334e-05,-0.0,1.9613812e-05,-6.025208e-05,-7.827887e-10,-3.7656253e-07,0.0001217869,-0.0012885807,5.415673e-05,1.5880324e-06,-7.898304e-06,-0.000103232094,7.478935e-06,-1.992759e-06,-0.0
AAPC-STID0000013388-Tumor-SM-2XU1Q,-0.0,0.0,-0.0,-6.121797e-11,1.3089986e-07,-0.0,-5.04683e-10,1.05166535e-07,5.7664137e-11,0.0,-0.0,-0.0,-0.0,-0.0,-3.7751574e-06,0.0,-0.0,-0.0,2.8262562e-07,6.6482324e-05,1.7487598e-06,0.0,0.0,0.0,0.0,-0.0
AAPC-STID0000020508-Tumor-SM-2XU22,-0.0,-8.716305e-05,-1.0391803e-05,6.234704e-05,1.802221e-05,-2.3058337e-09,7.811577e-05,-3.121273e-05,7.499917e-10,0.0,-5.104675e-07,9.809843e-05,-4.1489097e-09,-1.4425765e-05,-1.9999493e-07,-3.91374e-10,3.1415225e-06,1.1519301e-07,-0.0011422517,-6.772457e-10,-4.000915e-06,3.703241e-06,0.0,0.0,-0.000362322,4.270812e-07
AAPC-STID0000021563-Tumor-SM-2XTYU,-1.0484041e-08,-1.4533088e-06,0.00010842726,-1.2610633e-06,-9.991164e-08,2.3060276e-09,-5.049664e-10,-3.1410625e-09,5.7696518e-11,0.0,-0.0,-1.3254995e-08,-1.8278672e-11,2.643762e-05,1.8402609e-06,1.11830545e-10,-0.0,-0.0,-0.0010738021,-5.824803e-09,1.0288424e-08,-2.6903798e-08,0.0,0.0,-3.4185312e-05,-0.0
AAPC-STID0000021598-Tumor-SM-2XTZN,-1.0754881e-08,-2.9828734e-06,-7.2056565e-07,-6.1373434e-11,3.741215e-07,6.260944e-09,-6.623078e-07,-0.00011538896,7.48647e-09,0.0,-4.0221715e-11,2.8447982e-06,-1.8314808e-11,7.00024e-07,1.8304876e-06,-2.9077398e-08,1.4046185e-08,1.7101762e-06,5.154452e-07,-9.761175e-06,1.1849155e-10,-1.4691864e-05,0.0,8.93974e-06,0.00011390042,3.19772e-10
AAPC-STID0000021602-Tumor-SM-2XTZR,2.497047e-10,-6.5953005e-05,0.00010842781,4.4116644e-09,-1.2765769e-06,2.6706905e-07,8.464592e-06,-0.00010962307,5.7716085e-11,0.0,-0.0,-4.726311e-07,5.4854614e-11,3.6820915e-05,-2.4923105e-05,0.0,-6.8741296e-10,-0.0,-4.940869e-07,-9.746303e-06,-7.4421183e-07,-1.7437584e-05,0.0,8.925127e-06,-1.0494742e-05,-0.0
MO_1130,1.9681024e-06,-1.9261777e-06,-8.4492217e-07,-3.4006024e-07,2.1031796e-07,1.3972807e-06,1.6685113e-05,8.145299e-06,6.051912e-10,0.0,-0.0,7.9849013e-07,-7.486558e-10,1.6225671e-05,3.170922e-07,-3.0721812e-09,-0.0,-0.0,5.2663893e-08,-1.3532138e-10,1.1813628e-10,0.0,0.0,-4.1745852e-06,-1.418616e-05,-0.0
MO_1241,-3.5961147e-08,6.2504546e-07,-1.0217626e-05,-6.127937e-11,1.9768775e-05,-0.0,1.7429028e-07,6.288249e-05,5.772198e-11,0.0,-0.0,-0.00019998386,-0.0,-0.0,4.044086e-07,0.0,3.1811223e-06,1.16782736e-07,-0.0,-1.5855875e-08,-9.346485e-09,0.0,0.0,-2.7109152e-06,-3.2675964e-06,-4.022952e-08
MO_1244,1.0103339e-06,-2.6954428e-06,-0.00030974954,5.97061e-09,-5.8209163e-05,-0.0,-8.1228774e-07,3.2618053e-05,1.1248007e-09,0.0,-0.0,-0.0,-0.0,2.4459277e-09,-6.4997114e-09,0.0,-0.0,-0.0,7.687549e-07,-1.3542664e-10,1.1822818e-10,0.0,0.0,0.0,0.00055036676,-0.0
MO_1316,-3.59574e-08,6.2498026e-07,-0.0,1.6849763e-06,-5.519278e-07,-0.0,-0.0002552859,0.00011877635,5.7715957e-11,0.0,-0.0,-1.081693e-08,-1.2212804e-06,-0.0,9.908316e-07,0.0,-0.0,-0.0,-0.0,-1.3550618e-10,1.1829761e-10,1.02452375e-08,0.0,0.0,-9.726446e-06,-0.0
MO_1447,-3.2461454e-08,6.817776e-05,1.4778429e-05,-6.8653134e-07,-3.1007391e-06,-1.3892881e-07,-6.7374935e-06,1.9648678e-06,0.0,0.0,-0.0,-0.0,-6.1436864e-09,2.1754206e-05,0.0017074203,-3.356038e-10,-4.506933e-06,-1.6457282e-07,4.9526816e-06,-5.081468e-08,0.0,-7.74859e-06,0.0,0.0,0.00011657533,-0.0
P02-2035,-0.0,-1.2239404e-09,-0.0,-6.125742e-11,0.0,-0.0,-5.0500826e-10,1.0471076e-09,5.7701302e-11,0.0,-0.0,-0.0,-0.0,-0.0,-2.5701536e-07,0.0,-0.0,-0.0,-0.0,-1.3547176e-10,1.1826756e-10,0.0,0.0,0.0,0.0,-0.0
P04-1243,1.00979e-06,-1.623977e-06,-2.0916607e-06,-6.120406e-11,7.3020993e-07,-0.0,5.5502523e-09,1.0461955e-09,1.1241953e-09,0.0,-0.0,-0.0,-0.0,9.548207e-07,-1.1463905e-08,0.0,-0.0,-0.0,7.155333e-07,-1.3535376e-10,-2.9017667e-06,0.0,0.0,0.0,1.0280613e-05,-0.0
P06-1696,-0.0,-4.5285798e-08,-0.0,-6.125743e-11,0.0,-0.0,-5.050083e-10,1.0471077e-09,5.770131e-11,0.0,-0.0,-0.0,-0.0,-0.0,-1.5298535e-09,0.0,2.1881627e-07,-0.0,-0.0,-1.3547177e-10,1.1826758e-10,0.0,0.0,0.0,0.0,-0.0
P07-5036,1.0106705e-06,-2.0188897e-06,-2.0934845e-06,-6.125742e-11,-1.4996559e-08,-0.0,-5.0500826e-10,1.0471076e-09,1.1251754e-09,0.0,-0.0,-0.0,-0.0,1.3345868e-09,-0.0,0.0,-0.0,-0.0,7.6901097e-07,-1.3547176e-10,1.1826756e-10,0.0,0.0,0.0,2.6227347e-06,-0.0
PM124,-0.0,5.409357e-07,-9.005991e-09,1.6394156e-07,-4.0367306e-07,-1.3895648e-07,1.6564883e-05,1.0470186e-09,1.5029624e-06,0.0,1.9870425e-09,-2.174251e-05,-0.0,-8.655839e-06,0.00012776555,0.0,-1.1682035e-08,-0.0,-7.0439575e-07,-9.741082e-06,9.697116e-09,-7.7459845e-06,0.0,0.0,8.538892e-05,-0.0
PM139,-1.633823e-05,-4.528458e-05,-1.9607404e-08,1.9408064e-06,0.00036591935,1.9095954e-07,5.5517626e-06,3.6358858e-06,1.1251149e-09,8.4769184e-05,-0.0,-4.05824e-06,2.8808026e-08,-3.1299273e-06,2.0131405e-05,1.677507e-10,-3.2806926e-07,8.913989e-08,-7.3103525e-05,3.052692e-06,-6.740889e-08,4.1402483e-05,-4.1621257e-05,3.171587e-07,-0.00011550289,-0.0
PM161,1.0125959e-06,-2.0268392e-06,-2.0944858e-06,-6.127574e-11,1.687313e-05,-0.0,-5.051593e-10,1.0474207e-09,1.1255118e-09,0.0,-0.0,-4.1873873e-09,9.446552e-07,-0.0,-2.570922e-07,0.0,-0.0,8.047954e-11,7.6569e-07,2.1424489e-07,1.1830292e-10,0.0,0.0,0.0,-1.9058174e-05,-0.0
PR-02-1899,-1.1752646e-06,4.7107706e-06,-2.7204547e-07,1.0024678e-05,-0.0001039909,4.4783613e-07,2.6714444e-05,-1.0638215e-05,1.1210944e-07,0.0,1.9871371e-09,-2.1743544e-05,5.6300873e-08,-1.1864434e-05,-5.7367355e-09,0.0,-0.0,-2.4135743e-10,-1.4014304e-05,-9.735585e-06,4.257473e-09,0.0,0.0,1.665631e-09,-3.406081e-05,-0.0
PR-03-1026,-0.0,2.7019566e-06,-0.0,-3.032769e-10,2.0839752e-07,-0.0,-5.00045e-10,1.0368165e-09,5.713421e-11,0.0,-0.0,-0.0,-0.0,2.7779952e-06,-0.0,0.0,-2.6538828e-08,-0.0,1.0414815e-08,-9.389823e-10,1.1710523e-10,0.0,0.0,0.0,-4.7885214e-07,-0.0
PR-2916,2.4967275e-10,4.576533e-05,1.6692786e-07,1.3202667e-08,-0.00015970207,-2.388359e-08,1.0216112e-05,-0.00053538516,5.7708702e-11,0.0,-0.0,0.0010167742,-4.022157e-09,2.4917708e-05,-7.629745e-05,0.0,-8.4142334e-07,8.04658e-10,-5.78969e-07,-2.494084e-05,-2.2225325e-07,-1.4721932e-05,0.0,2.7765115e-10,-0.00020922424,-0.0
PR-3048,1.997143e-09,4.385783e-05,2.6504483e-09,-6.5175695e-06,-0.0001031922,2.6700292e-07,-0.00014720713,2.5759067e-07,5.7701795e-11,0.0,-0.0,8.529324e-08,-4.076517e-09,2.5338728e-05,-2.5001078e-05,0.0,-1.9242798e-09,-0.0,-3.702828e-06,-2.4874997e-05,1.5150205e-07,-1.7740549e-05,0.0,0.0,-0.0002432281,-0.0
PRAD-01115249-SM-6VZ7K,-2.8208147e-08,-4.3299864e-05,-0.00034590808,-1.5638324e-07,-1.9804174e-05,-2.2986773e-08,-2.3683836e-07,0.00015256832,7.471987e-09,-7.401202e-05,-0.0,-2.0966374e-06,3.4730813e-10,1.21442e-07,-3.2953107e-05,0.0,1.2094833e-08,8.045191e-11,-2.3102173e-06,-1.205645e-08,-6.0538474e-07,3.0573674e-10,0.0,0.0,-3.52118e-06,-2.1276889e-10
PRAD-6115381.0-SM-7LGU3,-0.0,4.8964606e-09,-0.00030709425,3.0633086e-11,-2.5893755e-06,-0.0,-5.677104e-07,1.0472572e-09,-5.7767252e-08,0.0,-0.0,-0.0,-0.0,3.9723423e-06,-4.651189e-05,0.0,-0.0,3.218679e-10,1.6700007e-08,-6.2461396e-08,1.1828445e-10,0.0,0.0,0.0,1.3205921e-05,-0.0
PRAD-6115398.0-SM-7LGUK,9.784219e-07,-0.000237832,9.4368894e-05,-3.7374845e-09,1.4781131e-06,-5.952778e-10,-5.809821e-06,-2.5033729e-05,1.0676975e-09,0.0,-0.0,6.4340406e-07,-0.0,3.777667e-05,0.001680728,0.0,-0.0,-0.0,5.228239e-06,-3.3468528e-08,0.0,3.706301e-05,0.0,0.0,2.919756e-05,-4.921529e-10
PRAD-6115402.0-SM-7LGUP,-0.0,0.0,-0.0,-6.132401e-11,0.0,-0.0,-0.0,1.4151318e-08,5.7764026e-11,0.0,-0.0,-0.0,-7.759225e-09,-3.9635784e-09,2.634591e-06,0.0,-0.0,-0.0,-3.97459e-05,1.7223616e-08,1.1839613e-10,3.519951e-09,0.0,0.0,-7.0916506e-08,-0.0
PROS10448-1115150-SM-5EEBK,-0.0,0.0,-0.0,-6.125742e-11,-8.569462e-11,-0.0,-5.0500826e-10,1.0471076e-09,5.7701302e-11,0.0,-0.0,-5.232669e-10,-0.0,-0.0,-0.0,0.0,-0.0,-0.0,-1.1832961e-09,-1.3547176e-10,1.1826756e-10,0.0,0.0,0.0,0.0,-0.0
PROS10448-SUTC.01115090-SM-4JC6W,-0.0,2.994716e-05,-7.3167405e-09,1.3076227e-08,-4.5588313e-05,-1.9339181e-08,4.7542457e-05,5.988433e-07,-5.0047337e-08,0.0,-0.0,6.330449e-07,-3.907637e-08,-3.6496056e-06,0.00012315054,-3.354622e-10,-1.0306795e-08,-0.0,4.927719e-06,1.8691912e-07,-4.422452e-08,-6.62188e-06,0.0,0.0,-2.1351952e-05,-0.0
PROS11496-6115288-SM-6CNQ1,1.0112713e-06,-2.2671666e-05,-1.947132e-06,-5.5164446e-09,-7.896308e-07,1.1546881e-06,5.082898e-06,-2.09546e-07,1.1258442e-09,0.0,-0.0,-0.0,-5.4141516e-08,3.208342e-05,2.883957e-06,-3.357189e-10,9.7069955e-05,-2.497615e-06,7.782823e-07,-2.3160057e-05,1.5667933e-07,4.0796039e-07,0.0,2.1764106e-07,-0.00016985633,-0.0
PROS12319B-SU2C-06115116-SM-4W2NB,1.9392726e-06,2.3152701e-07,-8.1748806e-07,-1.8344765e-10,-2.7737397e-07,-4.995878e-06,-3.2671774e-06,-0.00010329501,2.8742091e-08,-7.388457e-05,-0.0,1.181365e-06,-1.8247898e-11,8.354944e-06,9.926482e-08,-3.0701623e-09,-1.0976367e-08,-0.0,-2.3029577e-06,-1.1021446e-07,2.7389609e-08,-1.3651444e-05,0.0,4.7357917e-06,0.0002011022,-0.0
PROS12319B-SU2C-06115121-SM-4W2NG,8.774268e-07,-9.586589e-05,-0.00034535362,3.871203e-08,3.0374815e-05,-1.3955386e-07,1.25637425e-05,3.40496e-05,1.5114683e-06,8.476792e-05,-0.0,-0.0001515507,1.4623146e-10,-1.7537046e-06,0.00012934137,2.2422343e-08,2.473883e-09,0.00012340654,1.4358968e-06,-4.0638737e-10,-5.4517603e-08,-5.997247e-05,0.0,0.0,-0.00037491266,-2.1276374e-10
SC_9016,1.0108329e-06,4.513393e-06,-2.1128692e-06,3.063363e-11,5.171215e-07,-2.2321832e-10,-5.8590366e-08,1.0472758e-09,1.1253561e-09,0.0,-0.0,-1.9275014e-06,-0.0,-5.4742424e-05,1.1919471e-06,0.0,-0.0,-0.0,1.1941376e-06,-1.3549352e-10,1.1828656e-10,-2.8285069e-05,0.0,-1.41606655e-08,-4.2610387e-05,-0.0
SC_9018,1.0133679e-06,-0.00020528326,-2.2797713e-06,-6.126957e-11,-9.171142e-09,-5.9527133e-10,3.2377451e-07,-1.5709729e-09,-3.0818605e-08,0.0,-0.0,6.43397e-07,-0.0,3.30798e-05,2.1885066e-06,-3.35586e-10,-0.0,-0.0,9.581339e-07,-1.3549863e-10,9.463281e-10,0.0,0.0,0.0,2.6305077e-06,-0.0
SC_9027,-0.0,8.2159454e-07,-1.8771629e-10,-5.440623e-07,-2.6490296e-08,1.2507343e-05,-5.0521154e-10,1.0475291e-09,5.772453e-11,0.0,-0.0,-8.625165e-07,7.315018e-11,6.1976016e-06,-9.3080074e-05,0.0,-2.1312921e-08,7.1858763e-06,-8.878293e-08,-6.247762e-08,-1.4030995e-06,3.5175438e-09,0.0,-5.70313e-07,0.0,-0.0
SC_9028,1.0092698e-06,-7.951237e-05,-2.093686e-06,-4.2271693e-09,-2.2282746e-08,-0.0,-1.2168335e-05,1.0472084e-09,5.9515964e-06,0.0,-0.0,-4.5284386e-07,-0.0,-2.3935893e-08,-3.9168015e-07,0.0,-0.0,-3.218529e-10,-7.44712e-05,-1.354848e-10,1.5376263e-07,1.07940245e-07,0.0,0.0,-3.5434314e-05,-8.293834e-08
SC_9063,4.8306066e-07,1.773514e-06,-9.931765e-07,-6.119492e-11,-1.3795596e-07,-0.0,-1.2561874e-07,1.0460391e-09,5.1878185e-10,0.0,-0.0,-1.1850357e-06,-7.487229e-10,7.912691e-06,2.2343633e-05,0.0,-2.6912199e-08,-0.0,8.0276953e-07,-1.3533352e-10,1.1814688e-10,0.0,0.0,-1.4143946e-08,7.6562327e-07,-0.0
SC_9088,1.010175e-06,-2.019123e-06,-2.0924579e-06,-6.1227384e-11,-1.4989206e-08,-0.0,-5.047607e-10,1.0465941e-09,1.1246236e-09,0.0,-0.0,-1.3946942e-08,-0.0,-0.0,-2.6759306e-09,0.0,-0.0,-0.0,7.686339e-07,-1.3916961e-05,1.1820957e-10,0.0,0.0,0.0,2.5779623e-06,-0.0
SC_9127,-0.0,2.7028153e-05,1.4761297e-05,-6.119479e-11,-7.905807e-08,-0.0,-5.0449195e-10,1.046037e-09,5.764231e-11,0.0,-0.0,6.833849e-07,-0.0,-1.143016e-07,3.6973138e-06,0.0,-4.5011934e-06,-1.642025e-07,-1.2346234e-07,-2.2235254e-07,-6.0526526e-07,0.0,0.0,0.0,-1.2231002e-06,-0.0
SC_9141,1.0468773e-06,3.7697686e-07,-1.5007167e-06,7.289695e-09,9.401338e-06,-1.3896948e-07,6.489412e-07,-4.9214474e-08,1.5042281e-06,0.0,-0.0,-1.2508803e-05,-0.0,-3.5188018e-06,0.0004929119,0.0,-1.1683128e-08,-0.0,1.4353504e-06,-1.3547292e-10,1.6510293e-07,-7.867176e-06,0.0,0.0,8.920163e-05,-0.0
SC_9150,-0.0,0.0003080562,8.365554e-05,-1.2681982e-08,0.0010403107,2.390604e-07,1.8197882e-06,5.236238e-09,-4.567669e-08,0.0,-1.0810821e-06,-1.5363427e-06,-5.175265e-07,3.6006986e-05,-5.3169515e-08,0.0,-3.55349e-07,1.7925465e-06,5.1901047e-06,-2.0324835e-06,-4.3114292e-07,1.9500916e-05,0.0,0.0,-0.00010758946,-0.0
SC_9151,1.0093061e-06,-7.402207e-05,-2.6058487e-05,-1.0261974e-08,0.0010284312,1.9300394e-06,1.3318829e-06,1.047246e-09,1.1253241e-09,0.0,-0.0,0.000116602765,2.721914e-07,-3.3380384e-05,1.1812794e-05,0.0,-3.6758289e-07,-2.3817972e-08,-1.7169265e-06,2.5637895e-05,5.830178e-07,1.2231629e-09,0.0,0.0,-1.893115e-05,-4.9211496e-10
TCGA-2A-A8VT,-2.5247664e-06,-2.0671418e-06,-2.1409235e-06,-6.2645535e-11,-1.5336385e-08,-0.0,-5.1645194e-10,1.0708354e-09,1.1506722e-09,0.0,-0.0,-0.0,-0.0,-1.3648291e-09,1.5645204e-09,0.0,-0.0,-0.0,7.3251994e-07,-1.385416e-10,1.2094754e-10,0.0,0.0,0.0,2.6821667e-06,-0.0
TCGA-2A-A8VX,-0.0,-3.6475e-07,-0.0,-6.115746e-11,0.0,-0.0,-5.041842e-10,1.0453989e-09,5.7607145e-11,0.0,-0.0,-3.5625085e-06,-0.0,-4.5999957e-05,3.8183923e-10,0.0,-0.0,-0.0,-0.0,-1.352507e-10,1.1807458e-10,-1.6414435e-05,0.0,0.0,8.855022e-05,-0.0
TCGA-EJ-5508,-0.0,0.0,5.2194235e-08,-6.107309e-11,3.9984397e-07,-0.0,-5.0348864e-10,-0.00011129779,5.752767e-11,0.0,-0.0,0.00011636869,-0.0,-2.6997282e-07,1.9828247e-08,0.0,-0.0,-0.0,-1.3108171e-10,-1.350641e-10,1.1791168e-10,6.0783157e-07,0.0,8.8959905e-06,-6.250152e-06,-0.0
TCGA-EJ-5511,-0.0,-6.3138934e-05,1.4605043e-05,-6.132174e-11,4.3750145e-08,-5.9577815e-10,3.5792127e-07,1.048207e-09,5.7761886e-11,0.0,-0.0,6.439449e-07,-0.0,-4.9787822e-08,-2.46565e-07,0.0,-4.510531e-06,-1.6454314e-07,-2.2812894e-06,-1.3561399e-10,1.1839174e-10,0.0,0.0,0.0,1.7868062e-07,-4.9256654e-10
TCGA-EJ-5519,-1.938249e-05,-5.322018e-07,5.7507725e-07,-1.8369901e-10,-2.055851e-09,8.673802e-06,5.04807e-10,1.0466902e-09,5.7678303e-11,0.0,-0.0,-2.0805517e-06,3.65458e-11,9.994116e-06,8.467421e-06,0.0,-0.0,-3.120195e-05,6.3083974e-09,3.9317463e-05,-9.457634e-10,5.293026e-05,0.0,0.0,-1.672707e-09,-0.0
TCGA-EJ-5521,1.0105964e-06,-2.2965557e-06,-2.0937061e-06,-6.125293e-11,-1.4995459e-08,-0.0,1.9562588e-06,1.2323554e-06,1.1250929e-09,0.0,-0.0,1.7440951e-10,6.7253364e-07,-0.0,-2.1033943e-08,0.0,-0.0,-0.0,1.3666069e-06,-1.3546184e-10,1.1825889e-10,5.8235055e-06,0.0,0.0,0.00014314274,-0.0
TCGA-EJ-7781,1.0090334e-06,-6.5086286e-05,-2.0931955e-06,-6.1248964e-11,7.1266663e-06,-0.0,8.583956e-09,1.0469631e-09,1.1250201e-09,0.0,-0.0,-0.0,-0.0,-0.0,-2.5086132e-07,0.0,-0.0,-0.0,-1.512701e-06,-1.3545307e-10,1.1825124e-10,1.0241222e-08,0.0,0.0,-4.8889237e-06,-4.91982e-10
TCGA-EJ-7784,-0.0,-8.9771225e-07,3.494622e-09,6.9950393e-06,-2.658846e-05,-0.0,2.4862245e-05,-1.07432725e-05,5.7698214e-11,0.0,1.987105e-09,-2.2445205e-05,-4.752594e-10,-1.0937866e-05,-4.4161057e-05,0.0,-0.0,3.555942e-08,-7.1033406e-07,2.6511757e-06,1.6722139e-07,8.58241e-06,0.0,-1.3602433e-08,6.2681233e-06,-0.0
TCGA-EJ-A65B,-0.0,0.0,-1.3417877e-08,-6.1264556e-11,-8.57046e-11,-0.0,1.3066086e-06,3.7176648e-08,5.7708022e-11,0.0,-0.0,-0.0,7.9180715e-08,-0.0,-0.0,-3.3555853e-10,-0.0,-0.0,-1.0519413e-09,-1.3548754e-10,1.1828134e-10,0.0,0.0,0.0,-0.00016232334,-4.0219792e-08
TCGA-EJ-A7NM,-1.9392646e-05,3.5654175e-05,-2.3792003e-05,2.676825e-06,0.0010608807,9.143964e-06,-2.3233291e-05,1.0472387e-09,1.1253163e-09,8.4784355e-05,-0.0,-3.2050625e-06,-1.0969486e-10,6.402726e-06,-0.00010271841,2.2370765e-10,-3.9342368e-07,0.00012129016,-8.53124e-05,3.2819435e-06,-4.849577e-08,-3.8907016e-05,0.0,0.0,-5.4986143e-05,-0.0
TCGA-G9-6356,-0.0,7.955612e-08,-0.0,-6.125742e-11,0.0,-0.0,-5.0500826e-10,1.0471076e-09,5.7701302e-11,0.0,-0.0,-0.0,-0.0,-0.0,-0.0,0.0,-0.0,-0.0,-0.0,-1.3547176e-10,1.1826756e-10,0.0,0.0,0.0,0.0,-0.0
TCGA-G9-6361,-2.7707973e-08,-0.00037634658,1.4588594e-05,-2.6063013e-08,2.0517986e-07,1.4249841e-06,-0.0002778628,1.0470265e-09,5.769683e-11,0.0,-0.0,6.273484e-07,-5.4964264e-08,3.0884796e-05,-9.494375e-05,0.0,-4.505451e-06,-1.6435781e-07,1.2249321e-05,-1.513143e-05,5.461173e-07,-1.46643315e-05,0.0,0.0,-0.00010067631,-0.0
TCGA-G9-6370,-0.0,0.0,-0.0,-6.125742e-11,0.0,-0.0,-5.0500826e-10,1.0471076e-09,5.7701302e-11,0.0,-0.0,-0.0,2.9248298e-10,-0.0,-0.0,0.0,-0.0,-0.0,-0.0,-1.3547176e-10,1.1826756e-10,0.0,0.0,0.0,0.0,-0.0
TCGA-G9-6496,1.5999965e-05,-0.00016974646,-1.4815039e-07,-2.7368233e-07,1.9825837e-05,-4.3820528e-08,1.2566295e-05,6.286179e-05,0.0,0.0,1.1627822e-08,-0.00020578969,-4.149827e-09,-3.660694e-05,6.1537853e-06,1.5714345e-08,3.1812544e-06,2.5644158e-06,-2.5063569e-06,-2.3216644e-05,3.5127368e-08,3.0576686e-10,0.0,-2.7100907e-06,-0.00014866,-1.0639493e-10
TCGA-G9-A9S7,7.48922e-09,-0.00046844347,-1.6333044e-05,-1.24658825e-08,-2.110658e-06,-5.9515315e-10,2.5106985e-05,1.0471073e-09,1.0674739e-09,0.0,-0.0,-0.0,-2.2484625e-09,2.5802005e-09,1.5298529e-09,0.0,-0.0,-2.1381843e-06,2.3811856e-06,-1.3547173e-10,-6.0671243e-07,0.0,0.0,1.6773665e-05,0.0005266759,-0.0
TCGA-HC-7075,-0.0,-2.1360581e-06,6.6170867e-07,-6.1265513e-11,-5.570886e-10,-0.0,-4.283036e-07,1.047246e-09,5.7708924e-11,0.0,-0.0,1.0466721e-09,-1.8282603e-11,6.3379e-07,-0.00016079964,0.0,-0.0,-0.0,9.012648e-07,-1.3548966e-10,-9.817505e-09,0.0,0.0,0.0,2.2426173e-06,-0.0
TCGA-HC-7748,-0.0,0.0,-0.0,5.5744254e-09,6.8255765e-08,-0.0,-6.514607e-08,1.0471076e-09,5.7701302e-11,0.0,-0.0,-0.0,-0.0,8.452383e-10,-6.501877e-09,0.0,-0.0,-0.0,-0.0,-1.3547176e-10,1.1826756e-10,0.0,0.0,0.0,0.0,-0.0
TCGA-HC-A4ZV,6.5531167e-06,-1.7874889e-05,2.926926e-06,-3.31359e-06,-8.551758e-07,1.4348324e-06,-2.5747273e-08,1.0467763e-09,5.7683046e-11,0.0,-0.0,0.00018342462,8.954457e-10,2.0449852e-05,-1.8474781e-06,0.0,-0.0,-9.169023e-09,-2.534081e-07,9.0737355e-09,1.1823013e-10,6.1528067e-07,0.0,0.0,-4.3528526e-05,-0.0
TCGA-HC-A6AN,-0.0,3.7259701e-06,-0.0,-6.0922045e-11,3.409018e-10,-9.618293e-10,-5.022434e-10,1.0413749e-09,5.73854e-11,0.0,-0.0,-0.0,-7.690185e-09,-0.0,2.6306348e-06,0.0,-3.6634226e-08,-0.0,-0.0,1.711072e-08,1.1762007e-10,1.9281483e-06,0.0,0.0,0.0,-0.0
TCGA-HC-A8D0,-0.0,1.15265975e-05,-0.0,1.8289084e-10,2.9422844e-09,-0.0,-1.5077584e-09,1.0420854e-09,0.0,0.0,-0.0,4.0369096e-06,3.6385023e-11,-0.0,-0.0,0.0,-0.0,-0.0,-1.3738909e-08,-1.34822e-10,-1.656279e-06,0.0,0.0,0.0,-1.7874736e-07,-0.0
TCGA-HC-A8D1,5.741672e-09,1.2765555e-06,-3.719467e-07,-6.1256736e-11,-7.132468e-05,-0.0,-5.050026e-10,3.3926954e-05,5.7700657e-11,0.0,-0.0,-0.0,-2.7237173e-09,2.4734064e-07,-1.8323612e-06,2.8574753e-08,-0.0,-0.0,2.0891515e-07,-1.3547025e-10,3.547987e-10,-5.6953004e-06,0.0,0.0,-0.00052077044,-0.0
TCGA-J4-A67K,3.1595744e-05,-2.685022e-05,-0.00024516252,-6.125469e-11,4.1731422e-08,-1.487817e-10,-1.1604573e-06,-7.7466284e-05,5.1928856e-10,0.0,1.1626676e-08,-5.232436e-10,-6.978699e-07,3.1895205e-08,1.8292407e-06,2.2422885e-08,-2.6801047e-08,-1.2494179e-07,6.7812994e-07,1.3546572e-10,-5.0852784e-09,8.1203666e-07,0.0,8.922443e-06,-0.00049815123,3.1915331e-10
TCGA-J4-A67O,-0.0,5.262944e-08,-0.0,-6.125742e-11,0.0,-0.0,-5.0500826e-10,1.0471076e-09,5.7701302e-11,0.0,-0.0,-0.0,-0.0,-0.0,-0.0,0.0,-0.0,-0.0,-1.1832961e-09,-1.3547176e-10,1.1826756e-10,0.0,0.0,0.0,0.0,-0.0
TCGA-J4-A67Q,-0.0,0.0,-0.0,-6.125742e-11,0.0,4.240467e-09,-5.0500826e-10,1.0471076e-09,5.7701302e-11,0.0,-0.0,-0.0,-0.0,-0.0,-0.0,0.0,-0.0,-0.0,-0.0,-1.3547176e-10,1.1826756e-10,0.0,0.0,0.0,-5.577913e-10,-0.0
TCGA-J4-A6G1,-0.0,0.0,-0.0,-6.124531e-11,0.0,-0.0,-5.049084e-10,1.0469006e-09,5.768989e-11,0.0,-0.0,-0.0,-0.0,-0.0,-0.0,0.0,-0.0,3.217583e-10,-0.0,-1.3544497e-10,1.1824418e-10,-1.4661192e-05,0.0,0.0,0.00011271737,-0.0
TCGA-J9-A8CL,-1.4987835e-09,-5.9354243e-05,3.914763e-07,3.1567357e-08,-3.340756e-07,-1.1159497e-05,6.417627e-06,0.0047337944,-5.008727e-08,0.0,-0.0,2.0085106e-06,-3.777226e-08,6.334627e-06,-2.652133e-07,1.6786493e-10,-0.0,-0.0,3.7080126e-06,-9.488971e-10,1.6047137e-07,5.2811715e-06,0.0,-8.333689e-10,0.0003681242,-4.923585e-10
TCGA-KC-A7F3,-0.0,2.2941213e-05,-0.0,-6.1166815e-11,-3.730759e-08,-0.0,-2.856842e-05,1.0455588e-09,5.7615954e-11,0.0,-0.0,3.998673e-05,-0.0,-0.0,-0.0,0.0,-0.0,-0.0,-0.0,-1.3527138e-10,1.1809263e-10,1.2853049e-07,0.0,0.0,-2.1677126e-06,-0.0
TCGA-KK-A6E7,-2.2466982e-09,-0.00015970528,-3.928609e-08,1.4456312e-08,0.00016764094,-3.176534e-08,-1.0215501e-05,1.0722056e-06,-3.684116e-08,3.4976044e-06,8.73142e-10,-1.7075423e-07,-0.0,3.3176818e-07,2.2075114e-05,0.0,8.2465923e-10,-0.0,1.174057e-07,6.880401e-06,-4.0333925e-06,-2.2457136e-05,-5.315464e-05,-6.5237664e-09,-0.00041816675,4.3816377e-07
TCGA-KK-A6E8,-0.0,-6.310924e-05,1.1186961e-08,-6.1251296e-11,-2.6271343e-07,-7.438672e-11,-1.0296089e-06,5.2350146e-09,5.7695532e-11,0.0,-0.0,-3.191609e-08,-0.0,1.28989595e-05,-3.2662163e-05,1.515278e-08,-0.0,-0.0,-2.2956278e-06,0.00022272256,1.1825574e-10,-1.1338992e-05,0.0,0.0,0.00011272839,-4.920007e-10
TCGA-KK-A7AZ,-1.2482586e-09,-8.140174e-05,-1.8614782e-07,-6.1260115e-11,-1.3154702e-08,1.4216605e-06,3.5498592e-06,-3.126958e-05,5.770384e-11,0.0,-0.0,-0.00034061816,-0.0,3.1111787e-05,-1.7249855e-07,0.0,-0.0,9.655082e-10,-1.3825451e-06,-1.3547771e-10,1.1827277e-10,0.0,0.0,0.0,-9.650772e-06,-4.9207155e-10
TCGA-KK-A8I9,-0.0,2.6256797e-05,-0.00034589143,6.9080556e-06,1.7238578e-06,-9.806326e-06,1.6066988e-05,1.17082855e-05,7.471684e-09,0.0,-0.0,-4.991542e-07,-0.0,1.2230627e-05,-2.2265124e-06,0.0,9.895371e-09,-0.0,-1.1409423e-05,-1.5776921e-05,-9.732594e-08,-1.088073e-06,0.0,0.0,-0.0002297916,-6.3961054e-09
TCGA-KK-A8IB,-3.7223383e-08,-1.2270307e-05,-0.0,6.917749e-06,1.2863494e-10,-0.0,8.293688e-06,-9.637217e-06,5.7743053e-11,0.0,-0.0,-5.974796e-07,-0.0,-1.3236082e-05,-0.0,0.0,-0.0,8.05137e-11,6.7312476e-07,-1.3556979e-10,-3.5624296e-08,0.0,0.0,0.0,-3.281628e-05,-0.0
TCGA-KK-A8IK,-1.2482555e-09,-0.00012574674,6.567699e-10,1.4702391e-08,-1.645105e-06,-0.0,-1.7524515e-07,-6.3689295e-05,5.77037e-11,0.0,-0.0,-3.1357376e-05,-3.6561892e-11,-1.1122019e-07,3.3160947e-07,0.0,8.247185e-10,-0.0,-2.3234327e-06,-1.354774e-10,-2.3772767e-08,0.0,0.0,0.0,-1.5505011e-05,-2.9431126e-08
TCGA-V1-A9OA,-0.0,-6.119702e-09,-0.0,-6.125742e-11,0.0,-0.0,-1.8685306e-08,1.0471076e-09,5.7701302e-11,0.0,-0.0,-0.0,-0.0,-1.2829828e-07,-3.8246334e-10,1.6775972e-10,-0.0,-0.0,-0.0,-1.3547176e-10,1.1826756e-10,0.0,0.0,0.0,0.0,-0.0
TCGA-V1-A9OX,-0.0,0.0,-0.0,6.919233e-06,-1.586838e-09,-0.0,8.317203e-06,-1.0658552e-05,5.7755443e-11,0.0,1.9890758e-09,-0.0,-0.0,-1.092035e-05,-0.0,0.0,-0.0,-0.0,-0.0,-1.3559887e-10,1.1837853e-10,0.0,0.0,0.0,-3.460546e-05,-0.0
TCGA-V1-A9OY,1.970871e-06,4.5657267e-05,5.8945966e-07,-3.0352817e-07,1.6159918e-06,1.1175218e-05,1.4778377e-05,-1.36336985e-05,5.771833e-11,0.0,-0.0,1.0100811e-05,3.1085493e-10,3.078283e-05,-0.00010295088,-3.0765026e-09,-2.7910055e-08,-1.8703372e-07,5.0370684e-08,-1.513639e-05,4.7320986e-10,-1.070442e-09,0.0,-4.180458e-06,-0.00012286469,-0.0
TCGA-V1-A9Z9,3.1117317e-05,-8.647718e-05,1.6882788e-05,-2.7000708e-06,3.5923338e-07,-0.0,2.6084374e-05,-5.597482e-07,5.7708432e-11,0.0,1.9874569e-09,-4.226984e-05,-1.8282447e-11,-5.3540894e-06,-4.538488e-06,0.0,-4.5352244e-06,-4.1386185e-05,-3.2393448e-06,-1.5133794e-05,1.1236807e-08,-1.3760464e-09,0.0,0.0,-6.522111e-05,-0.0
TCGA-VN-A88O,-0.0,0.0,-0.0,-6.068744e-11,0.0,-0.0,7.2649923e-06,1.0373645e-09,5.716441e-11,0.0,-0.0,5.183981e-09,-0.0,-0.0,-0.0,0.0,-0.0,-0.0,-0.0,-1.3421124e-10,1.1716712e-10,0.0,0.0,0.0,5.5260125e-09,-0.0
TCGA-VN-A943,-1.7476801e-09,0.000106750536,2.5596116e-06,4.288498e-09,1.2113858e-06,-0.0,3.944555e-07,3.0421873e-07,-1.7312324e-10,0.0,-0.0,-0.0,-0.0,2.741414e-06,-3.9436372e-07,0.0,-0.0,-0.0,-1.484019e-06,6.315857e-06,9.4506326e-08,-2.2587381e-05,0.0,-4.0823757e-06,-0.00032299836,-0.0
TCGA-XK-AAJP,-0.0,-8.6261214e-05,2.664181e-07,-6.1228564e-11,-6.116998e-07,4.535906e-09,-5.0477034e-10,0.00019875834,5.767412e-11,0.0,-0.0,1.0101268e-06,-0.0,-2.7533562e-05,5.367255e-06,1.570609e-08,-0.0,-0.0,-2.830688e-06,-1.3540793e-10,4.2556265e-09,0.0,0.0,0.0,-1.0192179e-05,-1.06339056e-10
TCGA-YL-A8HL,1.0106705e-06,-2.0286811e-06,-2.09264e-06,-6.125742e-11,1.9752609e-07,-0.0,-5.0500826e-10,1.0471076e-09,1.1251754e-09,0.0,-0.0,-0.0,-0.0,-2.7563667e-07,-0.0,0.0,2.7489477e-10,-0.0,7.7966064e-07,-1.3547176e-10,1.1826756e-10,0.0,0.0,0.0,2.130205e-06,-0.0
TCGA-ZG-A9LM,-1.7584525e-06,2.257828e-06,-3.0360368e-07,7.152252e-07,-5.4759136e-07,-0.0,0.00025397819,6.284888e-05,1.1250051e-09,0.0,-0.0,-0.0002016988,-2.924387e-10,1.1372072e-06,2.2660197e-05,0.0,-0.0,-0.0,3.4599598e-06,-1.3545125e-10,1.1824966e-10,0.0,0.0,-2.7095336e-06,1.5861182e-06,-0.0
TCGA-ZG-A9LN,5.837206e-07,-0.00012086257,0.00013639271,-1.172895e-07,0.00033861407,-4.114424e-08,-5.9849685e-07,6.301048e-05,5.7707287e-11,0.0,-0.0,-7.992336e-06,-1.8464905e-09,-7.993224e-06,-4.7621623e-07,0.0,3.7114642e-09,0.0001713935,-2.2669046e-06,1.9916415e-08,1.1827983e-10,1.513621e-08,0.0,-2.710225e-06,0.0005460395,-4.069808e-08
TCGA-ZG-A9MC,-1.5427279e-06,-2.840106e-05,-7.828931e-07,-1.5644824e-07,2.2271726e-07,2.976871e-10,1.0962747e-07,2.0949924e-09,5.772272e-11,0.0,-0.0,-1.9420409e-07,3.6573945e-11,-4.8329973e-08,-1.5112909e-07,0.0,3.180063e-06,1.1678424e-07,-4.8270092e-08,-9.486543e-10,3.5138502e-08,3.058638e-10,0.0,0.0,-1.0232573e-05,-4.023003e-08
TP_2034,-3.5970242e-08,1.0944431e-05,0.00013788152,-1.7530333e-08,-4.1874554e-07,-0.0,-5.4574235e-07,0.004711932,5.773658e-11,0.0,-0.0,-3.839637e-09,-0.0,-2.9779037e-06,-6.123155e-09,0.0,-0.0,-0.0,-5.033399e-07,3.6599737e-09,4.0235553e-09,0.0,0.0,-4.1667791e-10,-9.170114e-07,-0.0
01-087MM_BONE,-3.5988915e-08,-4.3762466e-06,7.711363e-08,-3.7409285e-09,-5.002504e-07,2.6737707e-08,-9.709146e-06,1.9393399e-08,5.7766555e-11,0.0,-0.0,-6.984782e-10,-0.0,-2.8574195e-05,1.8601081e-06,0.0,-0.0,-2.5840916e-06,-7.03936e-07,6.062435e-08,1.184013e-10,3.060961e-10,0.0,1.2923721e-08,1.3619357e-05,-0.0
01-095N1_LN,-5.3905914e-08,-5.403452e-05,-2.813751e-10,-1.0869869e-08,-1.4092456e-06,-1.4840816e-06,-5.0485387e-08,1.0467875e-09,7.498876e-10,0.0,-1.0133686e-09,-4.7707357e-07,3.9961433e-06,-1.5258559e-07,7.918471e-05,-3.354169e-10,-1.2352743e-07,-0.0,-7.491917e-09,-1.488244e-06,1.1823141e-10,-1.1337883e-05,0.0,0.0,0.000112534006,-0.0
08-093J1_LN,2.4972637e-09,-0.00038519542,-1.4547149e-07,8.791863e-06,-0.00015396567,-1.9609587e-07,5.660711e-05,-6.782348e-07,-5.6335796e-08,3.5095225e-06,1.2745608e-08,-3.2549644e-06,-3.9389036e-08,2.0254187e-05,2.2791923e-05,1.6781729e-10,-2.6123963e-09,1.7022174e-06,5.7527923e-06,-3.8067752e-05,-1.3863348e-06,3.709871e-06,0.0,-2.597304e-05,0.00050788315,-0.0
10362,1.2526368e-06,0.0016826048,1.5797683e-06,9.007099e-09,1.9098234e-05,1.117487e-05,0.0005596723,-0.00024092813,-1.2986049e-08,0.0,-0.0,-7.484593e-08,7.9191345e-08,6.215795e-06,-4.290019e-06,0.0,-0.0,2.1728429e-08,7.7564783e-07,-4.065172e-10,1.1829722e-10,7.653473e-06,0.0,3.4227472e-05,-1.5956275e-05,-0.0
AAPC-IP_LG-069-Tumor-SM-3NC72,-0.0,0.00038907197,-0.0,-6.125612e-11,0.0,-0.0,-1.0049451e-07,1.0470853e-09,5.7700074e-11,0.0,-0.0,1.2558138e-07,-0.0,-1.5124996e-09,8.782701e-06,0.0,-0.0,-0.0,-0.0,6.6379746e-09,1.1826505e-10,0.0,0.0,0.0,-8.602688e-05,-0.0
AAPC-STID0000002909-Tumor-SM-2XTZ4,-0.0,0.0,1.5973332e-09,-6.134909e-11,1.1156971e-09,-2.2724175e-08,-5.05764e-10,-1.25840955e-08,5.778765e-11,0.0,-0.0,-0.0,-0.0,-0.0,-0.0,0.0,-0.0,-0.0,-0.0,-1.3567449e-10,1.1844455e-10,-1.3869685e-06,0.0,0.0,-2.6855947e-05,-0.0
AAPC-STID0000003057-Tumor-SM-2XTZT,-1.9423724e-05,-0.0020437487,0.00010842952,1.1193673e-07,4.7999606e-06,2.5834504e-07,-0.00064426195,0.00023312669,5.7695525e-11,0.0,5.017708e-11,0.00024956546,1.654557e-07,3.7067617e-05,0.0014746796,0.0,-0.0001622746,-6.508599e-06,1.7926719e-05,-1.7609566e-09,-7.356689e-07,0.0,-0.00010323364,0.0,-0.00015030525,-0.0
AAPC-STID0000007180-Tumor-SM-2XU14,-1.9389967e-05,-0.00053068704,8.903222e-05,7.566516e-07,0.0010360715,5.3093772e-05,4.8804e-06,-2.6072976e-07,4.855564e-08,0.0,-0.0,0.00026749648,-1.0607993e-06,2.8779985e-05,-0.00011287066,0.0,-4.0437018e-07,-6.492998e-06,-0.0011888,1.8546082e-07,-7.8778015e-07,6.3259733e-07,0.0,1.8045009e-09,-5.807555e-05,-0.0
AAPC-STID0000012110-Tumor-SM-2XU1J,-1.506164e-05,4.497881e-05,-1.895507e-05,-8.156799e-07,0.001034647,4.4378074e-05,4.095805e-06,-0.0001044166,5.7703942e-11,0.0,-0.0,0.00024678503,7.49522e-10,2.8563245e-06,-6.858685e-05,-2.516511e-09,-5.156437e-06,-6.5101926e-06,4.821495e-07,-4.173399e-06,-7.8131126e-07,7.1992204e-06,-0.0001032487,5.303255e-06,-0.00016605148,-0.0
AAPC-STID0000017088-Tumor-SM-2XU1V,2.495522e-10,-2.7235253e-06,1.3682811e-05,-1.2837145e-06,-1.6757636e-05,2.2801161e-07,1.793658e-06,0.00015242574,5.768084e-11,0.0,-0.0,-7.750148e-06,-1.8273705e-11,-2.4374253e-07,-7.8377184e-08,0.0,1.3739865e-09,-0.0,3.4697713e-08,-1.7605083e-09,1.1822562e-10,-1.8036999e-05,0.0,0.0,-1.0032223e-05,-0.0
AAPC-STID0000021532-Tumor-SM-3RVW5,-1.0484103e-08,2.7457603e-05,0.0001084296,8.1827494e-07,3.756906e-06,8.768611e-06,-1.5149082e-09,0.00023291483,5.769686e-11,0.0,-4.0142594e-11,2.0964646e-05,-0.0,3.132826e-05,-8.423566e-05,1.1183121e-10,-0.0,-6.5081867e-06,-0.0010744416,-9.74116e-06,-9.460677e-10,-2.6903956e-08,0.0,0.0,-0.00014170658,-0.0
AAPC-STID0000021537-Tumor-SM-3RVW7,1.2904221e-06,1.2820486e-05,8.628467e-05,-1.6120005e-06,0.0009638386,2.9957562e-07,-0.00012279909,-5.152935e-05,-5.021098e-09,0.0,-0.0,0.00024269706,-2.6146318e-09,3.3780263e-05,-5.719713e-05,1.1186399e-10,-3.7118812e-09,8.0472873e-10,-0.0010753771,-1.7615135e-09,-7.4205275e-07,1.0723299e-05,-0.00010326628,-1.6563345e-07,-8.067851e-05,-0.0
AAPC-STID0000021584-Tumor-SM-2XTZ6,-2.3464608e-08,-9.122009e-05,1.9325498e-05,6.114658e-05,0.00031427355,2.0278448e-07,1.00550305e-05,-0.00011647691,-2.4359807e-07,0.0,-0.0,0.0002469569,-1.0627366e-06,2.7435297e-05,-1.3928735e-05,-1.06799645e-08,-5.152684e-06,-6.509123e-06,-0.0013418966,-3.780593e-05,-7.772007e-07,-6.8093536e-06,-0.00010323684,8.922363e-06,2.7970187e-05,-0.0
AAPC-STID0000021600-Tumor-SM-3RVWL,-2.9956655e-09,-3.792962e-06,0.00010867221,-1.3372392e-07,2.7039869e-06,2.7027187e-07,-1.2377657e-06,1.677977e-06,-2.9779412e-07,0.0,-4.0145373e-11,0.00024592673,3.8388095e-10,4.3314103e-05,-1.9932304e-05,1.11838955e-10,-6.872316e-10,4.022743e-10,-0.0010623399,-9.743731e-06,-7.53122e-07,-1.8069704e-05,-4.1623174e-05,-9.526026e-06,-4.4500243e-06,-0.0
AAPC-STID0000021611-Tumor-SM-2XU18,2.4968683e-10,1.0224238e-05,2.650915e-09,-2.6913517e-06,1.3810524e-05,1.9398139e-07,1.1412769e-05,2.7858206e-07,5.7711957e-11,0.0,-0.0,4.8847264e-09,-6.033576e-10,1.6890091e-07,-2.5078163e-05,0.0,-6.8736383e-10,3.883981e-06,-8.810609e-09,-1.5136346e-05,-7.313834e-07,-1.47224555e-05,0.0,0.0,-0.00020619552,-0.0
AAPC-STID0000021614-Tumor-SM-2XU1O,-1.959258e-05,-0.00018887088,-8.885506e-06,-1.2390954e-06,0.0009350785,2.534032e-07,1.1465599e-05,-5.1749175e-06,-5.0724687e-09,0.0,1.2879442e-08,0.00025610885,-9.047933e-07,4.3871776e-05,-0.0001721713,0.0,-0.00016435915,0.00016993535,-0.00128868,1.8178638e-07,2.2293352e-06,-1.7593964e-05,-0.00014588705,-1.0733679e-05,0.00059999013,-0.0
MO_1012,4.78742e-07,0.0001080345,-0.0003371106,-6.5190256e-06,-0.0007123426,-2.6629275e-08,-8.457115e-05,0.00011608082,5.7692993e-11,-3.3637214e-06,-4.8268234e-09,-0.00012191933,-5.9526343e-07,-3.311816e-05,0.0002758678,2.2923863e-09,-2.5231708e-07,-5.717606e-05,-0.00015909216,9.253149e-06,4.6732612e-07,-2.1928006e-05,1.4845782e-06,-0.00015509575,0.000108121756,-0.0
MO_1013,-0.0,-0.000103810096,3.2512169e-06,3.0701032e-11,-2.148283e-07,-1.6107082e-08,3.545177e-05,1.0495801e-09,-2.21807e-08,0.0,-0.0,6.9933664e-10,3.2432332e-09,9.388692e-06,-7.436235e-05,0.0,-0.0,1.21774635e-08,0.00011313125,4.9482475e-07,6.382561e-07,5.0367184e-06,-3.220727e-10,0.0,-1.0979211e-05,8.891142e-09
MO_1020,1.0114347e-06,-2.5227337e-05,-2.0950674e-06,-4.2912618e-10,-6.339122e-06,-0.0,8.4602306e-07,1.0478994e-09,1.1260262e-09,0.0,-0.0,-0.0,-0.0,9.560197e-07,-1.0717072e-08,0.0,-0.0,-0.0,7.802502e-07,-4.544583e-06,1.1835699e-10,0.0,0.0,0.0,1.8728049e-06,-0.0
MO_1118,1.0114991e-06,-8.3299245e-05,-2.0952007e-06,-2.2285327e-08,-1.5137498e-08,-0.0,8.07412e-06,1.047966e-09,1.1260978e-09,0.0,-0.0,6.930242e-08,-0.0,3.113497e-05,-2.465083e-07,0.0,-0.0,-0.0,-1.5152028e-06,-1.3558282e-10,-7.4924735e-08,5.938561e-06,0.0,0.0,-6.8765057e-06,-4.924533e-10
MO_1124,1.0099934e-06,-9.693229e-07,-1.5169499e-06,-7.1011006e-09,-6.293478e-07,-1.3880084e-07,-1.6351306e-07,1.0464061e-09,1.1244216e-09,0.0,-0.0,1.0981244e-08,-6.192832e-09,-4.194508e-06,1.2386568e-05,0.0,-0.0,-0.0,7.7769306e-07,-1.2211366e-07,1.1818833e-10,-7.741453e-06,0.0,0.0,8.210037e-05,-0.0
MO_1184,-3.5944613e-08,5.7727397e-05,-1.4071625e-09,-6.125119e-11,3.3751678e-06,-0.0,-1.0604095e-08,1.0470012e-09,-1.4366163e-08,0.0,-0.0,5.2832376e-05,-0.0,-1.4392056e-06,-0.0,-3.3548536e-10,-0.0,-6.014401e-06,-1.2791445e-07,-1.3545799e-10,1.1825554e-10,0.0,0.0,0.0,-3.368717e-07,-0.0
MO_1473,-9.980241e-10,-6.028446e-05,-1.8547657e-07,2.6500354e-06,1.2847257e-10,1.421054e-06,3.2252615e-07,1.0465426e-09,5.7670167e-11,0.0,-0.0,1.08224685e-05,-5.888525e-07,5.787683e-05,-2.8306126e-06,0.0,-2.6787779e-08,-0.0,-2.272411e-06,3.0497195e-06,1.0638338e-09,5.961053e-06,0.0,0.0,0.00011000455,-4.917844e-10
P03-2345,-0.0,-3.2530437e-08,-0.0,-6.1438764e-11,0.0,-0.0,-5.0650323e-10,1.0502074e-09,5.7872113e-11,0.0,-0.0,-0.0,-0.0,-0.0,-0.0,0.0,-0.0,-0.0,5.2746624e-10,-1.358728e-10,1.1861767e-10,0.0,0.0,0.0,-1.5550824e-05,-0.0
P03-871,1.0225618e-06,-1.863084e-06,-2.118116e-06,-6.1978166e-11,-1.5173004e-08,-4.3155746e-06,-5.109501e-10,1.0594277e-09,1.1384139e-09,0.0,-0.0,-0.0,-0.0,-0.0,-0.0,0.0,-0.0,-0.0,8.0359973e-07,-1.3706569e-10,-2.3022405e-06,0.0,0.0,0.0,2.6541577e-06,-0.0
P04-2599,4.9930937e-10,-1.423461e-05,2.7443994e-09,-2.691679e-06,2.9566294e-08,4.409685e-05,1.4587475e-05,2.235909e-05,5.770453e-11,0.0,1.9873223e-09,-1.9619245e-05,-0.0,7.250415e-06,5.50778e-08,0.0,-0.0,-0.0,-1.0717317e-05,3.2691165e-07,-1.387356e-07,-1.3860437e-06,0.0,0.0,5.617161e-05,-6.397007e-09
P05-2212,3.111034e-05,-9.72824e-06,-0.00034180412,-2.892564e-06,-0.00015333938,-1.28950105e-05,-3.3625016e-05,-0.000106763575,-3.3160018e-06,4.0712305e-09,-0.0,0.00039284967,-1.8278568e-11,-2.4501376e-05,-0.0003772173,0.0,-3.822073e-07,-0.0,-1.4145184e-05,-9.730481e-06,8.646958e-07,3.0572322e-10,0.0,1.1103637e-08,-4.75659e-05,-6.3960823e-09
P05-3436,-0.0,9.5433585e-08,-0.0,1.6322392e-07,2.5622194e-07,-0.0,-2.077576e-05,4.318838e-06,5.7680895e-11,0.0,-0.0,4.0035815e-05,-0.0,2.03875e-06,-3.8997463e-08,0.0,-0.0,-0.0,6.545257e-08,-9.7384645e-06,1.1822573e-10,0.0,0.0,0.0,-3.0907436e-06,-0.0
P06-1125,6.1936794e-07,-2.3623896e-05,2.1037622e-06,8.86991e-06,-2.022465e-07,-6.8416073e-09,2.6658636e-05,-9.695072e-06,-6.8291837e-07,0.0,1.9864403e-09,-7.272472e-05,1.0963857e-10,1.8181405e-05,-6.922692e-05,0.0,-6.8697037e-10,-4.1010426e-05,-0.000195695,2.6504247e-06,1.6740191e-07,5.6847494e-08,0.0,0.0,0.0004795953,-0.0
PM15,-0.0,-1.9583046e-08,-6.3047295e-08,-6.125742e-11,-5.2273716e-08,-0.0,-1.0287018e-06,1.0471076e-09,5.7701302e-11,0.0,-0.0,-0.0,-1.0968112e-10,9.552527e-07,-0.0,0.0,-0.0,9.654658e-10,1.6040236e-08,-1.3547176e-10,1.1826756e-10,0.0,0.0,0.0,-5.1037904e-07,-0.0
PM154,4.833044e-07,-9.63241e-07,-1.0314142e-06,-1.9296087e-09,-2.6998086e-07,1.2647006e-09,-8.6608907e-07,1.0471074e-09,5.1931165e-10,0.0,-0.0,-0.0,-0.0,1.6637847e-08,-0.0,0.0,-3.5502657e-07,-0.0,5.223594e-07,-1.3547174e-10,1.1826755e-10,0.0,0.0,-6.746056e-08,1.2600505e-06,-0.0
PM158,-1.9391944e-05,-9.067145e-06,-2.3177314e-05,2.5025882e-08,0.0010314283,9.143632e-06,1.4596036e-06,1.7257869e-06,5.7706433e-11,0.0,-0.0,-1.4484271e-05,3.6563627e-11,6.129057e-06,3.990289e-05,0.0,-3.6646733e-07,-0.0,-2.8835547e-07,3.267463e-06,-9.462247e-10,-1.4616777e-05,0.0,0.0,2.2250044e-05,-0.0
PR-02-169,-1.6370816e-05,1.22088595e-05,-0.00016606774,2.0632087e-06,-0.00011746516,2.646823e-07,3.2738192e-06,-0.00011125167,1.1210851e-07,0.0,-0.0,8.720717e-09,5.6373523e-08,2.464291e-06,-2.4950385e-05,0.0,-4.123233e-10,3.7731898e-08,-9.216627e-05,-9.736046e-06,-1.6044628e-06,-1.7738823e-05,0.0,9.24584e-06,-3.0603496e-05,-0.0
PR-04-3222,1.3019608e-06,0.00025309075,-7.038099e-07,-5.828096e-05,6.088892e-05,2.6878067e-07,-9.478104e-05,-8.72941e-05,1.0273467e-08,1.456321e-05,-1.0695949e-06,-4.5640584e-07,5.3538127e-08,4.0720684e-06,-0.000108484106,0.0,-1.2442182e-07,9.412489e-05,-6.611325e-06,-1.572106e-05,-1.2853068e-06,3.4417972e-06,0.0,8.925131e-06,-0.00021525336,-6.3982903e-09
PR-09-2517,-0.0,5.110995e-05,-5.0599516e-05,2.5480057e-08,-0.00103174,3.1519063e-05,0.001512927,-1.6747541e-05,-3.1154996e-09,0.0,-0.0,1.569614e-09,-7.0200366e-07,1.53308e-06,1.9120892e-09,0.0,4.1229312e-10,-1.2621963e-07,-4.0003795e-07,-1.5136356e-05,2.6252275e-08,-3.362853e-09,0.0,0.0,-0.0002689517,-0.0
PR-2762,-1.6377307e-05,-3.3678562e-06,6.662822e-08,1.1993178e-05,-6.1714713e-09,-0.0,-6.389865e-07,9.792771e-08,5.7714947e-11,0.0,-1.0139182e-09,3.6637346e-09,-0.0,7.918063e-06,-2.9303618e-07,0.0,-0.0,-0.0,-7.910232e-05,-9.750446e-06,1.1829553e-10,0.0,0.0,3.2308205e-07,-3.8664078e-07,-0.0
PR-3036,-1.6362697e-05,2.5510646e-05,-0.00016191271,1.5908303e-06,2.6045895e-05,1.1875323e-05,2.1569258e-05,7.505735e-05,1.4981042e-06,0.0,-1.0805253e-06,0.00011776443,-4.3307518e-09,-1.1526877e-05,0.00011771554,2.5713347e-09,-1.1678571e-08,3.7799655e-08,-7.806132e-05,-9.430926e-06,-4.031858e-06,-1.913053e-05,0.0,3.4529e-05,-8.178116e-05,2.7916508e-10
PRAD-6115390.0-SM-7LGUC,2.7458706e-09,-2.7934635e-05,-0.00030703982,-2.770739e-06,-2.5921804e-06,2.4050078e-07,7.492323e-06,1.0470399e-09,1.0000143e-06,0.0,-0.0,8.5953776e-05,-0.0,-5.54969e-05,-0.00010405237,-3.3549777e-10,6.871925e-10,-2.4135086e-10,0.00022898297,3.077855e-06,4.174575e-08,-7.746142e-06,0.0,0.0,-0.00048518018,-4.9201815e-10
PROS01448-DFCI.10-448.P38-SM-5CQ52,1.0412906e-06,2.5986401e-05,-2.1034439e-06,3.7731464e-08,8.644248e-06,8.6244745e-06,1.7021925e-05,1.7956418e-07,1.5040915e-06,0.0,-0.0,5.481642e-07,-9.139342e-11,-9.480881e-06,0.000226945,0.0,-2.2814389e-08,-0.0,1.3088808e-06,3.2669036e-06,1.6083065e-07,-7.744477e-06,0.0,-3.7475014e-09,6.159908e-05,-0.0
PROS10448-1115156-SM-5EEBN,9.829911e-07,2.5317997e-06,-2.0399532e-06,-2.324792e-08,1.9717876e-05,5.807836e-06,1.684154e-05,-1.0648893e-05,-3.3516271e-06,0.0,-0.0,3.2164476e-07,-1.0968455e-10,-9.684064e-07,-0.00025206458,0.0,-2.6803077e-08,8.0457994e-11,-4.5887026e-07,-1.51323975e-05,3.0963415e-07,-1.0701595e-09,0.0,0.0,-0.00023606689,-0.0
PROS10448-SUTC.01115092-SM-4JC74,9.768538e-07,-3.2422502e-06,-2.2926642e-06,-2.1440309e-10,-5.4283794e-07,2.2229194e-07,1.6887643e-05,-5.832447e-07,-1.11364615e-08,0.0,-0.0,6.982316e-05,-0.0,-1.15465145e-05,-0.0001149742,2.5723412e-09,2.19918e-09,-0.0,7.654687e-07,-1.3547309e-10,0.0,9.583838e-07,0.0,1.3880913e-10,-0.00010243994,-0.0
PROS11496-6115286-SM-6CNPY,-0.0,-4.0789615e-05,3.171183e-08,6.249102e-05,-2.4513256e-06,-4.443586e-06,-8.5801037e-07,1.0440366e-09,5.7532076e-11,0.0,-0.0,-0.0,-0.0,7.0277264e-07,5.1465107e-05,-7.8058277e-10,1.3320704e-07,-2.4787834e-08,-6.975929e-05,-1.3507445e-10,-3.5376213e-10,-9.602889e-09,0.0,0.0,-1.0433477e-06,-0.0
PROS11496-6115319-SM-6CNQ3,-0.0,-1.784744e-05,-0.0,-6.113354e-11,9.1507815e-09,-0.0,6.120418e-06,1.0449901e-09,-6.5041824e-08,0.0,-4.8177555e-09,1.0892926e-05,8.1908405e-07,3.118427e-05,4.580279e-09,0.0,-0.0,-1.7182655e-08,6.7934734e-06,-1.351978e-10,1.1802839e-10,3.509018e-09,0.0,0.0,-9.517273e-06,-0.0
PROS11496-6115323-SM-6CNQ8,1.012355e-06,1.1477015e-05,-2.0151904e-06,-6.135952e-11,2.2184689e-07,-0.0,-5.0585e-10,1.0488529e-09,8.496229e-09,0.0,-0.0,-7.635133e-06,-0.0,5.368857e-06,-3.0456513e-07,0.0,1.2115529e-08,-0.0,1.6973044e-06,-4.0709264e-10,0.0,-3.103684e-05,0.0,0.0,-3.3875256e-06,-0.0
PROS12319B-SU2C-06115115-SM-4W2NA,6.916752e-08,-9.692507e-05,5.555535e-08,-3.0636257e-10,-4.3329302e-07,-3.7206244e-10,1.1643814e-05,-0.0,5.771552e-11,0.0,1.1630058e-08,-5.4084235e-09,-4.150625e-09,-1.3166719e-07,-0.0,0.0,-0.0,-2.4998849e-06,-1.2098896e-07,1.3550513e-10,1.182967e-10,0.0,0.0,0.0,-2.3829138e-05,-0.0
PROS12319B-SU2C-06115122-SM-4W2NH,-1.2478238e-09,4.7804797e-06,3.751673e-10,-6.123878e-11,9.1356935e-07,3.7929477e-09,-4.336701e-07,1.046789e-09,-5.0040647e-08,0.0,-0.0,0.000115918396,-3.9107697e-08,1.1165758e-06,-1.9117348e-09,0.0,-0.0,-0.0,5.8617106e-06,-1.3543053e-10,1.1823158e-10,2.5980869e-09,0.0,0.0,-5.737926e-07,-0.0
SC_9019,1.0109175e-06,-2.5278097e-05,-0.00016722042,1.8783053e-06,-2.5110376e-07,-0.0,1.2466651e-06,1.0473635e-09,-6.823404e-07,0.0,-0.0,-5.2482195e-05,-0.0,3.1827218e-05,-5.7383525e-09,0.0,-0.0,8.506223e-08,-0.00019183684,-2.316903e-05,1.1829647e-10,-2.0521778e-05,0.0,0.0,0.00036288396,-0.0
SC_9023,1.0089221e-06,-1.7337669e-06,-2.0898628e-06,-6.115145e-11,2.266979e-09,-0.0,-5.041346e-10,2.1284843e-05,1.123229e-09,0.0,-0.0,-0.0,-0.0,-7.194302e-09,-0.0,0.0,-0.0,-0.0,7.6768066e-07,-1.352374e-10,1.1806296e-10,0.0,0.0,0.0,2.6181976e-06,-0.0
SC_9059,-0.0,-7.1881004e-07,-0.0,-6.170836e-11,2.120153e-07,-0.0,4.425915e-08,1.0548158e-09,5.8126063e-11,0.0,-0.0,-7.609137e-06,-3.682951e-11,9.612988e-07,-0.0,0.0,-0.0,-0.0,1.0595615e-08,-1.3646902e-10,0.0,0.0,0.0,0.0,-4.978411e-07,-0.0
SC_9084,1.0131085e-06,-0.00018418996,-2.4018275e-06,7.11464e-08,-1.6535967e-06,-0.0,-3.3646766e-06,-1.570571e-09,-3.081072e-08,0.0,-4.8272404e-09,1.0464736e-09,-0.0,2.9994003e-06,3.3555402e-06,0.0,-2.6800699e-08,-5.6315597e-10,1.3015508e-06,6.908662e-09,1.1826076e-10,4.323871e-05,0.0,-8.119787e-08,-0.0003300306,-0.0
SC_9086,1.01121e-06,-9.208945e-06,-2.0966672e-06,-1.2196733e-08,-2.4105904e-07,-0.0,-2.660086e-05,1.0476665e-09,1.125776e-09,0.0,-0.0,-0.0,4.4846946e-08,1.2250925e-06,-0.0,0.0,-0.0,-0.0,-8.383419e-05,-1.3554408e-10,-4.816059e-08,0.0,0.0,0.0,2.1039957e-06,3.193379e-10
SC_9105,1.4979213e-09,3.1371203e-06,-2.9596688e-06,3.4305918e-09,-1.2234392e-06,-0.0,4.388747e-06,-2.2963724e-05,-5.005845e-08,0.0,-0.0,0.00020543327,-3.9085048e-08,6.567973e-06,1.2071163e-06,0.0,-2.694107e-08,-0.0,-3.3207754e-05,3.6579253e-09,1.1827364e-10,8.671066e-06,0.0,-1.7834382e-05,0.0005387598,-0.0
SC_9158,-3.5035955e-06,-3.9322804e-05,4.777186e-06,-3.3960594e-05,-1.5176209e-05,1.1170591e-05,5.0493814e-09,0.0001514368,5.7693288e-11,0.0,-4.826848e-09,-1.3847207e-07,-3.6555297e-11,6.205278e-06,0.00021206443,0.0,2.4324807e-08,-0.0,-1.189915e-05,-4.2952126e-07,3.547534e-10,-1.9742307e-05,-1.6063469e-10,3.4214136e-05,-1.9296898e-07,-0.0
SC_9172,1.009225e-06,-2.164383e-06,-2.0143195e-06,-1.9446609e-06,1.3961221e-06,-1.1679045e-08,5.6531617e-06,0.00015744226,1.1250946e-09,-3.3639642e-06,-0.0,0.000116684154,6.7218735e-07,-1.0787136e-07,3.7325742e-07,-1.1183179e-09,4.046023e-06,-0.0,7.651432e-07,-6.7731015e-10,-6.622508e-08,1.0998577e-06,0.0,0.0,-1.0317282e-05,-0.0
TCGA-2A-A8VV,-1.2479209e-09,-7.92475e-05,-6.9598954e-08,1.5770215e-08,-1.08464825e-07,1.4156235e-06,6.1077017e-06,6.804658e-09,5.7688236e-11,0.0,-0.0,0.0002454642,3.646072e-07,2.52323e-05,4.8764505e-06,0.0,2.7483252e-10,-0.0,-2.282587e-06,2.1413236e-07,1.565508e-07,-2.8648433e-06,0.0,0.0,-7.6177043e-06,-4.919385e-10
TCGA-CH-5761,1.0102826e-06,-2.3845444e-06,-2.092681e-06,-6.1233914e-11,-4.2059913e-08,-0.0,-5.0481447e-10,1.0467057e-09,1.1247436e-09,0.0,-0.0,-5.230661e-10,-0.0,-0.0,3.8231657e-10,0.0,-0.0,-0.0,3.0425323e-07,-1.3541977e-10,1.1822218e-10,-1.4658463e-05,0.0,0.0,0.00012143029,-0.0
TCGA-EJ-5506,-0.0,-1.9583046e-08,-0.0,-6.125742e-11,0.0,-0.0,-5.050083e-10,1.0471076e-09,5.7701306e-11,0.0,-0.0,-0.0,-0.0,-0.0,-0.0,0.0,-0.0,-0.0,-0.0,-1.3547177e-10,1.1826756e-10,0.0,0.0,0.0,0.0,-0.0
TCGA-EJ-7218,3.111332e-05,0.0001973061,6.164042e-08,6.886333e-06,2.7057325e-05,-1.2896915e-05,2.0160073e-06,-7.429857e-05,5.770171e-11,0.0,1.9872253e-09,-2.0951757e-05,-1.8280318e-11,-3.94524e-05,-0.00019833849,0.0,-0.0,-0.0,1.8144002e-07,-1.5133251e-05,2.9969215e-07,-7.643812e-10,0.0,0.0,-0.00023977832,-0.0
TCGA-EJ-A46B,-0.0,0.0,-0.0,-6.125742e-11,0.0,-0.0,-5.0500826e-10,1.0471076e-09,5.7701302e-11,0.0,-0.0,-0.0,-0.0,-0.0,-0.0,0.0,-0.0,-0.0,-0.0,-1.3547176e-10,1.1826756e-10,0.0,0.0,0.0,0.0,-0.0
TCGA-EJ-A8FU,-1.631977e-05,-3.549993e-06,6.6394136e-08,1.8795373e-06,2.0335176e-05,-0.0,-6.367417e-07,1.0436756e-09,5.751218e-11,0.0,-0.0,-0.0,-0.0,-2.4830635e-09,-3.6214928e-08,0.0,-0.0,-0.0,4.2787965e-06,-1.3502774e-10,1.1787993e-10,0.0,0.0,3.21947e-07,-4.3365123e-08,-0.0
TCGA-G9-6365,-3.819978e-08,-3.072472e-07,-0.00016883438,-6.1265035e-11,5.6531195e-07,2.2321023e-09,5.4042603e-06,-1.0681825e-07,3.7221966e-08,-7.402451e-05,-0.0,-2.0758835e-08,-0.0,2.26116e-06,3.7830324e-07,-1.2303909e-09,-0.0,-1.5739049e-07,0.0012478216,-1.3548859e-10,1.1828226e-10,1.3664151e-06,0.0,5.553001e-10,1.1602943e-05,-0.0
TCGA-G9-6498,-0.0,-0.0005005162,-0.0,-6.125373e-11,-1.7137891e-09,-0.0,6.8816356e-05,1.0470446e-09,5.7697826e-11,0.0,-0.0,-3.5660237e-06,4.9901905e-09,2.8914307e-09,-0.0,0.0,-0.0,-0.0,-0.0,-1.354636e-10,1.1826044e-10,0.0,0.0,0.0,0.0,-0.0
TCGA-G9-7522,-0.0,2.7475073e-06,2.7288547e-06,-6.1265736e-11,-1.3032064e-06,-0.00025585757,-5.050768e-10,1.0472497e-09,5.7709136e-11,0.0,-0.0,-9.138702e-06,-0.0,-4.622035e-06,9.562882e-09,0.0,-2.9830133e-08,-0.0,3.030964e-07,-1.3549015e-10,3.349792e-07,0.0,0.0,0.0,0.00012324454,-0.0
TCGA-HC-7077,5.208558e-07,-1.4332768e-05,-1.2237245e-08,1.352149e-09,6.317799e-07,-2.2392534e-10,-1.4020089e-06,2.1579176e-06,2.0563722e-07,0.0,-0.0,1.7500286e-10,-1.2196786e-08,-0.0,-0.0,-7.854845e-10,-4.106393e-06,-0.0,-0.0,-1.3592268e-10,1.186612e-10,0.0,0.0,-1.105245e-06,-5.036831e-09,-0.0
TCGA-HC-7081,-0.0,-3.994921e-07,-0.0,-6.123835e-11,0.0,-1.8146523e-08,1.6843343e-05,1.0467816e-09,5.7683334e-11,0.0,-0.0,-0.0,-0.0,9.046126e-06,-5.8039853e-07,0.0,-0.0,-0.0,0.000114420516,4.0628872e-10,6.3525374e-07,0.0,0.0,0.0,0.0,9.359332e-09
TCGA-HC-7230,1.0130052e-06,-2.0230088e-06,-4.32224e-06,-6.130807e-11,-1.5523552e-08,-0.0,-5.0542587e-10,1.0479734e-09,1.1261058e-09,0.0,-0.0,-0.0,-0.0,-0.0,-1.9515252e-05,0.0,-0.0,-0.0,7.7596303e-07,-1.3558378e-10,1.1836536e-10,0.0,0.0,-1.820316e-05,2.6249033e-06,-0.0
TCGA-HC-7819,-0.0,5.5709693e-06,-9.102911e-09,-3.063657e-10,-1.1964153e-05,-1.5701195e-08,9.799674e-08,1.0473763e-09,5.7716106e-11,0.0,1.2503569e-08,7.8091455e-07,-0.0,1.511398e-05,1.2579003e-05,0.0,-0.0,-0.0,5.6549766e-08,1.3550652e-10,-4.0106543e-06,-2.246358e-05,0.0,-6.3867955e-09,-0.00017972742,4.6723483e-07
TCGA-HC-8259,2.5972573e-08,-4.4752144e-07,-3.7542516e-10,-3.738133e-09,2.2134822e-07,-0.0,9.569529e-06,1.2397262e-06,5.7723392e-11,0.0,-0.0,1.5704017e-09,-0.0,-1.2997177e-06,-2.4487024e-08,0.0,-0.0,-0.0,5.977933e-07,-1.8415492e-05,1.1831285e-10,-1.1072398e-07,0.0,0.0,-6.466272e-05,-0.0
TCGA-HC-8261,-0.0,-1.394907e-07,-0.0,-6.15103e-11,-5.8260943e-05,-0.0,-4.4421344e-07,1.05143e-09,5.7939497e-11,-4.3035775e-10,-0.0,1.4011386e-09,-0.0,-2.3362341e-08,-1.2711796e-07,0.0,-0.0,-0.0,-5.2015917e-08,-3.3509875e-06,-1.1459932e-07,5.0455965e-06,-3.226404e-10,0.0,4.364476e-05,-0.0
TCGA-HC-8264,-0.0,-2.408102e-06,7.909994e-07,-6.125741e-11,0.0,-0.0,4.696576e-08,1.0471073e-09,5.7701288e-11,0.0,-0.0,-0.0,-0.0,-0.0,-0.0,0.0,-0.0,-9.976477e-09,6.573866e-10,-1.3547173e-10,2.4836182e-09,0.0,0.0,0.0,0.0,-0.0
TCGA-HC-A6HX,-1.543658e-06,0.00023026843,-3.0350797e-05,5.3921835e-06,0.0009839186,7.8677334e-07,7.76669e-05,6.666199e-05,-5.7941644e-08,0.0,-0.0,-0.00010922937,-2.0480836e-07,-9.059777e-07,6.651443e-05,2.5727394e-09,2.6612818e-06,1.1676013e-07,-8.373606e-05,3.0785604e-06,3.174351e-06,-7.344261e-06,0.0,1.44095075e-05,0.00019559717,-6.905794e-08
TCGA-HC-A6HY,-0.0,5.0117183e-06,-0.0,-6.124606e-11,-2.6269095e-07,-0.0,4.7533165e-05,1.0469133e-09,5.76906e-11,0.0,-0.0,-0.0,-0.0,-4.4477977e-11,-0.0,0.0,-0.0,-0.0,-2.8919651e-09,-1.3544663e-10,1.1824562e-10,0.0,0.0,0.0,9.476789e-06,-0.0
TCGA-J4-A67T,-0.0,-4.934254e-06,1.0314996e-09,3.0613144e-11,-1.7873664e-06,-0.0,-2.354666e-06,1.9361645e-08,-5.0347634e-08,0.0,-0.0,-0.0,-0.0,-1.0671268e-09,2.9430885e-06,0.0,1.2089222e-08,-0.0,-1.2229721e-05,-4.0620868e-10,2.9788275e-08,0.0,0.0,0.0,8.501994e-06,-6.393398e-09
TCGA-J4-A6M7,-0.0,-3.999706e-05,-0.0,-6.1340814e-11,0.0,-7.3080024e-08,-2.2351753e-07,1.048533e-09,5.7779854e-11,0.0,-0.0,-0.0,-0.0,-0.0,-0.0,0.0,-0.0,-0.0,-4.8054563e-08,-1.3565618e-10,1.1842857e-10,0.0,0.0,0.0,-1.8320462e-07,-0.0
TCGA-J4-A83I,-0.0,0.0,-0.0,-1.9167447e-07,0.0,-0.0,-5.0500826e-10,1.0471076e-09,5.7701302e-11,0.0,-0.0,-0.0,-0.0,-0.0,-0.0,0.0,-0.0,-0.0,-0.0,-1.3547176e-10,1.1826756e-10,0.0,0.0,0.0,0.0,-0.0
TCGA-J4-AATZ,-0.0,4.4200795e-05,-7.5344826e-07,2.651137e-06,1.4871397e-05,6.248334e-09,-6.877359e-07,-0.00010677653,5.769414e-11,0.0,-0.0,0.00034264533,-0.0,5.948405e-07,-1.1472476e-09,-2.901883e-08,-0.0,5.519366e-07,-2.2992533e-07,-1.3545494e-10,1.1825288e-10,-9.954148e-06,0.0,1.1103243e-08,-4.8800683e-07,-0.0
TCGA-J9-A52D,-0.0,9.1716394e-09,3.7495798e-10,-6.120461e-11,1.2843111e-10,-8.473624e-09,-5.045729e-10,-5.2310245e-10,5.7651557e-11,0.0,-0.0,6.3013244e-06,-0.0,1.6001236e-09,-5.391905e-07,0.0,-0.0,-1.564314e-06,2.5484617e-08,5.9830954e-06,1.5751475e-07,-3.441308e-07,0.0,0.0,2.8233346e-05,-4.018044e-08
TCGA-KC-A4BO,-0.0,0.0,-0.0,-6.111053e-11,0.0,-0.0,-5.0379734e-10,1.0445967e-09,5.7562944e-11,0.0,-0.0,2.498507e-05,-0.0,1.7521049e-07,-0.0,0.0,-0.0,-0.0,-0.0,-1.3514692e-10,1.1798397e-10,0.0,0.0,0.0,0.0,-0.0
TCGA-KK-A7AQ,-1.505864e-06,0.00164574,-7.711661e-07,8.270609e-10,-0.0009874891,1.14362365e-05,0.00058187277,1.2566593e-08,0.0,0.0,-0.0,7.3474286e-07,4.5997716e-08,3.052194e-05,-2.0884663e-07,1.6777711e-10,3.1800373e-06,1.16753e-07,2.3918207e-07,-5.1891064e-08,1.5683904e-07,3.6000172e-05,0.0,0.0,-0.00072751445,-4.0219273e-08
TCGA-KK-A7AY,5.942355e-07,-9.389816e-05,-1.0435517e-05,-4.0085303e-07,1.335887e-06,-4.4141007e-08,1.3297411e-05,2.095415e-09,5.7734355e-11,0.0,1.1633854e-08,-7.744598e-06,-4.1519796e-09,-1.596635e-07,-0.0,0.0,3.1537488e-06,2.5657462e-06,-1.4602345e-07,1.3554936e-10,0.0,0.0,0.0,0.0,3.2554606e-06,-4.0238145e-08
TCGA-KK-A7B1,5.969232e-07,-2.3247556e-05,3.0500449e-05,1.2497189e-08,2.2764676e-05,-0.0,1.9762042e-06,1.0246501e-06,5.770442e-11,0.0,-0.0,1.9609615e-06,-0.0,-3.8548956e-06,3.1042402e-06,0.0,-0.0,-0.0,3.4886768e-06,-1.6460709e-07,-3.560046e-08,-5.1925017e-05,3.2133135e-10,3.422074e-05,0.000108208995,-0.0
TCGA-KK-A8I4,-1.7973183e-06,-5.827749e-05,8.233563e-08,3.224057e-06,8.557732e-07,-0.0,1.4138643e-06,1.0466162e-09,5.7674227e-11,0.0,-0.0,-1.5690642e-08,-0.0,-2.4741412e-06,-2.6148217e-07,0.0,-0.0,2.8950382e-08,-2.2813756e-06,-1.620836e-07,1.1821207e-10,-1.465721e-05,0.0,0.0,0.00014087601,-4.9181903e-10
TCGA-KK-A8IH,4.2543682e-08,2.7257786e-06,5.5819008e-08,-6.1772e-11,2.1232036e-07,-0.0,-5.092504e-10,1.0559035e-09,5.8186005e-11,0.0,-0.0,-5.452512e-09,1.10602465e-10,2.8373004e-06,1.8070468e-05,0.0,-3.142107e-07,-2.5202635e-06,1.0606542e-08,-1.3660975e-10,1.1926103e-10,6.0122143e-09,0.0,-5.7487233e-07,-2.42945e-05,-0.0
TCGA-KK-A8IJ,-0.0,0.0,3.752815e-10,-6.125742e-11,0.0,-0.0,-5.0500826e-10,1.0471076e-09,5.7701302e-11,0.0,-0.0,-0.0,-0.0,-0.0,-0.0,0.0,-0.0,-0.0,-0.0,-1.3547176e-10,1.1826756e-10,0.0,0.0,0.0,0.0,-0.0
TCGA-QU-A6IO,1.3003975e-06,0.00032172538,-7.370401e-07,-4.0929746e-07,0.00016281285,7.439525e-11,-0.000116706084,1.0471228e-09,5.7702145e-11,1.4559687e-05,-0.0,2.1333904e-06,1.2796317e-09,-2.9737253e-06,-0.0,0.0,-0.0,9.409591e-05,-1.7584036e-06,1.3547374e-10,-4.4291846e-07,1.0759052e-05,0.0,0.0,2.55249e-06,-0.0
TCGA-SU-A7E7,-0.0,-1.4697484e-08,-0.0,-5.823496e-10,0.0,-0.0,-3.1953848e-06,3.588834e-07,5.774137e-11,0.0,-0.0,1.7454344e-10,-0.0,-0.0,-3.903835e-08,0.0,-0.0,-0.0,-0.0,-1.3556584e-10,1.1834969e-10,0.0,0.0,0.0,-1.0187877e-05,-0.0
TCGA-V1-A8ML,-0.0,2.2642891e-07,-0.0,-6.125741e-11,-3.427784e-10,-0.0,8.165982e-07,1.0471073e-09,5.7701288e-11,0.0,-0.0,-0.0,-0.0,2.2243109e-10,3.011898e-06,0.0,-0.0,-7.4019026e-09,-1.4068073e-08,-1.3547173e-10,1.1826753e-10,-6.742251e-06,3.2131392e-10,0.0,3.274234e-07,-0.0
TCGA-V1-A8MM,1.3003931e-06,0.00032103827,-1.7223269e-06,-7.0909323e-07,0.00016281009,-5.9516e-10,-0.00011031172,1.8675374e-06,5.770195e-11,1.4559638e-05,-0.0,7.64676e-07,1.2796275e-09,-3.1506834e-06,4.207144e-09,0.0,-0.0,9.4095594e-05,-1.7601071e-06,1.3547329e-10,-2.8644726e-07,1.2477505e-05,0.0,0.0,5.5007768e-05,-0.0
TCGA-V1-A8WV,9.990596e-10,-0.00024953496,2.1598573e-05,6.934726e-08,0.000100779034,-0.0,-5.052595e-10,-1.5714428e-09,-3.18381e-08,0.0,-0.0,-5.078214e-08,-0.0,-1.4290699e-05,-4.224381e-05,0.0,-0.0,7.4055864e-09,-2.89986e-06,5.9912372e-06,1.5772909e-07,-1.4501151e-05,0.0,0.0,0.00011279575,-2.7142735e-09
TCGA-V1-A8X3,-7.879995e-09,0.0,-2.6097977e-08,3.0212683e-11,1.614535e-08,-0.0,-1.3504813e-06,2.571883e-07,5.6917547e-11,0.0,-0.0,-1.9149515e-07,-0.0,2.1940987e-09,-0.0,0.0,-0.0,-0.0,-2.2047555e-09,-1.8481256e-07,1.1666114e-10,0.0,0.0,0.0,4.3566015e-06,-0.0
TCGA-V1-A9O5,1.0221654e-06,-2.034177e-05,-2.1172948e-06,-6.1954136e-11,-1.6900508e-08,1.4385943e-06,6.1785668e-06,1.0590169e-09,1.1379726e-09,0.0,-0.0,-0.0,-0.0,3.492393e-05,-0.0,0.0,-0.0,-0.0,7.758957e-07,6.124461e-08,1.5836719e-07,-2.0750113e-05,1.5016793e-06,0.0,-7.1532363e-06,-0.0
TCGA-V1-A9OQ,-0.0,6.600367e-08,3.3523676e-07,-3.731665e-09,3.4231634e-10,-0.0,-5.0432747e-10,1.045696e-09,5.762351e-11,0.0,-0.0,-0.0,-0.0,-0.0,-0.0,0.0,-0.0,-0.0,-1.0792868e-07,-1.5111525e-05,1.1810812e-10,0.0,0.0,0.0,2.6482763e-05,-0.0
TCGA-YL-A8HJ,-0.0,-4.995882e-07,-5.0175945e-06,-6.128448e-11,-4.065125e-05,-1.5406393e-08,-5.052313e-10,1.04757e-09,5.772679e-11,0.0,-0.0,-0.0,-0.0,7.023028e-08,-0.0,0.0,5.6378315e-09,-0.0,-9.607347e-07,-1.355316e-10,-7.773611e-08,1.939619e-06,0.0,0.0,0.0,-0.0
TCGA-YL-A8HO,2.545766e-08,-0.001754595,2.1480062e-07,-1.2040516e-07,-1.7080259e-06,-4.478643e-06,3.1581203e-06,6.284172e-05,-2.9695104e-07,0.0,-0.0,-0.00020168425,3.6552202e-11,2.9554935e-06,2.0838062e-05,-3.3544445e-10,-3.3117416e-08,-0.0,-1.982235e-07,-1.3544148e-10,1.1824113e-10,0.0,0.0,-2.7093383e-06,-8.086165e-08,-0.0
TCGA-YL-A8SB,1.0103647e-06,-2.0280672e-06,-2.092851e-06,-8.26725e-10,-1.499202e-08,-0.0,-9.2590494e-07,0.00011871026,-4.5858655e-09,0.0,-0.0,-0.0,-0.0,-0.0,9.902802e-07,0.0,-0.0,-0.0,7.6877825e-07,-1.3543076e-10,1.1823177e-10,0.0,0.0,0.0,8.3364563e-07,-0.0
TCGA-YL-A8SK,-1.248306e-09,-7.532992e-05,-0.0,-6.1262447e-11,1.6949387e-05,7.4400264e-10,6.110596e-06,-0.00017848627,5.7706034e-11,0.0,8.732402e-10,4.434091e-05,-0.0,3.147681e-05,-2.524465e-07,0.0,-0.0,-0.0,-2.2823708e-06,-1.3548287e-10,-3.853473e-06,-2.245966e-05,0.0,0.0,-0.00018780254,4.666612e-07
TCGA-YL-A9WI,1.098625e-08,-0.00047418458,-1.6138485e-05,6.649697e-06,-2.1398525e-06,-4.268495e-06,3.8823215e-05,-7.407736e-05,1.2552384e-08,0.0,1.9976218e-09,-3.128571e-05,-0.0,1.1806009e-05,0.001679457,0.0,1.3142431e-07,-0.0,7.350829e-06,-1.6611679e-05,0.0,8.385244e-07,0.0,1.677681e-05,0.00019461692,-0.0
TCGA-ZG-A9M4,1.0140137e-06,-2.0280243e-06,-2.1004098e-06,-6.737775e-06,-1.5222423e-07,-0.0,-5.0667887e-10,1.0505715e-09,1.1288975e-09,0.0,-0.0,-0.0,-0.0,-0.0,-1.573287e-07,0.0,-0.0,-0.0,7.715549e-07,-1.359199e-10,1.1865879e-10,3.334807e-06,0.0,0.0,2.6314108e-06,-0.0
TP_2001,4.820691e-07,-0.00030814193,-1.0005036e-06,-2.2267665e-08,-0.00010866963,2.9609664e-08,-5.5527134e-06,1.0471355e-09,5.193255e-10,0.0,1.2741575e-08,-0.0,-0.0,-3.7830762e-06,-4.586737e-05,0.0,-0.0,-0.0,3.8208333e-07,-1.3547537e-10,5.913536e-10,3.831153e-06,0.0,0.0,3.3725515e-05,-0.0
TP_2020,-1.2484551e-09,-0.00012613411,-1.0771365e-05,-6.126976e-11,-3.8038934e-07,-1.4881829e-10,-1.0299193e-06,-2.1783702e-05,5.7712925e-11,0.0,-0.0,-2.512187e-08,3.656774e-11,-6.9634973e-07,-2.4406077e-07,0.0,6.873754e-10,-4.087962e-08,-2.2822492e-06,3.6584742e-09,4.9682383e-09,3.5168368e-09,0.0,0.0,3.5705835e-08,-4.9214904e-10
TP_2064,7.5993144e-06,5.501362e-06,-3.0390886e-06,-3.3013487e-06,-1.2198446e-05,2.9320668e-07,-1.7459284e-06,-6.225464e-07,1.5043142e-06,0.0,-3.964647e-09,-6.7809383e-06,2.355941e-06,-2.385375e-06,0.0003425873,0.0,-1.0996514e-08,-0.0,8.3980103e-07,1.7206045e-08,-4.0108353e-06,-3.0206296e-05,0.0,-7.079662e-09,0.0004452003,4.671457e-07
TP_2077,2.6463376e-06,-2.2674898e-05,1.8520126e-05,1.921048e-07,-2.2476163e-06,4.4054937e-05,-9.256875e-06,8.104677e-07,-5.022938e-08,0.0,-0.0,6.311347e-06,-1.9967607e-07,-1.546527e-05,-4.1618077e-05,0.0,5.0728113e-06,-1.721761e-08,1.0126465e-05,-1.3547284e-10,2.7627522e-07,-6.5747545e-06,1.6531737e-07,-1.7510045e-05,-5.7404435e-05,-0.0
