ind,Extracellular matrix organization,Reproduction,Immune System,Muscle contraction,Chromatin organization,Developmental Biology,Circadian Clock,Vesicle-mediated transport,Mitophagy,Digestion and absorption,DNA Replication,Organelle biogenesis and maintenance,Gene expression (Transcription),Programmed Cell Death,DNA Repair,Cellular responses to external stimuli,Metabolism of RNA,Cell Cycle,Cell-Cell communication,Neuronal System,Signal Transduction,Metabolism of proteins,Metabolism,Transport of small molecules,Disease,Hemostasis
C3L-00017-02,-0.00016857343,0.00012880332,-7.077595e-05,0.00029901182,-3.665404e-07,0.00047803353,0.00038901943,0.0016688526,2.3448636e-06,-6.6148773e-06,-3.4913874e-06,-0.0003681636,0.00040237862,3.4577617e-05,0.0002947788,0.00045731253,-0.00047264458,0.00073272485,-4.259098e-05,-0.0010998602,0.004045707,0.005230348,-0.002774014,-0.00098493,0.007912967,5.639342e-05
C3L-00102-06,-0.00045248002,0.0001339222,0.000227682,0.00018522228,-3.120446e-07,0.00056544074,0.0003473019,0.001659797,1.7944203e-06,-3.371139e-05,-2.1436172e-06,-0.00038184455,0.00032175155,3.7245813e-05,0.0002586513,2.1159498e-05,-0.00051491277,0.00080217794,-3.7528218e-05,-0.0011640897,0.00304601,0.0041664387,-0.003866979,-0.00058463606,0.008241106,-0.00036764488
C3L-00277-03,-0.00053906196,0.00014665922,0.0002681481,0.00036979176,1.7253444e-07,0.00032744338,0.00041459195,0.0016842907,2.891212e-06,-4.9087107e-06,-4.711589e-06,-0.0003731294,0.0005424344,4.12623e-05,0.00030426835,0.0005498342,-0.00030808628,0.0010659496,-3.0173189e-05,-0.00051903457,0.004255519,0.006359051,-0.004218483,-0.0010825595,0.008187315,-0.00017897873
C3L-00622-04,-6.786911e-06,0.000113899914,-0.00018558835,0.00015963764,-6.419537e-07,0.0005475035,0.00032803128,0.0015678443,1.971386e-06,-2.2993481e-05,-5.981755e-07,-0.0003847043,0.00023051363,3.070771e-05,0.00022107495,-0.00028172674,-0.00054348534,0.0004749913,-2.900459e-05,-0.0007301326,0.0028021578,0.0031519723,-0.0046699746,-0.00079714024,0.0076850886,-0.000267436
C3L-00819-06,-0.000659767,0.00011990441,0.00012950503,0.00020575966,-6.1120926e-07,0.00063156884,0.0003374893,0.0016557497,1.2839915e-06,-2.302984e-05,-1.5547363e-06,-0.0003755288,0.0002835253,3.4876764e-05,0.00043601732,0.00035020467,-0.0004514793,0.0008424791,-3.8829246e-05,-0.001328851,0.0028123758,0.0034935442,-0.0026654296,-0.00065772946,0.009027758,-0.00025365216
C3L-00928-03,-0.00049880863,0.0001552349,0.0001315983,0.00034884972,-2.9972531e-07,0.0004335832,0.0003838578,0.0017021562,2.079432e-06,-6.1060546e-06,-3.1258123e-06,-0.00034857364,0.00040104287,3.872212e-05,0.00029093653,0.00076023774,-0.00036373193,0.0008741307,-4.1156323e-05,-0.0009805652,0.003615679,0.005846621,-0.0037498903,-0.00090463314,0.0102142,-7.9889076e-05
C3L-01031-01,-6.424827e-05,0.00013684283,-0.00013742085,0.00023259089,-2.573808e-07,0.00044496247,0.00034526203,0.0016921993,2.8355516e-06,-9.049974e-06,-3.465358e-06,-0.00038944723,0.0003415029,4.501023e-05,0.00024756516,0.000898026,-0.00050100783,0.0007769905,-3.9166986e-05,-0.0013360104,0.0036298444,0.0053429077,-0.0037431947,-0.00094690325,0.009578157,-0.00023407883
C3L-01032-01,-0.00037747645,0.0001403943,0.00022379182,0.00038529822,-5.2148795e-07,0.0005566279,0.00037993694,0.0017336907,1.7413262e-06,-6.1581027e-06,-2.0683565e-06,-0.00035002994,0.00043361913,4.8965463e-05,5.6934555e-06,0.00054047554,-0.0005872498,0.00097143237,-4.4115564e-05,-0.0008742117,0.003929831,0.0056727384,-0.0043697855,-0.00091594394,0.008775054,6.875958e-05
C3L-01036-01,-0.00038541315,0.00015104737,0.00016775484,0.00025990812,-1.8625806e-07,0.00058697356,0.00038139944,0.0016334081,2.290394e-06,-2.0048086e-05,-4.379989e-06,-0.00037930577,0.00046514597,4.097583e-05,-3.052452e-05,-5.7914178e-05,-0.00064070284,0.0009545444,-4.221796e-05,-0.0010526957,0.0037417705,0.0065105404,-0.004205281,-0.00083262485,0.007989421,8.1938444e-05
C3L-01039-03,-0.00036861195,0.00013942886,0.00015995163,0.0002673398,-1.1150651e-07,0.0005113043,0.0003713512,0.0016391794,1.7336904e-06,-1.3306235e-05,-4.056932e-06,-0.00035551473,0.00036116815,4.131263e-05,4.9567938e-05,0.00017434898,-0.00048006073,0.00083210104,-4.1251355e-05,-0.0015567519,0.0037174062,0.004281281,-0.004355818,-0.000825546,0.00597246,-0.00021302633
C3L-01039-03,-0.00044029488,0.00015254336,0.000367381,0.00025193387,2.1800616e-07,0.0005513689,0.0003752229,0.0016270465,1.8682855e-06,-1.772469e-05,-4.6224645e-06,-0.00038293842,0.00045120023,3.8186612e-05,9.739867e-05,-4.3977972e-05,-0.0004575531,0.0009437015,-4.3199394e-05,-0.0013618798,0.0034642874,0.005060395,-0.004084641,-0.0007524117,0.00653627,-0.00019957681
C3L-01039-03,-0.00039082303,0.00012461397,0.000105077495,0.0003027433,-3.069329e-08,0.0004103865,0.00038699326,0.0016869754,1.7842445e-06,-1.1506829e-05,-4.1942426e-06,-0.00035472048,0.00038476163,4.2609183e-05,-2.9435798e-06,0.00040405855,-0.00043253865,0.0009001819,-4.555979e-05,-0.00083947513,0.0037296973,0.005051513,-0.0047196583,-0.0010123256,0.006516158,-0.00013135518
C3L-01039-03,-0.00039082303,0.00012461397,0.000105077495,0.0003027433,-3.069329e-08,0.0004103865,0.00038699326,0.0016869754,1.7842445e-06,-1.1506829e-05,-4.1942426e-06,-0.00035472048,0.00038476163,4.2609183e-05,-2.9435798e-06,0.00040405855,-0.00043253865,0.0009001819,-4.555979e-05,-0.00083947513,0.0037296973,0.005051513,-0.0047196583,-0.0010123256,0.006516158,-0.00013135518
C3L-01039-05,-5.381983e-05,1.8168414e-05,-0.00017085417,9.498357e-06,-5.8823324e-09,0.00028596085,0.00020549916,0.0012200383,-2.718112e-07,-5.6544113e-06,4.132613e-06,-2.1001006e-05,4.182349e-05,4.543542e-05,0.00013093067,0.0011801238,-0.00013659612,7.571792e-05,-1.19484575e-05,-0.00019093999,0.0028483053,0.00016054772,-0.0009177435,-0.00042501334,0.0069514266,-0.0001244617
C3L-01039-05,-2.6864374e-05,9.9022e-05,4.833125e-05,0.00013866345,-1.3154015e-07,0.0005467558,0.00033689648,0.0015114612,1.2376013e-06,-1.9223504e-05,-2.3327561e-06,-0.00033879094,0.00025236132,3.472326e-05,0.00017993855,-0.00026746126,-0.0004807938,0.00038778072,-3.1547523e-05,-0.001112737,0.0033298056,0.0019078716,-0.00334735,-0.0005557238,0.0059475563,-0.00031955366
C3L-01052-02,-0.0002612043,0.00010567499,1.038338e-05,0.00015592728,-9.62541e-07,0.00060080265,0.00031078633,0.0016128316,1.172153e-06,-2.1742215e-05,-2.2914887e-07,-0.0003787815,0.00024892236,3.5751145e-05,0.00034497422,7.890651e-05,-0.0005313625,0.00053878943,-3.4259443e-05,-0.0012589076,0.003215799,0.0028759253,-0.0036087101,-0.0008119807,0.007249721,-0.00025519243
C3L-01053-01,-0.00013852098,9.113264e-05,-8.222671e-06,0.00011053685,-7.653546e-07,0.00047663428,0.00028255145,0.0015926027,8.1196083e-07,-2.1646892e-05,9.222401e-07,-0.0003167646,0.00016007955,3.4192202e-05,0.00020220154,-5.8329933e-05,-0.00055889954,0.00040865384,-3.2718857e-05,-0.00074872037,0.003317493,0.0028569782,-0.0038079298,-0.00093124533,0.008091781,-0.00019649214
C3L-01053-01,-0.00013852098,9.113264e-05,-8.222671e-06,0.00011053685,-7.653546e-07,0.00047663428,0.00028255145,0.0015926027,8.1196083e-07,-2.1646892e-05,9.222401e-07,-0.0003167646,0.00016007955,3.4192202e-05,0.00020220154,-5.8329933e-05,-0.00055889954,0.00040865384,-3.2718857e-05,-0.00074872037,0.003317493,0.0028569782,-0.0038079298,-0.00093124533,0.008091781,-0.00019649214
C3L-01158-01,-0.00020009479,0.00012639546,-0.0005842577,0.00013089197,-1.008056e-06,0.00054492836,0.00037997594,0.0015662792,1.4996664e-06,-5.7096863e-06,-7.1537823e-07,-0.00028535802,0.000415738,3.9807834e-05,4.4887067e-05,0.00031426674,-0.0005712182,0.00086191366,-3.9838844e-05,-0.00080059434,0.0037518423,0.0045271125,-0.003953993,-0.000727301,0.0077636177,-4.9857023e-05
C3L-01160-01,-0.00031090877,0.00015233383,-0.0001295231,0.00041677133,-9.039564e-08,0.00040095943,0.00040352883,0.0016164287,2.0878813e-06,-3.6501176e-06,-3.3196782e-06,-0.00034200517,0.00035348817,6.246973e-05,6.389378e-06,0.00023613352,-0.0005087568,0.000855855,-4.3500037e-05,-0.0011815146,0.003401156,0.0053551067,-0.005078744,-0.00086246047,0.0060777296,-4.5507073e-05
C3L-01328-01,-0.0001661396,9.825157e-05,0.00016069436,0.00035029842,-2.127362e-07,0.00042528738,0.00037187664,0.0016692823,2.2675958e-06,-7.818146e-06,-4.5116826e-06,-0.00033163332,0.00022464564,4.554586e-05,0.00032694725,0.0005231517,-0.00044319907,0.00058005,-2.5983412e-05,-0.0011147946,0.0034522898,0.0043452284,-0.0037558787,-0.0010545602,0.008163406,-0.00017030409
C3L-01328-03,-0.0005410497,0.00012277905,-0.00020256363,0.0001708878,-7.777633e-07,0.00050727295,0.0003588554,0.0016537495,1.3453587e-06,-2.0755126e-05,1.13261144e-07,-0.0003416169,0.00022558346,3.922709e-05,0.00033943556,0.000308826,-0.00047810999,0.00073163613,-4.1540676e-05,-0.0010935214,0.0030605497,0.003403524,-0.0033745312,-0.00082015846,0.009518548,-0.00014873044
C3L-01453-04,-0.00086208043,0.00014402179,-0.00033975282,0.00018835928,-1.1020374e-08,0.00038360996,0.00038978632,0.0016243249,2.1101164e-06,-1.24812295e-05,-2.4825995e-06,-0.00034116505,0.0003415209,3.3846907e-05,0.0003530611,-2.9943682e-05,-0.0006410298,0.00084140454,-4.0465296e-05,0.00015268478,0.0023586217,0.0061212126,-0.0027060176,-0.00035465788,0.011217375,-0.00032241613
C3L-02604-01,-0.000628118,0.000138227,0.00043952648,0.00026747654,1.2900471e-09,0.00032009298,0.00041072286,0.0016636491,3.8921025e-06,-7.252098e-06,-6.9113426e-06,-0.00039571713,0.00049996865,4.4528068e-05,0.00012773846,0.00069886365,-0.0005428415,0.0010579763,-4.6771445e-05,-0.0008390374,0.0035469495,0.004996481,-0.0036853538,-0.0009307715,0.0070623457,-0.00021331359
C3L-02606-04,-0.0003044024,0.00011816251,0.0001099351,0.00013670092,-8.662628e-07,0.0004985335,0.00030318624,0.0015624607,1.2884753e-06,-2.1888407e-05,3.4897695e-07,-0.0003723484,0.00019809991,3.2804237e-05,0.0002525749,0.0001374522,-0.00053224695,0.0005113172,-3.0968138e-05,-0.00078744406,0.0032868695,0.00276657,-0.0037111552,-0.00084362406,0.0076337643,-0.00027762973
C3L-02610-04,0.00017216317,7.934841e-05,8.030187e-05,9.840888e-05,-9.549752e-07,0.00045836912,0.00028081986,0.0014697815,1.2769234e-06,-2.1551392e-05,2.2951378e-06,-0.00037002715,3.1104817e-05,3.0582243e-05,0.00032218697,-5.678685e-05,-0.0004430377,0.00013607509,-2.256259e-05,-0.00010268938,0.0032514343,0.0009474719,-0.0033795082,-0.0006839468,0.005322277,-0.00039233678
C3L-02701-02,-0.0006631399,0.00011656122,0.0003420822,0.00029855562,2.6158622e-07,0.00042565292,0.00039676987,0.0016680653,1.7217027e-06,-3.5565988e-06,-4.4491335e-06,-0.00039151753,0.0003642556,4.3008244e-05,0.00024329856,0.00028151282,-0.00039122737,0.00091195636,-3.783062e-05,-0.0010083922,0.003482561,0.004737536,-0.0038468593,-0.0011923144,0.008466937,-0.00018679925
C3L-02809-06,-0.0008964118,0.00014270507,0.00029560918,0.00026422838,1.1301635e-08,0.0005958242,0.00036861066,0.0015723557,1.4965316e-06,-1.8087376e-05,-3.4868424e-06,-0.0004061893,0.0003393063,3.331224e-05,0.0004550855,0.00016988593,-0.00041286176,0.0010543308,-3.5092566e-05,-0.00057505345,0.0037875376,0.0050884387,-0.0007642404,-0.0005487619,0.009587251,-0.00031446147
C3L-02888-02,-0.0003242515,6.817022e-05,4.1461997e-05,0.00021205135,-5.3200233e-07,0.00038768654,0.0003335766,0.0016264581,2.196244e-06,-2.1337186e-05,-3.448892e-06,-0.00038397874,0.00030288062,3.4025787e-05,0.00030336255,0.00048278013,-0.00048754294,0.00074476417,-3.424135e-05,-0.0006316084,0.0029409889,0.004132492,-0.00297854,-0.00083391933,0.008624228,-0.00014725416
C3L-02888-02,-0.0003242515,6.817022e-05,4.1461997e-05,0.00021205135,-5.3200233e-07,0.00038768654,0.0003335766,0.0016264581,2.196244e-06,-2.1337186e-05,-3.448892e-06,-0.00038397874,0.00030288062,3.4025787e-05,0.00030336255,0.00048278013,-0.00048754294,0.00074476417,-3.424135e-05,-0.0006316084,0.0029409889,0.004132492,-0.00297854,-0.00083391933,0.008624228,-0.00014725416
C3L-02888-02,-0.0005190413,8.0263504e-05,7.0758124e-06,0.00030082828,-2.092713e-07,0.00023924284,0.00033915782,0.0016400343,2.5932286e-06,-1.3597719e-05,-5.193315e-06,-0.00040524325,0.00041450365,3.8021448e-05,0.00020004624,0.0004681925,-0.0004356168,0.0008585587,-3.0760402e-05,-0.00052589516,0.0026533457,0.00456584,-0.0030698865,-0.00086871325,0.008121945,-3.0818068e-05
C3L-02897-01,-0.0008917302,0.0001615878,0.00052666536,0.00035660315,3.710697e-07,0.0005792802,0.00037352275,0.0016276134,1.941924e-06,-1.7148575e-05,-6.318158e-06,-0.00039666428,0.000440975,3.9586055e-05,0.0002996068,0.00044406566,-0.00054889685,0.0010332376,-3.9790124e-05,-0.0015318363,0.0033131817,0.006401497,-0.0038658688,-0.0012792944,0.009726874,-0.00017157727
C3L-02899-01,-0.00079465477,0.00014541665,0.00043086163,0.00039738402,4.409981e-08,0.00049862324,0.00038477607,0.0016231897,2.1689862e-06,-1.5507387e-05,-4.312926e-06,-0.00037975068,0.00044709808,4.406147e-05,0.00031757014,0.00047898496,-0.00050359376,0.0010557711,-3.5572404e-05,-0.00067434425,0.0031230487,0.0062894383,-0.0032328481,-0.0011736703,0.009030386,-0.00017733769
C3L-02956-01,-0.00060693186,0.00010318508,-0.0005032098,0.00028127307,-4.0427855e-07,0.00041466547,0.00037985636,0.0016360319,1.759863e-06,-5.928688e-06,-7.4482955e-07,-0.00036793307,0.00034483967,3.611204e-05,0.00030622885,0.0003551191,-0.00042572856,0.0009364947,-3.0856852e-05,-0.00019475954,0.002743867,0.0037276796,-0.0035839574,-0.0010186131,0.009087361,-0.00011722272
C3L-02956-01,-0.00060693186,0.00010318508,-0.0005032098,0.00028127307,-4.0427855e-07,0.00041466547,0.00037985636,0.0016360319,1.759863e-06,-5.928688e-06,-7.4482955e-07,-0.00036793307,0.00034483967,3.611204e-05,0.00030622885,0.0003551191,-0.00042572856,0.0009364947,-3.0856852e-05,-0.00019475954,0.002743867,0.0037276796,-0.0035839574,-0.0010186131,0.009087361,-0.00011722272
C3L-02956-01,-0.00060693186,0.00010318508,-0.0005032098,0.00028127307,-4.0427855e-07,0.00041466547,0.00037985636,0.0016360319,1.759863e-06,-5.928688e-06,-7.4482955e-07,-0.00036793307,0.00034483967,3.611204e-05,0.00030622885,0.0003551191,-0.00042572856,0.0009364947,-3.0856852e-05,-0.00019475954,0.002743867,0.0037276796,-0.0035839574,-0.0010186131,0.009087361,-0.00011722272
C3L-02956-06,-0.00079714,0.00010494723,-0.00022628516,0.00025530296,2.2317774e-07,0.00051148084,0.0004027379,0.001575389,2.1287476e-06,-6.183086e-06,-1.6134827e-06,-0.00035326544,0.00028082944,4.0206032e-05,0.00039940182,5.2662537e-05,-0.00044157178,0.0008893336,-3.6641213e-05,-0.00041654301,0.0022522565,0.0044848975,-0.0037309597,-0.0008848693,0.009605941,3.0352086e-05
C3L-02956-06,-0.00079714,0.00010494723,-0.00022628516,0.00025530296,2.2317774e-07,0.00051148084,0.0004027379,0.001575389,2.1287476e-06,-6.183086e-06,-1.6134827e-06,-0.00035326544,0.00028082944,4.0206032e-05,0.00039940182,5.2662537e-05,-0.00044157178,0.0008893336,-3.6641213e-05,-0.00041654301,0.0022522565,0.0044848975,-0.0037309597,-0.0008848693,0.009605941,3.0352086e-05
C3L-03123-04,0.0005870997,6.234126e-05,8.8001405e-05,9.741667e-05,-5.686281e-07,0.0003649364,0.00030952145,0.0014625465,1.9899064e-06,-2.1772432e-05,4.828854e-07,-0.0003648465,0.00020812379,3.2732118e-05,0.00025975276,-0.00068005,-0.000508642,9.602779e-05,-1.2593447e-05,5.3056556e-05,0.0037386105,0.0004958566,-0.004086034,-0.00080494955,0.0050112987,-0.00040602978
C3L-03348-03,-0.00070046075,0.00013361633,0.00015726397,0.00027454394,-1.0425847e-07,0.0006106441,0.00036774043,0.0016429189,2.5156164e-06,-2.3449358e-05,-5.365576e-06,-0.0003989865,0.00045217323,3.3179476e-05,0.00031220145,0.00028518544,-0.00044044587,0.0012185341,-3.3541888e-05,-0.0011032298,0.0034359407,0.005525477,-0.0026664229,-0.00070592895,0.00853603,-0.00026991114
C3L-03388-02,-0.0008452149,0.00014031083,0.00038234642,0.00033183894,1.0198783e-07,0.00048555207,0.00036058214,0.0016170017,1.3384583e-06,-1.48478175e-05,-6.26229e-06,-0.00038793258,0.0004152486,3.8426708e-05,0.0002296058,0.00030641994,-0.0005594302,0.00090612203,-3.5326506e-05,-0.0009627115,0.0029621534,0.006393593,-0.0033247466,-0.0011731355,0.009167338,-0.0003989485
C3L-03394-03,-0.0006280841,0.00016671736,0.0002125587,0.0002398063,6.377151e-07,0.00056599046,0.00036911448,0.00159501,1.3323873e-06,-2.082626e-05,-3.49151e-06,-0.00039445047,0.00038765103,3.8212733e-05,0.00040997347,-0.00044219074,-0.0004905129,0.00089110824,-4.0894185e-05,-0.0014474088,0.0028329336,0.004751637,-0.0016672191,-0.00056620047,0.0073995916,-0.0001923573
C3L-03622-02,-0.0005419985,0.000116298834,-0.00025990547,0.00022790636,-5.0323333e-08,0.00045350599,0.00040132768,0.0015884973,2.1493495e-06,-2.2026983e-05,-3.413787e-06,-0.00036331042,0.00032951697,3.795757e-05,0.00033146012,0.00015592645,-0.0004575387,0.0009088188,-4.352659e-05,-0.0009052143,0.0027290832,0.004906951,-0.0029410908,-0.0011922563,0.00785212,-2.3046203e-05
C3L-03629-02,-0.00063291856,0.00013937533,0.00034448467,0.00024336345,-7.43451e-08,0.00051846035,0.0003645162,0.0016723,2.311865e-06,-2.2282062e-05,-4.5584275e-06,-0.00039813147,0.00037433475,3.325995e-05,0.0003072356,0.00041065956,-0.0003567326,0.0010246887,-4.0598377e-05,-0.0012108615,0.003914955,0.0055485726,-0.0028386633,-0.0008773575,0.0076300805,-0.00023144594
C3L-03629-02,-0.00063291856,0.00013937533,0.00034448467,0.00024336345,-7.43451e-08,0.00051846035,0.0003645162,0.0016723,2.311865e-06,-2.2282062e-05,-4.5584275e-06,-0.00039813147,0.00037433475,3.325995e-05,0.0003072356,0.00041065956,-0.0003567326,0.0010246887,-4.0598377e-05,-0.0012108615,0.003914955,0.0055485726,-0.0028386633,-0.0008773575,0.0076300805,-0.00023144594
C3L-03629-02,-0.0008612166,0.00014623838,0.00035445287,0.000247854,-3.2947343e-09,0.0005477196,0.0003725253,0.0016753912,2.7166554e-06,-2.2640064e-05,-5.195848e-06,-0.00039946346,0.0004391781,3.398993e-05,0.00021959214,0.00026085263,-0.00044761333,0.0011159063,-4.413769e-05,-0.0011136949,0.004073249,0.00579558,-0.0032299107,-0.0008284033,0.007726429,-0.00019406392
C3L-03629-02,-0.0008612166,0.00014623838,0.00035445287,0.000247854,-3.2947343e-09,0.0005477196,0.0003725253,0.0016753912,2.7166554e-06,-2.2640064e-05,-5.195848e-06,-0.00039946346,0.0004391781,3.398993e-05,0.00021959214,0.00026085263,-0.00044761333,0.0011159063,-4.413769e-05,-0.0011136949,0.004073249,0.00579558,-0.0032299107,-0.0008284033,0.007726429,-0.00019406392
C3L-04080-06,1.3015825e-05,0.00015117571,-0.0005049505,0.0002390087,3.3029758e-07,0.00047587234,0.00041197133,0.0016354546,2.038737e-06,-3.222721e-05,-5.4484995e-06,-0.0003304021,0.00041097729,2.6112903e-05,5.537296e-05,-0.00032534642,-0.0005017261,0.00093616307,-3.545647e-05,-0.000277107,0.004001824,0.004833118,-0.00020444863,-0.0011943118,0.007867495,-0.0001786164
C3L-04473-01,-0.00071032334,0.00014026153,-0.000241071,0.00029651876,-1.6543082e-07,0.00042849377,0.00033304773,0.0016335092,1.7344096e-06,-2.178032e-05,-4.532793e-06,-0.00036625742,0.0003142854,3.620137e-05,0.0003297615,-0.0001332353,-0.0005237877,0.00079649675,-3.2011787e-05,-0.0011143858,0.0027172673,0.0044832076,-0.003003397,-0.00084204896,0.009313361,-0.000189201
C3N-00198-06,-0.00059206795,0.00014834455,0.0002380797,0.000216818,-9.1065836e-08,0.00064046576,0.000368736,0.0016309744,1.5956323e-06,-8.586202e-06,-1.746031e-06,-0.000385787,0.00032804324,3.4047585e-05,0.00047668107,0.00024143215,-0.0004905739,0.00087920093,-4.619e-05,0.00017795552,0.004653718,0.0060048606,-0.0016857191,-0.0005413238,0.009536997,-7.088887e-05
C3N-00302-02,-0.0005653997,0.00014583343,0.00056712615,0.00030803971,-2.2756922e-07,0.0005382246,0.0004095481,0.0016118402,2.959832e-06,-1.1887639e-05,-5.966805e-06,-0.00035610117,0.00052452576,4.0997144e-05,0.00017447393,0.00056671305,-0.00041991824,0.0011593183,-3.45396e-05,-0.0013871436,0.0036630929,0.0059746346,-0.0038452926,-0.00090412644,0.010299141,-3.2729957e-05
C3N-00303-01,-0.0004903713,0.00017938187,-0.00018807151,0.00025976475,7.746266e-08,0.00048605027,0.00040440244,0.0015849617,2.4921294e-06,-7.967527e-06,-4.0609502e-06,-0.0003678203,0.00044632677,4.1391115e-05,0.00027573688,-0.00012791369,-0.00065944804,0.00096159166,-4.19086e-05,7.250856e-06,0.0028664835,0.0064775855,-0.003303378,-0.00061385037,0.009068473,-4.1990734e-05
C3N-00436-05,-0.00034751563,0.000114082024,-0.00032303587,0.0001437355,-1.2561278e-06,0.0005619482,0.0003314064,0.001598672,1.0898191e-06,-2.2261995e-05,2.5211807e-06,-0.00035329934,0.00015112785,3.2311014e-05,0.0003741187,0.00046133585,-0.00041946568,0.0005616327,-3.2417694e-05,-0.0006070069,0.0026173946,0.002624066,-0.0037174255,-0.000769073,0.007985386,-0.000281617
C3N-00511-03,-0.0006070086,0.00015977366,0.00033967328,0.00028711412,-2.1524787e-07,0.00044278376,0.00041024564,0.0016503977,2.5605975e-06,-1.0660945e-05,-4.2288657e-06,-0.0003738216,0.0003775219,4.083933e-05,0.00016252631,0.0006403726,-0.0005507271,0.0010018847,-4.4963464e-05,-0.0011252265,0.0038024231,0.0067694667,-0.0036816956,-0.0006747182,0.009784064,-0.00020179266
C3N-00517-01,-0.000115026975,0.00011339182,-0.00023492951,0.00012733058,-7.278058e-07,0.00046168253,0.0002814878,0.0016080937,8.196973e-07,-2.1542315e-05,1.5359036e-06,-0.0003443798,0.0001252921,3.1200714e-05,0.00046368578,-2.3378275e-06,-0.00050507614,0.0002809878,-2.0444702e-05,-0.0009888633,0.0031486973,0.0021632686,-0.0047080726,-0.00078461197,0.00860854,-0.00032319553
C3N-01382-01,-0.00050799607,0.00012356011,6.60208e-05,0.00026605395,-2.534895e-07,0.00047621428,0.00033590628,0.0016332327,1.6834025e-06,-2.1806614e-05,-1.6672418e-06,-0.00035906662,0.000335474,4.3517928e-05,0.0003011977,-1.9303738e-05,-0.00054729544,0.0007110373,-3.0470463e-05,-0.0009977428,0.0029276672,0.004886786,-0.004642179,-0.0010357259,0.009389505,-0.00015600627
C3N-01385-02,-0.00036566556,0.000106735846,-0.0001043454,0.00021873142,-7.5267224e-07,0.0005199894,0.0003239986,0.0016641197,1.5208416e-06,-2.1765321e-05,-1.9912177e-06,-0.0003644682,0.0002980943,3.6658508e-05,0.00031237784,0.00029920664,-0.0004288988,0.0007646879,-3.6851106e-05,-0.0010066167,0.002367272,0.0044695875,-0.004588615,-0.0009884445,0.009548817,-0.00021095281
C3N-01385-02,0.00021582471,8.206844e-05,-0.00024144906,0.0001479695,-8.659782e-07,0.00050395826,0.00031914492,0.0014786054,1.8601775e-06,-2.1658014e-05,2.9989457e-07,-0.00036001913,0.00017926333,2.9100425e-05,0.00029490495,-0.0005041632,-0.00040199302,0.0003802076,-2.2841186e-05,-0.0004933212,0.0025821803,0.0019490295,-0.003955077,-0.00089974236,0.0066611213,-0.0004076661
C3N-01385-02,0.00021582471,8.206844e-05,-0.00024144906,0.0001479695,-8.659782e-07,0.00050395826,0.00031914492,0.0014786054,1.8601775e-06,-2.1658014e-05,2.9989457e-07,-0.00036001913,0.00017926333,2.9100425e-05,0.00029490495,-0.0005041632,-0.00040199302,0.0003802076,-2.2841186e-05,-0.0004933212,0.0025821803,0.0019490295,-0.003955077,-0.00089974236,0.0066611213,-0.0004076661
C3N-01385-02,-0.00028216446,0.00011535684,-0.00016588763,0.00022246788,-6.150995e-07,0.00057835854,0.00036054736,0.0016174619,1.9406673e-06,-2.1842918e-05,-2.005399e-06,-0.0003650047,0.00030526164,3.477341e-05,0.00028093558,-2.0728558e-05,-0.00042632082,0.00085415156,-3.4428416e-05,-0.000899869,0.0025276374,0.004604849,-0.0040424746,-0.0008956874,0.008262225,-0.00022769127
C3N-01385-02,-0.00028216446,0.00011535684,-0.00016588763,0.00022246788,-6.150995e-07,0.00057835854,0.00036054736,0.0016174619,1.9406673e-06,-2.1842918e-05,-2.005399e-06,-0.0003650047,0.00030526164,3.477341e-05,0.00028093558,-2.0728558e-05,-0.00042632082,0.00085415156,-3.4428416e-05,-0.000899869,0.0025276374,0.004604849,-0.0040424746,-0.0008956874,0.008262225,-0.00022769127
C3N-01385-05,-0.00028810534,0.00010997657,-9.472533e-05,0.00020061825,-3.106578e-07,0.0005312507,0.00034984044,0.00157311,2.6115865e-06,-2.1921649e-05,-2.1792407e-06,-0.00038918853,0.00028555054,3.2772507e-05,0.00024259063,-0.00046183684,-0.0004889597,0.00076817186,-2.905109e-05,-0.0006810771,0.0022526626,0.003593272,-0.0047573876,-0.00096171326,0.0077326046,-0.00025938393
C3N-01385-05,-0.00025152767,0.000114202114,-3.919371e-06,0.00020109967,-4.5512894e-07,0.0005417931,0.00035404216,0.0015971108,1.986517e-06,-2.199147e-05,-1.6430016e-06,-0.00038115625,0.00024946657,3.512306e-05,0.0002296445,-0.00029287807,-0.0005475647,0.0008153555,-3.4373505e-05,-0.0009682219,0.0027293032,0.0035088533,-0.004966457,-0.0008977913,0.0081331255,-0.00026514533
C3N-01388-03,-0.00048368814,0.00013028622,0.00021618936,0.00029413836,2.678507e-08,0.0004901575,0.000409988,0.0017089201,1.5914561e-06,-1.0581746e-05,-3.1772975e-06,-0.00036323516,0.00046846067,3.8691276e-05,0.00032836324,0.00028332853,-0.00049220206,0.00086333934,-3.8871538e-05,-0.0005833322,0.0033730539,0.0056685433,-0.0043648207,-0.0009946049,0.009487429,-0.00027680636
C3N-01502-01,-0.00079982524,0.00011768109,-8.558975e-06,0.00018787413,1.9783712e-08,0.0005076592,0.00038359067,0.0016160901,1.7420997e-06,-4.6976365e-06,-1.1510201e-06,-0.00035691998,0.0003264059,3.7984268e-05,0.00030346247,0.00017812078,-0.00043555105,0.0007740934,-3.851367e-05,-0.00083126203,0.0029563082,0.0042289435,-0.002693653,-0.000934633,0.0081406,-0.00013277591
C3N-01715-02,-8.512505e-05,0.00012398491,-0.00047092038,0.00034678224,-5.5196904e-07,0.00047164338,0.0003835037,0.0016254556,3.0753451e-06,-3.3700394e-06,-5.234555e-06,-0.00035920957,0.00029946378,3.9780392e-05,0.0001918416,0.0006968902,-0.0005042714,0.0008314229,-3.9186936e-05,-0.0014511677,0.0022342629,0.0050854925,-0.0060524577,-0.0007669258,0.007446358,6.341488e-05
C3N-01898-04,-0.0008810629,0.00013308786,-0.000230997,0.0003480383,1.210006e-07,0.0005719289,0.00041128037,0.0016312923,2.5196819e-06,-8.187363e-06,-4.3526657e-06,-0.00038312483,0.0004170952,3.928332e-05,0.00034358233,8.275287e-05,-0.00047554373,0.0010903376,-3.6740046e-05,-8.503943e-06,0.0023705794,0.0048937676,-0.0041962666,-0.0008656018,0.008251198,-9.080226e-05
C3N-01898-04,-0.0008810629,0.00013308786,-0.000230997,0.0003480383,1.210006e-07,0.0005719289,0.00041128037,0.0016312923,2.5196819e-06,-8.187363e-06,-4.3526657e-06,-0.00038312483,0.0004170952,3.928332e-05,0.00034358233,8.275287e-05,-0.00047554373,0.0010903376,-3.6740046e-05,-8.503943e-06,0.0023705794,0.0048937676,-0.0041962666,-0.0008656018,0.008251198,-9.080226e-05
C3N-01898-04,-0.0008810629,0.00013308786,-0.000230997,0.0003480383,1.210006e-07,0.0005719289,0.00041128037,0.0016312923,2.5196819e-06,-8.187363e-06,-4.3526657e-06,-0.00038312483,0.0004170952,3.928332e-05,0.00034358233,8.275287e-05,-0.00047554373,0.0010903376,-3.6740046e-05,-8.503943e-06,0.0023705794,0.0048937676,-0.0041962666,-0.0008656018,0.008251198,-9.080226e-05
C3N-01898-04,-0.0008810629,0.00013308786,-0.000230997,0.0003480383,1.210006e-07,0.0005719289,0.00041128037,0.0016312923,2.5196819e-06,-8.187363e-06,-4.3526657e-06,-0.00038312483,0.0004170952,3.928332e-05,0.00034358233,8.275287e-05,-0.00047554373,0.0010903376,-3.6740046e-05,-8.503943e-06,0.0023705794,0.0048937676,-0.0041962666,-0.0008656018,0.008251198,-9.080226e-05
C3N-01898-04,-0.0008078174,0.00013981122,-0.00024486266,0.00036200954,-1.0164155e-07,0.0006043619,0.00041647608,0.0016727232,2.2132772e-06,-1.11023855e-05,-4.4128524e-06,-0.00036738266,0.00040592495,3.9753417e-05,0.00034911511,0.0002284209,-0.00043916464,0.0011517868,-4.391248e-05,-0.00052489084,0.0026301036,0.00490149,-0.0045357975,-0.00075656665,0.008474261,-9.9607925e-05
C3N-01898-05,0.00025978408,5.8534646e-05,-0.00025783497,3.839151e-06,-1.1895454e-06,0.00038759323,0.00023589232,0.0011803294,7.556875e-07,-2.1768385e-05,4.0269188e-06,-0.00024241644,-1.7078668e-05,2.7232272e-05,0.00019390443,0.00041083564,-0.00032498152,-0.00017239459,-9.116457e-06,-0.000112622685,0.0031202326,-0.0007790913,-0.0025653574,-0.0005699032,0.0040077227,-0.0003583813
C3N-01899-02,-0.0004937899,0.00014977154,0.0002416741,0.00028084184,-4.3031233e-07,0.00048678007,0.00041984636,0.0016766862,2.5725553e-06,-1.7502345e-05,-5.9096437e-06,-0.0003807188,0.00047268288,4.3948578e-05,0.00033071102,9.568712e-05,-0.00049996644,0.0010793897,-3.9847353e-05,-0.0012335666,0.0023772635,0.0052435575,-0.00252333,-0.00062237243,0.0069983974,-0.00018078992
C3N-01899-02,-0.0004937899,0.00014977154,0.0002416741,0.00028084184,-4.3031233e-07,0.00048678007,0.00041984636,0.0016766862,2.5725553e-06,-1.7502345e-05,-5.9096437e-06,-0.0003807188,0.00047268288,4.3948578e-05,0.00033071102,9.568712e-05,-0.00049996644,0.0010793897,-3.9847353e-05,-0.0012335666,0.0023772635,0.0052435575,-0.00252333,-0.00062237243,0.0069983974,-0.00018078992
C3N-01899-02,-0.0004937899,0.00014977154,0.0002416741,0.00028084184,-4.3031233e-07,0.00048678007,0.00041984636,0.0016766862,2.5725553e-06,-1.7502345e-05,-5.9096437e-06,-0.0003807188,0.00047268288,4.3948578e-05,0.00033071102,9.568712e-05,-0.00049996644,0.0010793897,-3.9847353e-05,-0.0012335666,0.0023772635,0.0052435575,-0.00252333,-0.00062237243,0.0069983974,-0.00018078992
C3N-01899-02,-0.00044896422,0.00013029303,9.990672e-05,0.00023678238,-6.208105e-07,0.0004954484,0.0004203865,0.0017067327,2.577805e-06,-1.0610261e-05,-4.678261e-06,-0.00038312166,0.00049163203,4.498912e-05,0.00034335902,7.630885e-05,-0.00045601305,0.0010519209,-3.7082304e-05,-0.00097153435,0.002742038,0.005910943,-0.0029995088,-0.0008682504,0.0069655525,9.826926e-05
C3N-01899-02,-0.00044896422,0.00013029303,9.990672e-05,0.00023678238,-6.208105e-07,0.0004954484,0.0004203865,0.0017067327,2.577805e-06,-1.0610261e-05,-4.678261e-06,-0.00038312166,0.00049163203,4.498912e-05,0.00034335902,7.630885e-05,-0.00045601305,0.0010519209,-3.7082304e-05,-0.00097153435,0.002742038,0.005910943,-0.0029995088,-0.0008682504,0.0069655525,9.826926e-05
C3N-01899-02,-0.00044896422,0.00013029303,9.990672e-05,0.00023678238,-6.208105e-07,0.0004954484,0.0004203865,0.0017067327,2.577805e-06,-1.0610261e-05,-4.678261e-06,-0.00038312166,0.00049163203,4.498912e-05,0.00034335902,7.630885e-05,-0.00045601305,0.0010519209,-3.7082304e-05,-0.00097153435,0.002742038,0.005910943,-0.0029995088,-0.0008682504,0.0069655525,9.826926e-05
C3N-01899-02,-0.00044896422,0.00013029303,9.990672e-05,0.00023678238,-6.208105e-07,0.0004954484,0.0004203865,0.0017067327,2.577805e-06,-1.0610261e-05,-4.678261e-06,-0.00038312166,0.00049163203,4.498912e-05,0.00034335902,7.630885e-05,-0.00045601305,0.0010519209,-3.7082304e-05,-0.00097153435,0.002742038,0.005910943,-0.0029995088,-0.0008682504,0.0069655525,9.826926e-05
C3N-01899-02,-0.0006177989,0.00014168971,-3.5994006e-05,0.00025420633,-3.5330237e-07,0.0005161202,0.0004251917,0.0016809705,2.4959015e-06,-7.3659266e-06,-3.901651e-06,-0.00035676695,0.00044820365,4.202629e-05,0.00020479795,0.00019820278,-0.00054709177,0.0010183965,-4.4361554e-05,-0.0004684344,0.002333968,0.0046882643,-0.0040116985,-0.00080403837,0.007799796,0.00012006272
C3N-01899-02,-0.0006177989,0.00014168971,-3.5994006e-05,0.00025420633,-3.5330237e-07,0.0005161202,0.0004251917,0.0016809705,2.4959015e-06,-7.3659266e-06,-3.901651e-06,-0.00035676695,0.00044820365,4.202629e-05,0.00020479795,0.00019820278,-0.00054709177,0.0010183965,-4.4361554e-05,-0.0004684344,0.002333968,0.0046882643,-0.0040116985,-0.00080403837,0.007799796,0.00012006272
C3N-01899-03,-0.0010804906,0.00015024688,0.00013556259,0.0002619899,1.4331775e-09,0.0006066421,0.00039313576,0.0016120571,1.8919109e-06,-2.6800226e-05,-2.9761375e-06,-0.00038494993,0.00034956879,3.305801e-05,0.00030716512,9.620068e-06,-0.00040125864,0.001119503,-3.9958635e-05,-0.00095886254,0.0032530008,0.004436064,-0.0022655264,-0.00028939123,0.007662224,-0.00046750056
C3N-01998-01,-0.00049336045,0.00014427271,-0.00019802932,0.00017191145,-5.653039e-07,0.00058362196,0.00035232768,0.0016059569,1.0044757e-06,-1.7648417e-05,-3.9498082e-07,-0.00035853096,0.00025092092,3.3118347e-05,0.00036424363,0.0003670324,-0.0004994086,0.00079949014,-3.7156195e-05,-0.00093991007,0.0027108642,0.0037824064,-0.0027125133,-0.00059298053,0.010530173,-0.00020610834
C3N-02010-06,-0.0003934418,0.000118094926,0.00016194815,0.00023709243,-7.429297e-08,0.0005188975,0.00036227657,0.0016148317,1.8058778e-06,-2.1489683e-05,-3.929788e-06,-0.0003812979,0.00035871903,2.9648016e-05,0.00027947917,-0.00018223729,-0.00051253993,0.00089504936,-2.8453556e-05,-0.0009435476,0.0026213294,0.0046513695,-0.004162127,-0.00084557006,0.008045417,-0.0002452162
C3N-02589-03,-0.00039817655,0.00014050782,0.00012272623,0.00022115826,-9.6378265e-08,0.00057983515,0.00033811075,0.0015932472,1.7796934e-06,-2.5096086e-05,-4.010987e-06,-0.0004008624,0.00030389812,3.4172223e-05,0.00036906434,-0.00033840197,-0.00047017806,0.0007633493,-2.8510021e-05,-0.000979659,0.0027300126,0.003904495,-0.0033498325,-0.000594986,0.008038163,-0.00031143546
C3N-02590-01,-0.00034295072,0.00012723861,4.4221077e-05,0.00023201753,-3.7280455e-07,0.00045885067,0.00040618895,0.0016273366,2.2172107e-06,-6.9530447e-06,1.4251422e-07,-0.000328934,0.00045538333,4.15157e-05,3.51057e-05,0.00031907618,-0.0005625727,0.0009228961,-3.9237973e-05,0.00055955764,0.00461655,0.0057766475,-0.004433877,-0.0010535825,0.0074907825,0.00010357431
C3N-02594-04,-0.00079568516,0.00012691457,9.084512e-05,0.00025244872,-3.1078685e-07,0.0005796927,0.00038380106,0.0016526654,1.3317389e-06,-2.1114636e-05,-2.6415753e-06,-0.000385754,0.00031038397,3.741652e-05,0.0004395659,0.00020388323,-0.00040789213,0.0009273926,-3.9224753e-05,-0.0012509983,0.0026862002,0.0045066024,-0.0021156128,-0.0005649447,0.008776788,-0.00028834806
C3N-02594-04,-0.00079568516,0.00012691457,9.084512e-05,0.00025244872,-3.1078685e-07,0.0005796927,0.00038380106,0.0016526654,1.3317389e-06,-2.1114636e-05,-2.6415753e-06,-0.000385754,0.00031038397,3.741652e-05,0.0004395659,0.00020388323,-0.00040789213,0.0009273926,-3.9224753e-05,-0.0012509983,0.0026862002,0.0045066024,-0.0021156128,-0.0005649447,0.008776788,-0.00028834806
C3N-02696-02,-0.0007270588,0.0001284061,6.370925e-05,0.0002344504,-4.6081374e-07,0.00056380377,0.00036482254,0.0016220084,2.2259846e-06,-2.1854654e-05,-3.9284214e-06,-0.00038610565,0.0003655816,3.7818318e-05,0.0002812979,-2.8018352e-05,-0.00044122033,0.00094054104,-3.8299277e-05,-0.000834104,0.0029045115,0.0043974034,-0.0035189623,-0.0008535402,0.008344717,-0.00022715268
C3N-02696-02,-0.0007270588,0.0001284061,6.370925e-05,0.0002344504,-4.6081374e-07,0.00056380377,0.00036482254,0.0016220084,2.2259846e-06,-2.1854654e-05,-3.9284214e-06,-0.00038610565,0.0003655816,3.7818318e-05,0.0002812979,-2.8018352e-05,-0.00044122033,0.00094054104,-3.8299277e-05,-0.000834104,0.0029045115,0.0043974034,-0.0035189623,-0.0008535402,0.008344717,-0.00022715268
C3N-02696-05,-0.0009199381,0.000103307044,0.000284266,0.00025163926,-3.862884e-07,0.0006020037,0.00037913336,0.001610258,2.3532891e-06,-1.4569509e-05,-1.6822652e-06,-0.0003704037,0.00034680002,3.660823e-05,0.000427525,0.00032964718,-0.00038798203,0.0010076674,-4.557416e-05,0.00020012392,0.0035408433,0.0048828297,-0.003116451,-0.00050667516,0.010056553,-0.00021861616
C3N-02696-05,-0.0009199381,0.000103307044,0.000284266,0.00025163926,-3.862884e-07,0.0006020037,0.00037913336,0.001610258,2.3532891e-06,-1.4569509e-05,-1.6822652e-06,-0.0003704037,0.00034680002,3.660823e-05,0.000427525,0.00032964718,-0.00038798203,0.0010076674,-4.557416e-05,0.00020012392,0.0035408433,0.0048828297,-0.003116451,-0.00050667516,0.010056553,-0.00021861616
C3N-02696-05,-0.0007611759,0.00014667155,0.00019252617,0.00024049808,-2.477371e-07,0.0005945506,0.00036035525,0.0016186275,1.8239139e-06,-2.1874235e-05,-3.5727362e-06,-0.0003807938,0.00032593278,3.526142e-05,0.00039812524,-5.5056425e-05,-0.00045506694,0.0009833178,-3.601112e-05,-0.0010584709,0.002574136,0.004406418,-0.0033356752,-0.0007110188,0.0085882805,-0.00025297367
C3N-02754-01,-0.00058307155,0.00014284578,0.00017727012,0.0002763349,-2.2294252e-07,0.00050825515,0.00034625045,0.0016667295,1.2976705e-06,-1.7582259e-05,-3.0962738e-06,-0.00039477798,0.00031544446,3.636837e-05,0.00029464604,0.00030176714,-0.00043477025,0.00087978784,-4.166531e-05,-0.0016480079,0.00370507,0.0050132684,-0.0021293564,-0.00073070434,0.007869575,-0.0003075285
C3N-02754-01,-0.00058307155,0.00014284578,0.00017727012,0.0002763349,-2.2294252e-07,0.00050825515,0.00034625045,0.0016667295,1.2976705e-06,-1.7582259e-05,-3.0962738e-06,-0.00039477798,0.00031544446,3.636837e-05,0.00029464604,0.00030176714,-0.00043477025,0.00087978784,-4.166531e-05,-0.0016480079,0.00370507,0.0050132684,-0.0021293564,-0.00073070434,0.007869575,-0.0003075285
C3N-02754-01,-0.00058307155,0.00014284578,0.00017727012,0.0002763349,-2.2294252e-07,0.00050825515,0.00034625045,0.0016667295,1.2976705e-06,-1.7582259e-05,-3.0962738e-06,-0.00039477798,0.00031544446,3.636837e-05,0.00029464604,0.00030176714,-0.00043477025,0.00087978784,-4.166531e-05,-0.0016480079,0.00370507,0.0050132684,-0.0021293564,-0.00073070434,0.007869575,-0.0003075285
C3N-02754-01,-0.0007600555,0.00014258893,0.00016616783,0.00028137633,-1.4441241e-07,0.0005558476,0.00037366452,0.0016393636,1.976853e-06,-1.8413763e-05,-3.609639e-06,-0.00040356253,0.00040537052,3.51692e-05,0.00025188315,0.00011277831,-0.00041306423,0.0010136198,-4.3992844e-05,-0.0015281369,0.0035547449,0.005406902,-0.002044112,-0.00059123925,0.0076314528,-0.00025386998
C3N-02754-01,-0.0007600555,0.00014258893,0.00016616783,0.00028137633,-1.4441241e-07,0.0005558476,0.00037366452,0.0016393636,1.976853e-06,-1.8413763e-05,-3.609639e-06,-0.00040356253,0.00040537052,3.51692e-05,0.00025188315,0.00011277831,-0.00041306423,0.0010136198,-4.3992844e-05,-0.0015281369,0.0035547449,0.005406902,-0.002044112,-0.00059123925,0.0076314528,-0.00025386998
C3N-02754-01,-0.0005155409,0.00013008271,0.00016221512,0.00027509956,-5.2428437e-08,0.0005021005,0.00037305316,0.0016483553,2.0320294e-06,-1.75542e-05,-3.3310205e-06,-0.00040665417,0.0003489596,3.567935e-05,0.00030152412,0.00016224016,-0.0004051549,0.0009169993,-4.1687566e-05,-0.001314776,0.003683409,0.005412216,-0.0021358484,-0.00084567134,0.0078995265,-0.00026422855
C3N-02754-01,-0.0005155409,0.00013008271,0.00016221512,0.00027509956,-5.2428437e-08,0.0005021005,0.00037305316,0.0016483553,2.0320294e-06,-1.75542e-05,-3.3310205e-06,-0.00040665417,0.0003489596,3.567935e-05,0.00030152412,0.00016224016,-0.0004051549,0.0009169993,-4.1687566e-05,-0.001314776,0.003683409,0.005412216,-0.0021358484,-0.00084567134,0.0078995265,-0.00026422855
C3N-02765-02,0.00031780772,5.4165143e-05,-0.00023420567,4.6064382e-05,-7.902551e-07,0.00028523372,0.00023666909,0.0012992807,1.622925e-06,-2.1566466e-05,3.6809322e-06,-0.00030952235,6.555883e-05,3.4404216e-05,0.0004111075,-0.00051390287,-0.00044150563,-0.00024812063,-1.1656967e-05,6.147788e-05,0.0036019473,0.00037840873,-0.003192946,-0.00057744427,0.007295476,-0.000353415
C3N-02765-02,0.00031780772,5.4165143e-05,-0.00023420567,4.6064382e-05,-7.902551e-07,0.00028523372,0.00023666909,0.0012992807,1.622925e-06,-2.1566466e-05,3.6809322e-06,-0.00030952235,6.555883e-05,3.4404216e-05,0.0004111075,-0.00051390287,-0.00044150563,-0.00024812063,-1.1656967e-05,6.147788e-05,0.0036019473,0.00037840873,-0.003192946,-0.00057744427,0.007295476,-0.000353415
C3N-02765-02,-0.00086085976,0.00012031333,2.4759851e-05,0.00029475222,-3.0640564e-07,0.00044534105,0.00036043796,0.0016402743,2.4844558e-06,-2.2235894e-05,-4.10499e-06,-0.00039151395,0.00040681608,4.363181e-05,0.0002439308,0.00013614463,-0.00042465274,0.0010217375,-3.9606904e-05,-0.0010958741,0.0028324006,0.0059243576,-0.0026573085,-0.0007551096,0.010125063,-6.9852846e-05
C3N-02765-02,-0.00086085976,0.00012031333,2.4759851e-05,0.00029475222,-3.0640564e-07,0.00044534105,0.00036043796,0.0016402743,2.4844558e-06,-2.2235894e-05,-4.10499e-06,-0.00039151395,0.00040681608,4.363181e-05,0.0002439308,0.00013614463,-0.00042465274,0.0010217375,-3.9606904e-05,-0.0010958741,0.0028324006,0.0059243576,-0.0026573085,-0.0007551096,0.010125063,-6.9852846e-05
C3N-02765-02,-0.00086085976,0.00012031333,2.4759851e-05,0.00029475222,-3.0640564e-07,0.00044534105,0.00036043796,0.0016402743,2.4844558e-06,-2.2235894e-05,-4.10499e-06,-0.00039151395,0.00040681608,4.363181e-05,0.0002439308,0.00013614463,-0.00042465274,0.0010217375,-3.9606904e-05,-0.0010958741,0.0028324006,0.0059243576,-0.0026573085,-0.0007551096,0.010125063,-6.9852846e-05
C3N-02765-02,-0.00086085976,0.00012031333,2.4759851e-05,0.00029475222,-3.0640564e-07,0.00044534105,0.00036043796,0.0016402743,2.4844558e-06,-2.2235894e-05,-4.10499e-06,-0.00039151395,0.00040681608,4.363181e-05,0.0002439308,0.00013614463,-0.00042465274,0.0010217375,-3.9606904e-05,-0.0010958741,0.0028324006,0.0059243576,-0.0026573085,-0.0007551096,0.010125063,-6.9852846e-05
C3N-02930-01,-0.00052679394,9.945449e-05,8.1737366e-05,0.0003712793,-2.4006195e-07,0.00046522525,0.00037677566,0.0016763279,2.2021798e-06,-4.6478326e-06,-4.350727e-06,-0.00036460266,0.0004161578,3.521251e-05,0.00013829076,0.00046950614,-0.00043533262,0.0008525365,-4.0882638e-05,-0.0010022183,0.0029365458,0.00509834,-0.0038379089,-0.00085023127,0.00860128,-0.00018472111
C3N-02930-01,-0.0005538038,0.000101771664,0.0001525134,0.0003415281,-1.9733774e-07,0.00042849398,0.00035307792,0.0016878954,1.988009e-06,-1.42465115e-05,-4.822177e-06,-0.00037538516,0.00037497637,3.5726436e-05,0.0002582497,0.0004952212,-0.00042335672,0.0008781624,-3.8390324e-05,-0.0010648249,0.0026565313,0.0047741598,-0.0034540812,-0.0008838382,0.009081009,-0.00021886973
C3N-02930-01,-0.0005538038,0.000101771664,0.0001525134,0.0003415281,-1.9733774e-07,0.00042849398,0.00035307792,0.0016878954,1.988009e-06,-1.42465115e-05,-4.822177e-06,-0.00037538516,0.00037497637,3.5726436e-05,0.0002582497,0.0004952212,-0.00042335672,0.0008781624,-3.8390324e-05,-0.0010648249,0.0026565313,0.0047741598,-0.0034540812,-0.0008838382,0.009081009,-0.00021886973
C3N-02930-01,-0.00053579157,0.00015312659,6.6487606e-05,0.00020607396,2.472325e-07,0.0006022205,0.00036590666,0.001601801,1.726252e-06,-1.8567214e-05,-4.2218635e-06,-0.0003792619,0.00036605945,3.5851834e-05,0.00038250285,-8.8700275e-05,-0.0004676034,0.0009899521,-4.0647363e-05,-0.0010564289,0.0028078838,0.0053996914,-0.0017290425,-0.00044952423,0.0096846195,-0.0001178143
C3N-02930-01,-0.00053579157,0.00015312659,6.6487606e-05,0.00020607396,2.472325e-07,0.0006022205,0.00036590666,0.001601801,1.726252e-06,-1.8567214e-05,-4.2218635e-06,-0.0003792619,0.00036605945,3.5851834e-05,0.00038250285,-8.8700275e-05,-0.0004676034,0.0009899521,-4.0647363e-05,-0.0010564289,0.0028078838,0.0053996914,-0.0017290425,-0.00044952423,0.0096846195,-0.0001178143
C3N-02930-03,0.0003956134,4.8221304e-05,-0.00011127015,3.5137553e-05,-1.1220606e-06,0.0002883707,0.00022090248,0.0012305906,1.2687121e-06,-2.1583008e-05,3.1545753e-06,-0.00026569955,4.038984e-05,2.9906128e-05,0.000337051,0.00031268768,-0.00032794132,-0.00044372203,-8.503394e-06,0.00019645573,0.003296944,-0.0009158058,-0.0028689087,-0.00069832406,0.0042900313,-0.00044556567
C3N-02944-01,-0.00067725684,0.00015447715,0.00011789793,0.0003385714,1.959742e-07,0.00046598678,0.00039700101,0.0016788149,2.217828e-06,-6.8655286e-06,-5.6793524e-06,-0.00037758303,0.00038995038,3.7042406e-05,0.00033757064,0.0002747664,-0.0005171271,0.00082448305,-4.295621e-05,-0.0012184818,0.0025772604,0.0048875157,-0.003417232,-0.0009350957,0.008405448,-0.00018428057
C3N-02996-02,-0.00031261932,0.00016644379,1.8498458e-05,0.00028962624,1.0139499e-07,0.00043728788,0.0004138099,0.0016399603,2.636329e-06,-1.3163749e-05,-3.529424e-06,-0.0003708884,0.0005082273,4.356024e-05,0.00015869769,-4.7725836e-05,-0.00048114726,0.0010574525,-4.5429166e-05,-0.0006518773,0.0040053027,0.006172821,-0.0039379853,-0.0009922083,0.00864075,-9.329168e-05
C3N-02996-04,0.00032101249,6.472835e-05,-8.8705165e-05,1.6355028e-05,-1.646526e-06,0.00040219614,0.00026811552,0.00103417,7.553278e-07,-2.1514974e-05,7.039677e-06,-0.00031012436,-1.3040122e-05,1.215413e-05,-4.9764116e-05,0.0006657021,-0.0004695781,-2.0011077e-05,-2.167955e-05,0.00014671986,0.0034779264,0.001605217,-0.0035130382,-0.0006789281,0.0013498825,-0.00020241577
C3N-02996-04,0.00032101249,6.472835e-05,-8.8705165e-05,1.6355028e-05,-1.646526e-06,0.00040219614,0.00026811552,0.00103417,7.553278e-07,-2.1514974e-05,7.039677e-06,-0.00031012436,-1.3040122e-05,1.215413e-05,-4.9764116e-05,0.0006657021,-0.0004695781,-2.0011077e-05,-2.167955e-05,0.00014671986,0.0034779264,0.001605217,-0.0035130382,-0.0006789281,0.0013498825,-0.00020241577
C3N-02996-04,0.0005447428,5.334569e-05,-0.00022409917,6.8306916e-05,-1.4461123e-06,0.00028452754,0.00020268753,0.0010252558,1.1447256e-06,-2.1570886e-05,4.8438715e-06,-0.00024501348,1.6673363e-05,1.7351147e-05,0.00014977294,0.0006654131,-0.0003436916,-0.0002298218,-7.751022e-06,0.00015838328,0.0030731868,-0.00063502585,-0.002685808,-0.0007108656,0.0030063407,-0.00022541669
C3N-02996-04,0.0005447428,5.334569e-05,-0.00022409917,6.8306916e-05,-1.4461123e-06,0.00028452754,0.00020268753,0.0010252558,1.1447256e-06,-2.1570886e-05,4.8438715e-06,-0.00024501348,1.6673363e-05,1.7351147e-05,0.00014977294,0.0006654131,-0.0003436916,-0.0002298218,-7.751022e-06,0.00015838328,0.0030731868,-0.00063502585,-0.002685808,-0.0007108656,0.0030063407,-0.00022541669
C3N-03007-02,-0.00076370576,0.00012182183,0.0001930566,0.00043034524,2.736763e-08,0.00040397627,0.00038372132,0.00166161,1.8441629e-06,-6.253251e-06,-5.221095e-06,-0.00038634625,0.00048631118,4.17661e-05,0.00040945585,0.00038330688,-0.0005259039,0.001093671,-3.673698e-05,-0.00046032324,0.0026686708,0.0058476743,-0.0031571463,-0.0010927286,0.007574491,-0.00017000767
C3N-03069-03,0.0006173611,8.738759e-05,-1.1272757e-05,9.3270304e-05,-8.543294e-07,0.00036117152,0.00030683272,0.0014003989,1.8437063e-06,-2.3922594e-05,7.6021007e-07,-0.00033755996,0.0001237656,3.513825e-05,0.00030763148,-0.0007616412,-0.000406872,-9.013711e-06,-1.5994821e-05,0.00014439113,0.0034198943,0.0009234503,-0.0036280297,-0.00075010874,0.0044651763,-0.00043102363
C3N-03173-06,-0.0002330516,0.00015043051,-0.00033594607,0.00022001786,4.2966477e-07,0.00057504163,0.00038414338,0.0016201467,2.0276398e-06,-3.324608e-05,-4.169328e-06,-0.00035436047,0.0003770423,2.5573803e-05,6.408765e-05,-0.00048943283,-0.00048358168,0.00081611355,-3.2089716e-05,-0.00048423072,0.0039012919,0.004226812,0.00079378195,-0.0010848225,0.008049699,-0.00024099142
C3N-03430-02,-0.00065663224,0.00013559978,3.929993e-05,0.00033913637,-3.4374592e-09,0.00037668025,0.0003936233,0.0016668142,2.431249e-06,-7.385278e-06,-5.4559646e-06,-0.00036833226,0.000503511,4.3736363e-05,0.00023148581,0.00062549557,-0.00045492983,0.0010249027,-3.476e-05,-0.00060635613,0.003176621,0.0058679953,-0.0034012483,-0.0012272081,0.008779579,-0.00012687665
C3N-03440-01,-0.0007460628,0.00012560916,6.0348015e-05,0.0002098404,-1.5606955e-07,0.0005464163,0.000354424,0.0016410478,1.6797668e-06,-2.1805034e-05,-3.7528932e-06,-0.00037589305,0.00037772724,3.668034e-05,0.00035432223,0.00010375646,-0.00049259485,0.000898341,-3.1847358e-05,-0.0008041341,0.0028126154,0.0050500315,-0.004023986,-0.00097575824,0.009521619,-0.00012393905
C3N-03670-01,-0.0007894875,0.00014594133,0.00019181435,0.00024647883,-2.0045867e-07,0.0005511061,0.00038007813,0.0016202528,1.7298458e-06,-2.2557453e-05,-4.0565806e-06,-0.00037564384,0.0004262938,3.6461275e-05,0.00031172705,-0.00025402033,-0.00045942122,0.0009993,-3.9195882e-05,-0.0011090033,0.002741753,0.005319616,-0.0034353172,-0.00077193993,0.0095321005,-0.00016878058
C3N-03884-01,-0.00071827276,0.00014148346,9.243357e-05,0.00036832123,3.2242347e-08,0.0005285661,0.0003925126,0.0016885378,2.1729143e-06,-1.5641803e-05,-4.8440293e-06,-0.00035279867,0.00042586407,3.9893574e-05,0.00024844884,0.0005414791,-0.0006022472,0.0009709819,-3.8030325e-05,-0.0006765199,0.0029371723,0.005818888,-0.004685342,-0.001016401,0.008874616,-0.00014198286
C3N-04282-01,-0.00033582508,0.00016487623,0.0003492131,0.00043097837,1.0890929e-08,0.00030485733,0.00039421275,0.0016423428,2.1977148e-06,-5.90147e-06,-5.4581087e-06,-0.0003909515,0.0004343283,4.3218115e-05,0.0002679244,0.00060421566,-0.00038426672,0.001100463,-3.664512e-05,-0.0013831517,0.0037731056,0.006319598,-0.0045177024,-0.0011132888,0.0073075728,-0.00020125984
C3N-04283-04,-6.387433e-05,0.00010157701,8.1492406e-05,0.00024102995,-1.6354258e-07,0.00045087357,0.0002820667,0.0015517107,1.4991971e-06,-2.166623e-05,-9.4361167e-07,-0.00037491004,0.00023561668,5.188202e-05,0.0002934003,-0.0001472285,-0.00043510375,0.00057976606,-2.219968e-05,-0.00043400368,0.0032616286,0.0034061887,-0.0049765506,-0.00083834934,0.008435013,-0.00024660895
ER-ABDX-NT1-A,2.657846e-05,0.00015435171,-0.00048596578,-5.863633e-05,-1.3008384e-06,0.00046331857,0.00034834366,0.001507777,1.7384607e-06,-3.931697e-05,-8.839037e-07,-0.00035623132,0.00048534412,3.6335627e-05,-0.00011434735,0.0018938293,-5.5949808e-05,0.00044673088,-2.3586921e-05,-0.00062351703,0.004559665,0.0013225056,-0.0015463307,-0.0005331166,0.0054594195,1.046393e-05
ER-ABDX-TTP1-A,-0.0010069314,0.00019056114,-7.227443e-05,0.0002866954,2.5003e-07,0.00059278146,0.00043115023,0.0016504835,2.894641e-06,-2.7385382e-05,-7.767789e-06,-0.00037080512,0.00056984345,7.127744e-05,-0.0001267456,0.0014148483,-0.00018870941,0.0009416071,-4.0597795e-05,-0.00084733724,0.0032471253,0.004612783,-0.0025008768,-0.0006464452,0.008413117,0.00027367787
ER-B0GF-TTM1-A,-0.00042183694,8.7967994e-05,-0.000983894,0.000121945886,-5.4318825e-08,0.00059537217,0.00041726127,0.0016228651,3.7603108e-06,-1.5955355e-05,-8.41104e-06,-0.00035527794,0.000654567,5.570861e-05,3.951824e-05,0.0016572182,-0.00014157455,0.00080055307,-3.7312915e-05,-0.0004510989,0.0032786794,0.0046239225,-0.0038080018,-0.000840429,0.007473659,-2.8988126e-05
ER-B0GF-TTM1-A,-0.00042183694,8.7967994e-05,-0.000983894,0.000121945886,-5.4318825e-08,0.00059537217,0.00041726127,0.0016228651,3.7603108e-06,-1.5955355e-05,-8.41104e-06,-0.00035527794,0.000654567,5.570861e-05,3.951824e-05,0.0016572182,-0.00014157455,0.00080055307,-3.7312915e-05,-0.0004510989,0.0032786794,0.0046239225,-0.0038080018,-0.000840429,0.007473659,-2.8988126e-05
HCM-BROD-0124-C25-85A,0.00022633639,0.00010844135,-0.00021966804,0.00029552617,4.565412e-08,0.00015592092,0.0004121543,0.0017209201,1.9823185e-06,-1.6768245e-06,-2.644467e-06,-0.00042180973,0.00029697106,4.3446315e-05,7.772328e-05,-0.00024405615,-0.0005229866,0.00086618675,-2.815472e-05,9.296246e-05,0.0036257978,0.0041306736,-0.007151778,-0.00080323435,0.006349667,3.9421102e-05
HCM-BROD-0229-C25-85A,0.00034826362,9.679517e-05,5.0315542e-05,0.00021646869,1.4910559e-07,0.00020922915,0.0003823315,0.0016734988,3.2245746e-06,-1.9643903e-06,-7.638744e-06,-0.00040705383,0.0005032892,4.35943e-05,0.0001485616,0.00051488966,-0.00012172181,0.0011682959,-2.1534195e-05,-0.0006600944,0.005172171,0.0055163996,-0.007558255,-0.00089954754,0.0067538074,0.00017860334
HCM-BROD-0344-C25-85A,0.00036346618,0.00017013129,-0.0005143611,5.7921003e-05,-1.1854567e-06,0.00037245292,0.00035244774,0.0013775665,2.600105e-06,-7.519061e-06,-7.5265893e-06,-0.00036686563,0.0005582544,4.744376e-05,-0.00010529716,9.789797e-05,-0.0007794535,0.0009905839,-2.1325382e-05,0.00029665665,0.004425903,0.003660564,-0.005161801,-0.00020129466,0.007198853,-5.65034e-05
C3L-00017-02,-0.00016857343,0.00012880332,-7.077595e-05,0.00029901182,-3.665404e-07,0.00047803353,0.00038901943,0.0016688526,2.3448636e-06,-6.6148773e-06,-3.4913874e-06,-0.0003681636,0.00040237862,3.4577617e-05,0.0002947788,0.00045731253,-0.00047264458,0.00073272485,-4.259098e-05,-0.0010998602,0.004045707,0.005230348,-0.002774014,-0.00098493,0.007912967,5.639342e-05
C3L-00017-04,-0.0005787886,0.0001579588,7.362236e-05,0.0001704211,3.9944368e-08,0.0006222582,0.00039060492,0.0016799085,2.1122949e-06,-3.0438368e-05,-2.7758692e-06,-0.000351123,0.00034855137,2.9093031e-05,0.0001282459,-6.409523e-05,-0.00037493356,0.00089821074,-4.156401e-05,-0.00033964746,0.0044221985,0.004705199,-0.0006248505,-0.0010153553,0.0076371236,-0.0003279967
C3L-00017-04,-0.0005787886,0.0001579588,7.362236e-05,0.0001704211,3.9944368e-08,0.0006222582,0.00039060492,0.0016799085,2.1122949e-06,-3.0438368e-05,-2.7758692e-06,-0.000351123,0.00034855137,2.9093031e-05,0.0001282459,-6.409523e-05,-0.00037493356,0.00089821074,-4.156401e-05,-0.00033964746,0.0044221985,0.004705199,-0.0006248505,-0.0010153553,0.0076371236,-0.0003279967
C3L-00589-06,7.824268e-05,0.00014318454,-0.000402083,0.00017073925,-4.0684057e-07,0.00053777726,0.0003810529,0.0016619893,1.6031303e-06,-3.2907818e-05,-2.0074706e-06,-0.00032565376,0.00035044603,2.5275554e-05,1.7194483e-05,8.474086e-05,-0.00041697398,0.00079918647,-3.9494375e-05,-0.0002996589,0.004145626,0.004369173,-0.00044083502,-0.0011778146,0.0073329583,-0.00014736055
C3L-00589-06,7.824268e-05,0.00014318454,-0.000402083,0.00017073925,-4.0684057e-07,0.00053777726,0.0003810529,0.0016619893,1.6031303e-06,-3.2907818e-05,-2.0074706e-06,-0.00032565376,0.00035044603,2.5275554e-05,1.7194483e-05,8.474086e-05,-0.00041697398,0.00079918647,-3.9494375e-05,-0.0002996589,0.004145626,0.004369173,-0.00044083502,-0.0011778146,0.0073329583,-0.00014736055
C3L-00622-04,-6.786911e-06,0.000113899914,-0.00018558835,0.00015963764,-6.419537e-07,0.0005475035,0.00032803128,0.0015678443,1.971386e-06,-2.2993481e-05,-5.981755e-07,-0.0003847043,0.00023051363,3.070771e-05,0.00022107495,-0.00028172674,-0.00054348534,0.0004749913,-2.900459e-05,-0.0007301326,0.0028021578,0.0031519723,-0.0046699746,-0.00079714024,0.0076850886,-0.000267436
C3L-00640-06,-0.00050765777,0.00015962552,0.0001250623,0.00020262117,-2.581631e-07,0.00055579783,0.0003999288,0.0016262896,1.3545482e-06,-1.5507147e-05,-2.6986893e-06,-0.00039046805,0.00030930957,3.6607405e-05,0.00038833558,9.8458004e-05,-0.00047400076,0.00087160605,-4.084701e-05,-0.0013006655,0.002400194,0.00477147,-0.0020447813,-0.00045482782,0.00885677,-3.2904518e-05
C3L-00819-06,-0.000659767,0.00011990441,0.00012950503,0.00020575966,-6.1120926e-07,0.00063156884,0.0003374893,0.0016557497,1.2839915e-06,-2.302984e-05,-1.5547363e-06,-0.0003755288,0.0002835253,3.4876764e-05,0.00043601732,0.00035020467,-0.0004514793,0.0008424791,-3.8829246e-05,-0.001328851,0.0028123758,0.0034935442,-0.0026654296,-0.00065772946,0.009027758,-0.00025365216
C3L-01039-03,-0.00036861195,0.00013942886,0.00015995163,0.0002673398,-1.1150651e-07,0.0005113043,0.0003713512,0.0016391794,1.7336904e-06,-1.3306235e-05,-4.056932e-06,-0.00035551473,0.00036116815,4.131263e-05,4.9567938e-05,0.00017434898,-0.00048006073,0.00083210104,-4.1251355e-05,-0.0015567519,0.0037174062,0.004281281,-0.004355818,-0.000825546,0.00597246,-0.00021302633
C3L-01039-05,-5.381983e-05,1.8168414e-05,-0.00017085417,9.498357e-06,-5.8823324e-09,0.00028596085,0.00020549916,0.0012200383,-2.718112e-07,-5.6544113e-06,4.132613e-06,-2.1001006e-05,4.182349e-05,4.543542e-05,0.00013093067,0.0011801238,-0.00013659612,7.571792e-05,-1.19484575e-05,-0.00019093999,0.0028483053,0.00016054772,-0.0009177435,-0.00042501334,0.0069514266,-0.0001244617
C3L-01039-05,-5.381983e-05,1.8168414e-05,-0.00017085417,9.498357e-06,-5.8823324e-09,0.00028596085,0.00020549916,0.0012200383,-2.718112e-07,-5.6544113e-06,4.132613e-06,-2.1001006e-05,4.182349e-05,4.543542e-05,0.00013093067,0.0011801238,-0.00013659612,7.571792e-05,-1.19484575e-05,-0.00019093999,0.0028483053,0.00016054772,-0.0009177435,-0.00042501334,0.0069514266,-0.0001244617
C3L-01051-02,-0.00044592493,0.0001333113,0.00028841593,0.00020393408,-3.277975e-07,0.00043777205,0.0003510852,0.0016380018,1.844923e-06,-2.3058376e-05,-1.034475e-06,-0.0003611178,0.00035271025,3.7573245e-05,0.0002571949,5.2531454e-05,-0.00052189396,0.0008454159,-4.160905e-05,-0.00093297526,0.004030493,0.005228948,-0.0040907906,-0.0008477564,0.00773066,-0.00018225987
C3L-01054-04,-0.000291807,9.7875985e-05,0.00015277545,0.00018491579,-5.877493e-07,0.00044214987,0.00029439974,0.0016235978,1.3359213e-06,-2.1880842e-05,-4.863956e-07,-0.00034154273,0.0002456338,4.0500723e-05,0.00027029632,0.00026661812,-0.00044001036,0.00061216985,-3.4824407e-05,-0.001109786,0.0035747418,0.0033310873,-0.0034755983,-0.0009877232,0.007921403,-0.0001836946
C3L-01453-03,-0.00041072958,0.00016621868,2.1308242e-05,0.00039174422,-1.099331e-07,0.0005965991,0.00038789926,0.0016830737,2.4978438e-06,-7.833902e-06,-4.3426917e-06,-0.00038439676,0.000368731,5.9556976e-05,0.00032091863,0.00049179635,-0.00060633273,0.0010075541,-3.435176e-05,-0.0005143703,0.0034069987,0.005734916,-0.0031471904,-0.00084347924,0.009399982,3.6519663e-07
C3L-01453-04,-0.00086208043,0.00014402179,-0.00033975282,0.00018835928,-1.1020374e-08,0.00038360996,0.00038978632,0.0016243249,2.1101164e-06,-1.24812295e-05,-2.4825995e-06,-0.00034116505,0.0003415209,3.3846907e-05,0.0003530611,-2.9943682e-05,-0.0006410298,0.00084140454,-4.0465296e-05,0.00015268478,0.0023586217,0.0061212126,-0.0027060176,-0.00035465788,0.011217375,-0.00032241613
C3L-01598-02,-0.00041234467,0.00012605608,0.0002050007,0.00030227035,-1.8628656e-07,0.00037229984,0.0003540799,0.0016619689,1.9168674e-06,-2.771777e-06,-3.3317335e-06,-0.00037488772,0.0003357112,3.8118727e-05,0.00031030443,0.0005237564,-0.00052199746,0.0006481809,-3.3928685e-05,-0.0009427247,0.00289955,0.0049655493,-0.004117157,-0.0010038757,0.009698172,-0.00017106795
C3L-01637-06,-0.00015576856,0.0001169213,0.00011159294,0.00016106438,-6.961359e-07,0.000569407,0.00035077412,0.0015877652,1.7221347e-06,-2.3404002e-05,-1.194389e-06,-0.00036570115,0.00024247853,3.0145275e-05,0.00023157569,-0.00021788837,-0.0005176625,0.00066834455,-3.2104184e-05,-0.00092120294,0.0023931768,0.0035393431,-0.0041873064,-0.0007200411,0.007239179,-0.00032483102
C3L-01662-03,-9.422106e-05,0.00014174159,0.00040691273,0.0002204451,-5.210872e-07,0.0004287774,0.00031913826,0.0017250205,2.8771467e-06,-2.2541095e-05,-2.570733e-06,-0.00038457869,0.00041109277,4.331446e-05,0.00036437687,0.00012936878,-0.000492831,0.0008091465,-2.1891465e-05,-0.0003999305,0.0036748375,0.0048584323,-0.004379474,-0.0009861774,0.009638077,-0.00022321288
C3L-01689-04,-9.7064396e-05,0.00014832144,-0.00027187195,0.00020865112,-2.964044e-07,0.000614634,0.0003839131,0.0016805062,1.8608399e-06,-3.3614608e-05,-1.7190237e-06,-0.00032089648,0.00037139404,2.5522075e-05,-4.651351e-05,-0.00033500124,-0.00040332053,0.0008411745,-4.143295e-05,-0.0004086306,0.0043628374,0.004342835,-0.0005489079,-0.00087666657,0.007639681,-0.00015305428
C3L-01703-04,-0.0003331205,0.00014771617,0.00041698886,0.00019343696,-4.5199405e-07,0.0006876969,0.00034195912,0.001609664,9.378711e-07,-7.4456934e-06,-1.6162195e-06,-0.0003877561,0.0002682919,3.74609e-05,0.00045043492,0.00041920246,-0.0003913582,0.00083844387,-4.1646977e-05,-0.0013191276,0.0033352852,0.0035691406,-0.0012009165,-0.00052329444,0.008615373,-0.00020396436
C3L-01703-04,-0.0003331205,0.00014771617,0.00041698886,0.00019343696,-4.5199405e-07,0.0006876969,0.00034195912,0.001609664,9.378711e-07,-7.4456934e-06,-1.6162195e-06,-0.0003877561,0.0002682919,3.74609e-05,0.00045043492,0.00041920246,-0.0003913582,0.00083844387,-4.1646977e-05,-0.0013191276,0.0033352852,0.0035691406,-0.0012009165,-0.00052329444,0.008615373,-0.00020396436
C3L-02112-04,-0.00062790833,0.0001593447,-0.00030467997,0.00019114967,-3.3588861e-07,0.0006451219,0.00039648867,0.0017093436,1.5908977e-06,-3.133138e-05,-1.5066144e-06,-0.0003658841,0.00035554747,2.59666e-05,0.00020183179,0.00019347423,-0.00037323296,0.0008413375,-3.1461026e-05,-0.0006212723,0.0038384828,0.004398761,-0.00018297824,-0.001164543,0.00841982,-0.00026559248
C3L-02604-01,-0.000628118,0.000138227,0.00043952648,0.00026747654,1.2900471e-09,0.00032009298,0.00041072286,0.0016636491,3.8921025e-06,-7.252098e-06,-6.9113426e-06,-0.00039571713,0.00049996865,4.4528068e-05,0.00012773846,0.00069886365,-0.0005428415,0.0010579763,-4.6771445e-05,-0.0008390374,0.0035469495,0.004996481,-0.0036853538,-0.0009307715,0.0070623457,-0.00021331359
C3L-02809-04,-0.0009020482,0.00016168886,4.8903537e-05,0.00038593353,3.006937e-09,0.0005438867,0.00042795102,0.001639555,2.7999583e-06,-7.513201e-06,-7.0865963e-06,-0.00040691425,0.00052269676,5.491241e-05,0.00030398913,0.00021521455,-0.0005619047,0.0011735643,-3.3067787e-05,-0.0011491153,0.0026237986,0.0059251897,0.00014813711,-0.0008590284,0.0073113726,-0.0004150818
C3L-02888-02,-0.0003242515,6.817022e-05,4.1461997e-05,0.00021205135,-5.3200233e-07,0.00038768654,0.0003335766,0.0016264581,2.196244e-06,-2.1337186e-05,-3.448892e-06,-0.00038397874,0.00030288062,3.4025787e-05,0.00030336255,0.00048278013,-0.00048754294,0.00074476417,-3.424135e-05,-0.0006316084,0.0029409889,0.004132492,-0.00297854,-0.00083391933,0.008624228,-0.00014725416
C3L-02888-02,-0.0005190413,8.0263504e-05,7.0758124e-06,0.00030082828,-2.092713e-07,0.00023924284,0.00033915782,0.0016400343,2.5932286e-06,-1.3597719e-05,-5.193315e-06,-0.00040524325,0.00041450365,3.8021448e-05,0.00020004624,0.0004681925,-0.0004356168,0.0008585587,-3.0760402e-05,-0.00052589516,0.0026533457,0.00456584,-0.0030698865,-0.00086871325,0.008121945,-3.0818068e-05
C3L-02899-01,-0.00079465477,0.00014541665,0.00043086163,0.00039738402,4.409981e-08,0.00049862324,0.00038477607,0.0016231897,2.1689862e-06,-1.5507387e-05,-4.312926e-06,-0.00037975068,0.00044709808,4.406147e-05,0.00031757014,0.00047898496,-0.00050359376,0.0010557711,-3.5572404e-05,-0.00067434425,0.0031230487,0.0062894383,-0.0032328481,-0.0011736703,0.009030386,-0.00017733769
C3L-02956-01,-0.00083878334,0.00010705731,-0.0002613468,0.0003254477,-4.062347e-07,0.00036161346,0.00036377966,0.0016559298,1.8134759e-06,-2.7007231e-06,-3.0066647e-06,-0.00037589326,0.00032019717,3.527181e-05,0.00042190801,0.0005498093,-0.00044012547,0.0009784882,-3.3020522e-05,-0.0008538868,0.0030704571,0.0039897086,-0.003362509,-0.0011773247,0.0082496805,-0.00028331237
C3L-02956-01,-0.00060693186,0.00010318508,-0.0005032098,0.00028127307,-4.0427855e-07,0.00041466547,0.00037985636,0.0016360319,1.759863e-06,-5.928688e-06,-7.4482955e-07,-0.00036793307,0.00034483967,3.611204e-05,0.00030622885,0.0003551191,-0.00042572856,0.0009364947,-3.0856852e-05,-0.00019475954,0.002743867,0.0037276796,-0.0035839574,-0.0010186131,0.009087361,-0.00011722272
C3L-03123-02,-0.00032236005,0.00012822253,-4.019791e-05,0.00034926264,3.1525335e-08,0.00040995536,0.00039921736,0.0016310249,1.8329979e-06,-5.2231617e-06,-6.781211e-06,-0.00035840186,0.0004326339,3.7060996e-05,0.0002585286,0.0007446568,-0.00068040035,0.0009809827,-4.4406177e-05,-0.0008728687,0.0027293945,0.006357775,-0.0047931885,-0.0008583458,0.008546349,-0.00016859957
C3L-03348-03,-0.00070046075,0.00013361633,0.00015726397,0.00027454394,-1.0425847e-07,0.0006106441,0.00036774043,0.0016429189,2.5156164e-06,-2.3449358e-05,-5.365576e-06,-0.0003989865,0.00045217323,3.3179476e-05,0.00031220145,0.00028518544,-0.00044044587,0.0012185341,-3.3541888e-05,-0.0011032298,0.0034359407,0.005525477,-0.0026664229,-0.00070592895,0.00853603,-0.00026991114
C3L-03622-02,-0.0005419985,0.000116298834,-0.00025990547,0.00022790636,-5.0323333e-08,0.00045350599,0.00040132768,0.0015884973,2.1493495e-06,-2.2026983e-05,-3.413787e-06,-0.00036331042,0.00032951697,3.795757e-05,0.00033146012,0.00015592645,-0.0004575387,0.0009088188,-4.352659e-05,-0.0009052143,0.0027290832,0.004906951,-0.0029410908,-0.0011922563,0.00785212,-2.3046203e-05
C3L-03629-02,-0.00063291856,0.00013937533,0.00034448467,0.00024336345,-7.43451e-08,0.00051846035,0.0003645162,0.0016723,2.311865e-06,-2.2282062e-05,-4.5584275e-06,-0.00039813147,0.00037433475,3.325995e-05,0.0003072356,0.00041065956,-0.0003567326,0.0010246887,-4.0598377e-05,-0.0012108615,0.003914955,0.0055485726,-0.0028386633,-0.0008773575,0.0076300805,-0.00023144594
C3L-03743-01,-0.00092836464,0.00014683588,0.00019484779,0.00026467844,-5.0807034e-07,0.00047191026,0.00038726133,0.001683342,2.5491195e-06,-1.0659525e-05,-4.607534e-06,-0.00037745576,0.00042972039,4.9931343e-05,0.0003017818,0.00012865743,-0.0005233114,0.0010998986,-3.947826e-05,-0.0010453695,0.0034459555,0.0048873266,-0.002543047,-0.0009346264,0.008283963,-0.00014027851
C3L-03743-04,-6.295489e-05,0.00011447317,-9.249083e-05,0.00018565511,-3.1889022e-07,0.00046796195,0.00034478234,0.0016256808,1.3697436e-06,-3.0912957e-05,-3.6421136e-06,-0.00038176076,0.000290588,2.5577454e-05,0.00030342495,0.000244461,-0.0003144299,0.00075708464,-3.061931e-05,-0.0002780386,0.004308437,0.00411018,-0.00069754774,-0.00083973986,0.008781675,-0.000468224
C3L-04027-07,-1.7327073e-05,0.00017313534,-0.0005193496,0.0001691494,9.457017e-07,0.00038418671,0.00042166287,0.0015959302,2.1449932e-06,-1.969888e-05,-5.4468896e-06,-0.00033832676,0.00039825527,3.730868e-05,0.0002863752,-0.00050317746,-0.0007335083,0.0009345148,-3.15318e-05,0.0004529158,0.0019719566,0.0062102242,-0.0026705703,-0.00050971145,0.010985839,-3.651267e-05
C3L-04072-01,-7.338409e-05,0.00016794565,0.00021939381,0.00042784426,1.4556778e-07,0.0005334714,0.00041228914,0.0016549337,4.0319574e-06,-1.2997776e-05,-7.294323e-06,-0.00038819786,0.00034828248,6.191647e-05,0.00017164639,0.0007240557,-0.00058379286,0.0011867599,-3.362315e-05,-0.001061118,0.003265763,0.0071985614,-0.0056559327,-0.0010263777,0.0077267936,6.3360094e-05
C3N-00198-02,-0.00040393235,0.00016329682,-5.5958968e-05,0.00022356246,-2.4384068e-09,0.000559537,0.00039548,0.0016462976,1.6266231e-06,-5.36238e-06,-3.3561541e-06,-0.0003708927,0.00037064764,4.240898e-05,0.0002744297,-0.00011214365,-0.00044732657,0.00088758307,-4.2645657e-05,-0.0014874559,0.0024863172,0.0047446345,-0.0033545739,-0.0006453038,0.007215316,-0.0001747942
C3N-00302-02,-0.0005653997,0.00014583343,0.00056712615,0.00030803971,-2.2756922e-07,0.0005382246,0.0004095481,0.0016118402,2.959832e-06,-1.1887639e-05,-5.966805e-06,-0.00035610117,0.00052452576,4.0997144e-05,0.00017447393,0.00056671305,-0.00041991824,0.0011593183,-3.45396e-05,-0.0013871436,0.0036630929,0.0059746346,-0.0038452926,-0.00090412644,0.010299141,-3.2729957e-05
C3N-00303-01,-0.0004903713,0.00017938187,-0.00018807151,0.00025976475,7.746266e-08,0.00048605027,0.00040440244,0.0015849617,2.4921294e-06,-7.967527e-06,-4.0609502e-06,-0.0003678203,0.00044632677,4.1391115e-05,0.00027573688,-0.00012791369,-0.00065944804,0.00096159166,-4.19086e-05,7.250856e-06,0.0028664835,0.0064775855,-0.003303378,-0.00061385037,0.009068473,-4.1990734e-05
C3N-00517-05,-7.750831e-05,0.00011241827,-0.00032578324,0.000113629976,-8.151709e-07,0.00047052075,0.00029196532,0.001570408,1.2597046e-06,-2.2712093e-05,1.7254021e-06,-0.0003550378,0.00018054844,3.3197728e-05,0.0003552357,-0.00027261183,-0.0005015407,0.00034623826,-2.0231253e-05,-0.0004039443,0.0032274304,0.0025660747,-0.004668715,-0.0008246609,0.008076136,-0.00028117842
C3N-00517-05,-7.750831e-05,0.00011241827,-0.00032578324,0.000113629976,-8.151709e-07,0.00047052075,0.00029196532,0.001570408,1.2597046e-06,-2.2712093e-05,1.7254021e-06,-0.0003550378,0.00018054844,3.3197728e-05,0.0003552357,-0.00027261183,-0.0005015407,0.00034623826,-2.0231253e-05,-0.0004039443,0.0032274304,0.0025660747,-0.004668715,-0.0008246609,0.008076136,-0.00028117842
C3N-00518-05,-0.00036519542,0.00015645809,0.00016085026,0.00018499122,-5.4025435e-07,0.0006238648,0.00036924976,0.0016439175,1.2375732e-06,-1.05641e-05,-1.9223755e-06,-0.00037638875,0.00032570268,3.6159792e-05,0.00034366306,0.00048094153,-0.00033407065,0.000930817,-4.69033e-05,-0.0014634596,0.0034354911,0.004000426,-0.0018251648,-0.00053413206,0.00800499,-0.00021794125
C3N-00518-05,-0.00036519542,0.00015645809,0.00016085026,0.00018499122,-5.4025435e-07,0.0006238648,0.00036924976,0.0016439175,1.2375732e-06,-1.05641e-05,-1.9223755e-06,-0.00037638875,0.00032570268,3.6159792e-05,0.00034366306,0.00048094153,-0.00033407065,0.000930817,-4.69033e-05,-0.0014634596,0.0034354911,0.004000426,-0.0018251648,-0.00053413206,0.00800499,-0.00021794125
C3N-00709-01,-0.00066691113,0.00017218666,0.00046216877,0.00020148949,9.187804e-08,0.0005382156,0.000398064,0.0015932033,3.0434744e-06,-1.3841247e-05,-5.2477317e-06,-0.0003891385,0.00053686945,4.082277e-05,4.457622e-05,0.0005167068,-0.0005024904,0.0010031454,-4.5170877e-05,-0.0016211814,0.0035805171,0.005367452,-0.0036308288,-0.0006805476,0.007304242,-0.00015255451
C3N-01168-02,-0.00025183786,0.00011837941,8.4052204e-05,0.00016905942,2.8329495e-07,0.00048179037,0.00031204743,0.0016508233,1.579358e-06,-2.1901335e-05,-3.5790408e-06,-0.00036491826,0.00035091155,3.8827304e-05,0.00038270402,-0.00029589806,-0.00047047992,0.0006519314,-2.953458e-05,-0.000834746,0.0031490277,0.0043751323,-0.004865673,-0.0011162811,0.010049762,-0.00019476339
C3N-01385-02,-0.00036566556,0.000106735846,-0.0001043454,0.00021873142,-7.5267224e-07,0.0005199894,0.0003239986,0.0016641197,1.5208416e-06,-2.1765321e-05,-1.9912177e-06,-0.0003644682,0.0002980943,3.6658508e-05,0.00031237784,0.00029920664,-0.0004288988,0.0007646879,-3.6851106e-05,-0.0010066167,0.002367272,0.0044695875,-0.004588615,-0.0009884445,0.009548817,-0.00021095281
C3N-01385-02,-0.00028216446,0.00011535684,-0.00016588763,0.00022246788,-6.150995e-07,0.00057835854,0.00036054736,0.0016174619,1.9406673e-06,-2.1842918e-05,-2.005399e-06,-0.0003650047,0.00030526164,3.477341e-05,0.00028093558,-2.0728558e-05,-0.00042632082,0.00085415156,-3.4428416e-05,-0.000899869,0.0025276374,0.004604849,-0.0040424746,-0.0008956874,0.008262225,-0.00022769127
C3N-01716-03,-0.00058849534,0.000114567425,0.0001665923,0.00021053742,-8.7387086e-08,0.00042477663,0.0003502425,0.0016833114,1.915569e-06,-1.43770785e-05,-3.636175e-06,-0.00037381897,0.00027624864,3.7179063e-05,0.0002087556,0.00039555007,-0.00060550193,0.0008139844,-3.7872735e-05,-0.0010902913,0.0033295774,0.006474086,-0.0047852504,-0.0010644936,0.009730041,3.344716e-05
C3N-01898-04,-0.0008078174,0.00013981122,-0.00024486266,0.00036200954,-1.0164155e-07,0.0006043619,0.00041647608,0.0016727232,2.2132772e-06,-1.11023855e-05,-4.4128524e-06,-0.00036738266,0.00040592495,3.9753417e-05,0.00034911511,0.0002284209,-0.00043916464,0.0011517868,-4.391248e-05,-0.00052489084,0.0026301036,0.00490149,-0.0045357975,-0.00075656665,0.008474261,-9.9607925e-05
C3N-01899-02,-0.0004937899,0.00014977154,0.0002416741,0.00028084184,-4.3031233e-07,0.00048678007,0.00041984636,0.0016766862,2.5725553e-06,-1.7502345e-05,-5.9096437e-06,-0.0003807188,0.00047268288,4.3948578e-05,0.00033071102,9.568712e-05,-0.00049996644,0.0010793897,-3.9847353e-05,-0.0012335666,0.0023772635,0.0052435575,-0.00252333,-0.00062237243,0.0069983974,-0.00018078992
C3N-01899-02,-0.00044896422,0.00013029303,9.990672e-05,0.00023678238,-6.208105e-07,0.0004954484,0.0004203865,0.0017067327,2.577805e-06,-1.0610261e-05,-4.678261e-06,-0.00038312166,0.00049163203,4.498912e-05,0.00034335902,7.630885e-05,-0.00045601305,0.0010519209,-3.7082304e-05,-0.00097153435,0.002742038,0.005910943,-0.0029995088,-0.0008682504,0.0069655525,9.826926e-05
C3N-01899-02,-0.0006177989,0.00014168971,-3.5994006e-05,0.00025420633,-3.5330237e-07,0.0005161202,0.0004251917,0.0016809705,2.4959015e-06,-7.3659266e-06,-3.901651e-06,-0.00035676695,0.00044820365,4.202629e-05,0.00020479795,0.00019820278,-0.00054709177,0.0010183965,-4.4361554e-05,-0.0004684344,0.002333968,0.0046882643,-0.0040116985,-0.00080403837,0.007799796,0.00012006272
C3N-01899-03,-0.0010804906,0.00015024688,0.00013556259,0.0002619899,1.4331775e-09,0.0006066421,0.00039313576,0.0016120571,1.8919109e-06,-2.6800226e-05,-2.9761375e-06,-0.00038494993,0.00034956879,3.305801e-05,0.00030716512,9.620068e-06,-0.00040125864,0.001119503,-3.9958635e-05,-0.00095886254,0.0032530008,0.004436064,-0.0022655264,-0.00028939123,0.007662224,-0.00046750056
C3N-02010-03,-0.0004208761,0.00014148687,0.00014694211,0.00022854893,3.6887653e-07,0.00049556687,0.00039628393,0.0016789339,2.9864664e-06,-9.216622e-06,-7.5623843e-06,-0.00039238232,0.00044682072,3.854298e-05,0.0002619983,0.0004072635,-0.00040834624,0.0011196706,-4.5018496e-05,-0.0015719476,0.004020081,0.0058928835,-0.0014588905,-0.00047503388,0.007870574,-0.0002694342
C3N-02579-02,-0.0006422873,0.00013182798,0.0003476767,0.00036308265,-1.2680003e-07,0.00033129682,0.00037013885,0.0016521735,2.1519306e-06,-2.0168865e-05,-5.117617e-06,-0.00038534324,0.00047284376,4.3708005e-05,0.0002816054,0.0004642056,-0.0004465292,0.00079103437,-3.2433094e-05,-0.0007804551,0.0042066798,0.0059835026,-0.00397145,-0.0011143724,0.010650864,-6.35947e-05
C3N-02579-02,-0.0006422873,0.00013182798,0.0003476767,0.00036308265,-1.2680003e-07,0.00033129682,0.00037013885,0.0016521735,2.1519306e-06,-2.0168865e-05,-5.117617e-06,-0.00038534324,0.00047284376,4.3708005e-05,0.0002816054,0.0004642056,-0.0004465292,0.00079103437,-3.2433094e-05,-0.0007804551,0.0042066798,0.0059835026,-0.00397145,-0.0011143724,0.010650864,-6.35947e-05
C3N-02592-01,-0.0007056774,0.00012681705,0.00014558763,0.00039256155,1.99028e-07,0.00047741306,0.00042762404,0.0016390184,2.5728027e-06,-1.0513181e-05,-5.5900205e-06,-0.00038194636,0.0005499827,3.7383455e-05,0.00030731922,0.0002756674,-0.00061106426,0.0012401465,-5.00989e-05,-0.00029856118,0.0023745552,0.006744892,-0.0032805519,-0.000680256,0.008772139,-0.00030183728
C3N-02594-01,-0.00062922377,0.00011566183,0.00024810026,0.00028680553,-4.012278e-09,0.000408614,0.0004071767,0.0016665662,2.1495196e-06,-1.0673556e-05,-5.3960366e-06,-0.00041066107,0.00045685607,3.8025537e-05,0.00044373414,0.00021885797,-0.00039796656,0.0011244339,-3.6977606e-05,-0.0008620217,0.0031051661,0.0058764694,-0.0033066776,-0.0009949259,0.0074123763,-0.00027110035
C3N-02594-04,-0.0006540308,0.00012741736,3.34957e-05,0.00025947645,-2.0228704e-07,0.00055383646,0.0003956039,0.0016298011,2.0720245e-06,-1.1950912e-05,-3.3541733e-06,-0.00038623458,0.0003883521,3.756522e-05,0.0003481035,2.9215722e-05,-0.00050153723,0.0010111647,-4.4064407e-05,-0.00094740925,0.0031394863,0.005477172,-0.0020199576,-0.0004410624,0.009427414,-0.00016032018
C3N-02594-04,-0.0006540308,0.00012741736,3.34957e-05,0.00025947645,-2.0228704e-07,0.00055383646,0.0003956039,0.0016298011,2.0720245e-06,-1.1950912e-05,-3.3541733e-06,-0.00038623458,0.0003883521,3.756522e-05,0.0003481035,2.9215722e-05,-0.00050153723,0.0010111647,-4.4064407e-05,-0.00094740925,0.0031394863,0.005477172,-0.0020199576,-0.0004410624,0.009427414,-0.00016032018
C3N-02696-02,-0.0007270588,0.0001284061,6.370925e-05,0.0002344504,-4.6081374e-07,0.00056380377,0.00036482254,0.0016220084,2.2259846e-06,-2.1854654e-05,-3.9284214e-06,-0.00038610565,0.0003655816,3.7818318e-05,0.0002812979,-2.8018352e-05,-0.00044122033,0.00094054104,-3.8299277e-05,-0.000834104,0.0029045115,0.0043974034,-0.0035189623,-0.0008535402,0.008344717,-0.00022715268
C3N-02696-02,-0.00040924383,0.000116607705,-9.039847e-05,0.00014145055,-2.9986185e-07,0.00056966307,0.0003544771,0.001504043,2.0766943e-06,-2.1924554e-05,-9.68584e-07,-0.0003356692,0.00026666102,3.288471e-05,0.0003148499,-0.00058301724,-0.00045024575,0.0005526744,-2.4852245e-05,-0.0005717292,0.0026720557,0.0023976832,-0.0032538134,-0.00077811774,0.007413508,-0.00026253576
C3N-02754-01,-0.0007600555,0.00014258893,0.00016616783,0.00028137633,-1.4441241e-07,0.0005558476,0.00037366452,0.0016393636,1.976853e-06,-1.8413763e-05,-3.609639e-06,-0.00040356253,0.00040537052,3.51692e-05,0.00025188315,0.00011277831,-0.00041306423,0.0010136198,-4.3992844e-05,-0.0015281369,0.0035547449,0.005406902,-0.002044112,-0.00059123925,0.0076314528,-0.00025386998
C3N-02754-01,-0.0005155409,0.00013008271,0.00016221512,0.00027509956,-5.2428437e-08,0.0005021005,0.00037305316,0.0016483553,2.0320294e-06,-1.75542e-05,-3.3310205e-06,-0.00040665417,0.0003489596,3.567935e-05,0.00030152412,0.00016224016,-0.0004051549,0.0009169993,-4.1687566e-05,-0.001314776,0.003683409,0.005412216,-0.0021358484,-0.00084567134,0.0078995265,-0.00026422855
C3N-02765-02,0.00031780772,5.4165143e-05,-0.00023420567,4.6064382e-05,-7.902551e-07,0.00028523372,0.00023666909,0.0012992807,1.622925e-06,-2.1566466e-05,3.6809322e-06,-0.00030952235,6.555883e-05,3.4404216e-05,0.0004111075,-0.00051390287,-0.00044150563,-0.00024812063,-1.1656967e-05,6.147788e-05,0.0036019473,0.00037840873,-0.003192946,-0.00057744427,0.007295476,-0.000353415
C3N-02765-02,-0.0002084679,9.991383e-05,-4.3873573e-05,0.00012766306,-8.171457e-07,0.0004770131,0.00031713993,0.001501801,2.0104633e-06,-2.1633503e-05,2.7734234e-07,-0.000371991,0.00022888256,3.357639e-05,0.00030675836,-0.00057170796,-0.0004923393,0.00038329294,-2.5420004e-05,6.636107e-07,0.0032431222,0.0031620716,-0.003786468,-0.0008717695,0.0076301666,-0.0002774849
C3N-02765-03,0.0006174592,6.485647e-05,-1.5486503e-05,3.463513e-05,-1.2267349e-06,0.00035833137,0.00025914164,0.0012531212,1.736968e-06,-2.1545162e-05,2.9921216e-06,-0.00035711876,7.9188685e-05,3.3858392e-05,0.00030612855,-0.00063351094,-0.0003801309,-0.00025045656,-1.5332556e-05,0.00014088425,0.003962826,-0.00013962876,-0.0036377965,-0.0007795491,0.004865729,-0.000368897
C3N-02930-01,-0.00052679394,9.945449e-05,8.1737366e-05,0.0003712793,-2.4006195e-07,0.00046522525,0.00037677566,0.0016763279,2.2021798e-06,-4.6478326e-06,-4.350727e-06,-0.00036460266,0.0004161578,3.521251e-05,0.00013829076,0.00046950614,-0.00043533262,0.0008525365,-4.0882638e-05,-0.0010022183,0.0029365458,0.00509834,-0.0038379089,-0.00085023127,0.00860128,-0.00018472111
C3N-02930-01,-0.0005538038,0.000101771664,0.0001525134,0.0003415281,-1.9733774e-07,0.00042849398,0.00035307792,0.0016878954,1.988009e-06,-1.42465115e-05,-4.822177e-06,-0.00037538516,0.00037497637,3.5726436e-05,0.0002582497,0.0004952212,-0.00042335672,0.0008781624,-3.8390324e-05,-0.0010648249,0.0026565313,0.0047741598,-0.0034540812,-0.0008838382,0.009081009,-0.00021886973
C3N-02930-01,-0.00053579157,0.00015312659,6.6487606e-05,0.00020607396,2.472325e-07,0.0006022205,0.00036590666,0.001601801,1.726252e-06,-1.8567214e-05,-4.2218635e-06,-0.0003792619,0.00036605945,3.5851834e-05,0.00038250285,-8.8700275e-05,-0.0004676034,0.0009899521,-4.0647363e-05,-0.0010564289,0.0028078838,0.0053996914,-0.0017290425,-0.00044952423,0.0096846195,-0.0001178143
C3N-02930-03,0.0003956134,4.8221304e-05,-0.00011127015,3.5137553e-05,-1.1220606e-06,0.0002883707,0.00022090248,0.0012305906,1.2687121e-06,-2.1583008e-05,3.1545753e-06,-0.00026569955,4.038984e-05,2.9906128e-05,0.000337051,0.00031268768,-0.00032794132,-0.00044372203,-8.503394e-06,0.00019645573,0.003296944,-0.0009158058,-0.0028689087,-0.00069832406,0.0042900313,-0.00044556567
C3N-02930-03,0.000114061186,6.213069e-05,-7.541956e-05,8.072604e-05,-1.2200721e-06,0.00042438798,0.00026425204,0.0013509075,1.3580852e-06,-2.1754606e-05,1.4900096e-06,-0.00034965598,9.390186e-05,3.2550994e-05,0.00035725773,-0.0002743006,-0.0003694807,-0.00014248623,-1.8197883e-05,-0.00038921222,0.0037453035,0.00022242765,-0.0038961768,-0.00076241203,0.0046998183,-0.00045358785
C3N-02996-04,0.00032101249,6.472835e-05,-8.8705165e-05,1.6355028e-05,-1.646526e-06,0.00040219614,0.00026811552,0.00103417,7.553278e-07,-2.1514974e-05,7.039677e-06,-0.00031012436,-1.3040122e-05,1.215413e-05,-4.9764116e-05,0.0006657021,-0.0004695781,-2.0011077e-05,-2.167955e-05,0.00014671986,0.0034779264,0.001605217,-0.0035130382,-0.0006789281,0.0013498825,-0.00020241577
C3N-02996-04,0.00032101249,6.472835e-05,-8.8705165e-05,1.6355028e-05,-1.646526e-06,0.00040219614,0.00026811552,0.00103417,7.553278e-07,-2.1514974e-05,7.039677e-06,-0.00031012436,-1.3040122e-05,1.215413e-05,-4.9764116e-05,0.0006657021,-0.0004695781,-2.0011077e-05,-2.167955e-05,0.00014671986,0.0034779264,0.001605217,-0.0035130382,-0.0006789281,0.0013498825,-0.00020241577
C3N-02996-04,0.0005447428,5.334569e-05,-0.00022409917,6.8306916e-05,-1.4461123e-06,0.00028452754,0.00020268753,0.0010252558,1.1447256e-06,-2.1570886e-05,4.8438715e-06,-0.00024501348,1.6673363e-05,1.7351147e-05,0.00014977294,0.0006654131,-0.0003436916,-0.0002298218,-7.751022e-06,0.00015838328,0.0030731868,-0.00063502585,-0.002685808,-0.0007108656,0.0030063407,-0.00022541669
C3N-03006-02,-0.00035313296,0.000103305465,8.142941e-05,0.00019977438,-1.3611998e-07,0.0004898469,0.0003226004,0.001644484,1.7933717e-06,-2.1724747e-05,-4.5976526e-06,-0.0003882313,0.0003568438,3.757159e-05,0.00036669482,0.000112213645,-0.0005509865,0.00079842354,-3.0561856e-05,-0.0009961976,0.002850812,0.005198259,-0.002859097,-0.000931508,0.008912992,-0.00020742854
C3N-03426-01,-0.00028051637,0.00014528101,-9.0971254e-05,0.00024357665,2.9882617e-07,0.00040487404,0.0004149025,0.001735521,3.0489243e-06,-5.6764734e-06,-6.351615e-06,-0.0003303731,0.0003542923,3.418392e-05,0.0003635998,0.00046492624,-0.0003186793,0.00078231154,-3.2080137e-05,-0.0003409727,0.0035442442,0.004815754,-0.0026570698,-0.0008835337,0.0075045805,-8.574126e-05
C3N-03439-02,-0.0005369862,0.00014669678,-0.00022641801,0.00026198642,3.5936435e-07,0.0003915203,0.00039615264,0.001673376,2.062656e-06,-8.710638e-06,-5.0111407e-06,-0.00040311177,0.00046034568,3.718325e-05,0.0002800285,0.0001910601,-0.00042778376,0.00087929546,-3.882518e-05,-0.0010457446,0.0029285639,0.0054653124,-0.0029180553,-0.00090305466,0.008488477,-2.3650611e-05
C3N-03440-04,0.00019256615,0.000107901964,-4.481396e-06,0.000116664894,-4.376777e-07,0.00043884586,0.00032106435,0.0015333715,1.9096738e-06,-2.1790178e-05,-1.0139091e-06,-0.00035689826,0.00028629662,3.343967e-05,0.0002498458,-0.00082610926,-0.0005098673,0.00031798548,-1.5822146e-05,-8.5603766e-05,0.003482238,0.0024932805,-0.0042869807,-0.00082598464,0.0070206746,-0.0002237206
C3N-03754-01,-0.00046414655,0.0001476773,0.00058268674,0.00038878195,9.557034e-08,0.00046601635,0.0003527067,0.0016328065,2.4099386e-06,-2.2024367e-05,-4.7301974e-06,-0.0003873616,0.00047321405,4.4590455e-05,0.00018829085,0.00046609828,-0.0005305547,0.001040373,-4.2127635e-05,-0.0008693233,0.003318014,0.005866763,-0.0051175747,-0.0009633038,0.00877546,-0.00020478583
C3N-03780-01,-0.00082858326,0.00016188754,0.00027869488,0.000280351,-5.9048414e-08,0.00053338654,0.00036541527,0.0016441359,1.7295154e-06,-2.1901364e-05,-4.112797e-06,-0.00038337486,0.0004328375,3.6196834e-05,0.00026138037,-3.1908723e-05,-0.00044881314,0.0009939206,-3.5429563e-05,-0.0013069494,0.0033643835,0.0051074266,-0.0036203328,-0.00090910477,0.00859344,-0.00012367839
C3N-04284-01,0.00030911178,0.00010672996,-6.403055e-05,0.00012474255,-5.536954e-07,0.0004997376,0.0003072539,0.0014912722,1.62095e-06,-2.1910997e-05,-7.5785323e-07,-0.00035389105,0.0002051339,3.306596e-05,0.00028187825,-0.00064538186,-0.00038880165,0.00034208212,-1.7287397e-05,-0.00067681214,0.0032607147,0.0019844295,-0.0026529182,-0.0009054256,0.0073488327,-0.00048254544
ER-ABCU-TTM1-A,-0.0009459503,0.00019974197,-0.000409718,0.00031480435,-7.1334546e-07,0.00051668327,0.0004181947,0.0016422472,2.5797888e-06,-1.4807038e-05,-4.4783906e-06,-0.0003816206,0.0004865093,5.1673152e-05,-0.00019934369,0.0019018652,-0.00033952823,0.00072220055,-4.9566603e-05,-0.00056527933,0.0037505566,0.005957214,-0.0034893306,-0.0005488272,0.008580749,0.0002143117
HCM-BROD-0344-C25-85A,0.00036346618,0.00017013129,-0.0005143611,5.7921003e-05,-1.1854567e-06,0.00037245292,0.00035244774,0.0013775665,2.600105e-06,-7.519061e-06,-7.5265893e-06,-0.00036686563,0.0005582544,4.744376e-05,-0.00010529716,9.789797e-05,-0.0007794535,0.0009905839,-2.1325382e-05,0.00029665665,0.004425903,0.003660564,-0.005161801,-0.00020129466,0.0071988516,-5.65034e-05
