ind,Transport of small molecules,Metabolism,Cellular responses to external stimuli,DNA Replication,Neuronal System,Cell-Cell communication,Programmed Cell Death,Cell Cycle,Circadian Clock,Organelle biogenesis and maintenance,Vesicle-mediated transport,Metabolism of proteins,Digestion and absorption,Immune System,Extracellular matrix organization,Signal Transduction,Gene expression (Transcription),DNA Repair,Developmental Biology,Chromatin organization,Mitophagy,Metabolism of RNA,Reproduction,Disease,Hemostasis,Muscle contraction
TCGA-4C-A93U-01A,-0.00042577612,0.0007325462,-0.00011308756,-0.00053343753,-4.2796913e-05,-6.094626e-05,2.9338205e-05,-0.00018734178,4.8986644e-06,-2.3193346e-05,-0.00017650057,-0.0015350746,-4.7670113e-05,-0.0005750799,-0.0013393662,0.0010654319,-0.00052768236,0.00034056738,1.8960457e-06,0.00016584207,4.7976308e-05,-0.0029212271,7.5788106e-05,0.00013904602,0.0013119971,0.00026469902
TCGA-BJ-A0Z2-01A,-0.00051172805,0.0005922723,-5.4481032e-05,-0.0010981956,4.832594e-05,-5.2294778e-05,-0.0001113776,-0.0003168738,4.437919e-06,-5.8718502e-05,-0.00015597291,-0.0010791491,-4.483142e-05,-0.0004876356,-0.00096813065,0.0005033513,-0.0007967441,0.00041990046,8.874925e-05,0.00018318654,5.4897886e-05,-0.002974309,7.2790186e-05,9.8452685e-05,0.0009590742,0.00021382596
TCGA-BJ-A0Z3-01A,-0.0004571381,0.00038982992,-9.9732875e-05,-0.0009693302,-1.0099243e-06,-5.479757e-05,-0.00024041493,-0.00023674751,4.3332334e-06,-4.1416286e-05,-0.00015482552,-0.0013323494,-2.1481412e-05,-0.000751774,-0.0014467805,0.0034212407,-0.00013726293,0.00023626986,5.8799385e-05,0.00018154214,5.4497996e-05,-0.0029928095,8.266266e-05,0.00018488667,0.001294157,0.00018769433
TCGA-BJ-A0ZA-01A,-0.0004898528,0.001381443,-6.9291884e-05,-0.00086417416,5.4918633e-05,-4.85971e-05,-2.1457927e-05,-0.00025266834,3.3488602e-06,-3.9005434e-05,-0.00012597015,-0.0003467421,-4.3961372e-05,-0.00058751705,-0.0014171216,0.002161368,-0.0004903831,0.0004285411,1.5437414e-05,0.00017826102,5.4549295e-05,-0.0031706283,7.6516495e-05,0.00017791691,0.0010254757,0.00023783451
TCGA-BJ-A0ZF-01A,-0.00028094172,0.0010556995,-0.00014255023,-0.00093701296,4.2656935e-05,-4.0756167e-05,-0.00016186429,-0.00014704147,2.844217e-06,-5.2945594e-05,-5.8632417e-05,-0.001670297,4.7322155e-05,-0.0005306552,-0.0011488447,0.0017525876,-0.00044437908,0.0004163549,2.5961865e-05,0.0001859097,5.3635602e-05,-0.0031494214,6.8754205e-05,-8.156704e-05,0.00077918544,0.00024301176
TCGA-BJ-A0ZG-01A,-0.00048529488,0.0007199136,-6.026806e-05,-0.00073999894,5.3571235e-05,-5.0942002e-05,-0.00016937108,-0.0001824519,3.07021e-06,-5.783714e-05,-4.6570316e-05,-0.0013515141,-2.9108069e-05,-0.00060686795,-0.0011879267,0.0004144023,-0.00029989303,0.0003790209,9.3565766e-05,0.00018041208,5.3414547e-05,-0.0030580019,7.4040836e-05,5.9837366e-05,0.0011879788,0.00023287836
TCGA-BJ-A0ZH-01A,-0.00045923388,-0.00021658323,-0.0001353362,-0.00060293806,1.4217289e-05,-6.432683e-05,-3.5929502e-06,-0.00026751426,3.7081998e-06,-2.3145873e-05,-0.00016074155,-0.0010412838,-4.637402e-05,-0.00045613534,-0.0013210712,-4.7819627e-05,-0.00066517486,0.00043366497,1.542403e-05,0.00018218355,5.0277147e-05,-0.003043613,6.908272e-05,1.6083084e-05,0.0012233247,0.00011807897
TCGA-BJ-A18Y-01A,-0.00047631777,0.00035695042,-8.306032e-05,-0.0008253632,5.5829543e-05,-5.6529214e-05,-0.00010471461,-0.00024067205,3.1460625e-06,-5.160694e-05,-0.00015611174,-0.000995209,-7.7767014e-05,-0.00056748453,-0.0013437367,0.0012474627,-0.0007147489,0.00044222985,8.0765596e-05,0.00017887415,5.2522373e-05,-0.0029940305,6.7927744e-05,3.6297748e-05,0.0011907556,0.00018141298
TCGA-BJ-A18Z-01A,-0.00042600365,0.0008094979,-0.00010069544,-0.00052038435,9.483493e-06,-6.6371e-05,-0.00014226539,-0.00022975555,5.000457e-06,-3.5542984e-05,-0.00018084356,-0.00094017404,-8.200477e-05,-0.00055329467,-0.0013417138,0.0018199873,-0.0008170129,0.00036297657,2.8715467e-05,0.00017614615,5.2408977e-05,-0.0030564182,7.653039e-05,0.00017159744,0.0010406711,0.00018239996
TCGA-BJ-A28R-11A,-0.00048130995,0.00082765333,-4.6803525e-05,-0.0007490597,5.4938548e-05,-4.7298643e-05,-0.0002415598,-0.00021943018,2.4704664e-06,-3.2032163e-05,-0.00014732145,-0.0011891417,-3.109998e-05,-0.0007345108,-0.0010846978,0.0026313842,-0.00028289907,0.00023312878,2.900391e-05,0.00018130906,5.782884e-05,-0.003024018,7.747096e-05,-1.2150002e-05,0.0011066829,0.0002430264
TCGA-BJ-A28X-01A,-0.0004440446,0.0010284834,-7.808333e-05,-0.0006803851,-2.6405818e-05,-6.573633e-05,-0.00021403132,-0.00027290973,4.3778473e-06,-1.1264774e-05,-0.0001708757,-0.0011136879,-5.633699e-05,-0.0007436847,-0.0014398106,0.003204381,-0.000770318,0.0002895223,-1.3284648e-06,0.00018786045,5.5273504e-05,-0.0028818222,8.4247244e-05,6.0463326e-06,0.0012675262,0.00018391576
TCGA-BJ-A28X-11A,-0.00051733275,0.0009435966,-6.038267e-05,-0.0007487693,1.3701125e-05,-5.2012238e-05,-0.00024992856,-0.0002659299,2.6432015e-06,-2.8016579e-05,-0.00017626923,-0.0013354562,-6.262535e-05,-0.00085015834,-0.0010545859,0.004308173,-0.00026968194,0.0001832329,9.759375e-07,0.00018626037,5.780819e-05,-0.0028468587,8.826638e-05,-8.663065e-05,0.0011291534,0.00023324591
TCGA-BJ-A290-01A,-0.0004729248,0.00070689135,-9.927902e-05,-0.0010908912,1.47372975e-05,-5.8310117e-05,-8.7524764e-05,-0.00027445419,5.6149984e-06,-3.9702405e-05,-0.00015770004,-0.0012704278,-4.8401285e-05,-0.000558945,-0.0015166757,0.00095166825,-0.0012767616,0.00026059043,5.9627837e-05,0.00018768088,4.7485595e-05,-0.0029495375,7.7873454e-05,0.00017879382,0.0009931986,0.00023588185
TCGA-BJ-A2N7-01A,-0.00047022649,0.00026409826,-0.00013371819,-0.0008300128,6.842783e-05,-5.1988503e-05,-0.0001292033,-0.00023352173,4.6089103e-06,-3.7630554e-05,-0.00015491145,-0.0010714651,-5.7912435e-05,-0.0004972182,-0.0012085828,0.0011391687,-0.0005049554,0.00033983015,2.8319659e-05,0.00017833848,5.597e-05,-0.00312165,6.419387e-05,3.4959336e-05,0.0010232278,0.00014825142
TCGA-BJ-A2N8-01A,-0.00046503186,0.00029239335,-0.00017474942,-0.00095596287,7.75738e-05,-5.1638624e-05,-0.00021547533,-0.00015681503,4.704869e-06,-5.5124707e-05,-3.666738e-05,-0.0012041568,-2.1527265e-05,-0.00055090693,-0.0012262854,-0.0011593146,-0.00062182115,0.00047272703,0.00011452939,0.00020029588,5.8634017e-05,-0.0031742773,6.848883e-05,-0.00010812927,0.0010042316,0.00013653089
TCGA-BJ-A2N9-01A,-0.00044631722,-0.00045345494,-0.0002167769,-0.0007348253,6.731921e-05,-5.0593797e-05,9.728452e-05,-0.00029210598,1.6855686e-06,-3.130401e-05,-7.593069e-05,-0.001192251,-4.891882e-06,-0.00054275926,-0.0009706613,-0.0023159254,-0.00046858637,0.00048968283,0.00011497948,0.00015497839,5.164172e-05,-0.0032034165,5.7799778e-05,-0.00017350868,0.000979463,0.00016173969
TCGA-BJ-A2N9-11A,-0.0004704656,0.00056795485,-0.00013692192,-0.00080626755,6.1611536e-05,-5.394471e-05,-0.00025977282,-0.00020918205,1.7417116e-06,-4.4180328e-05,-0.00015909637,-0.001032962,-2.4600082e-05,-0.0007482368,-0.0010174849,0.0013528442,-0.00019536309,0.0002617773,4.8834092e-05,0.00018030769,5.277169e-05,-0.0029411977,7.6429824e-05,-0.0001153887,0.0011435085,0.00020822704
TCGA-BJ-A2N9-11A,-0.0004704656,0.00056795485,-0.00013692192,-0.00080626755,6.1611536e-05,-5.394471e-05,-0.00025977282,-0.00020918205,1.7417116e-06,-4.4180328e-05,-0.00015909637,-0.001032962,-2.4600082e-05,-0.0007482368,-0.0010174849,0.0013528442,-0.00019536309,0.0002617773,4.8834092e-05,0.00018030769,5.277169e-05,-0.0029411977,7.6429824e-05,-0.0001153887,0.0011435085,0.00020822704
TCGA-BJ-A2P4-01A,-0.00048738925,-0.0008630378,-0.00015767515,-0.0009930796,5.47225e-05,-7.48215e-05,6.0567574e-05,-0.00033523576,3.1855907e-06,-5.1703904e-05,-0.00015943017,-0.0010047767,-6.6394736e-05,-0.0005058941,-0.0014715232,0.00070076983,-0.0006410714,0.0004964274,7.281197e-05,0.00017482563,5.3190233e-05,-0.0030621453,6.12414e-05,4.256077e-05,0.0013177651,0.00014220277
TCGA-BJ-A3EZ-01A,-0.00043214433,0.00075535633,-0.0001402019,-0.0009207773,-1.045773e-05,-4.627443e-05,-2.3062821e-05,-0.00024874555,3.5826529e-06,-2.1370905e-05,-9.5651914e-05,-0.0010787434,-5.7635152e-05,-0.0005227088,-0.0011161176,-0.00060341915,-0.00052507315,0.0002828723,-1.8080344e-06,0.00017890698,5.3729742e-05,-0.003057382,7.500431e-05,-9.14788e-06,0.0011052465,9.197379e-05
TCGA-BJ-A3F0-01A,-0.000563865,-0.0010718734,-0.00016524213,-0.0006250098,0.00011196007,-6.221748e-05,9.555926e-05,-0.00024846502,2.5362754e-06,-5.1939023e-05,-6.0249622e-05,-0.0012360911,4.93167e-06,-0.0005114202,-0.0014204832,0.0012033756,-0.00064069463,0.0007376991,3.0085894e-05,0.00017330892,5.3510917e-05,-0.0033383437,6.316978e-05,-1.6725371e-05,0.0010446842,0.0002435528
TCGA-BJ-A3PT-01A,-0.00046470787,8.829999e-05,-0.00017947132,-0.0008787747,5.6587138e-05,-6.524786e-05,-4.4698012e-05,-0.00024935536,3.0945544e-06,-4.9798127e-05,-0.00015473353,-0.00062799116,-3.073168e-05,-0.0005359058,-0.001504614,-0.00089369685,-0.000606734,0.00038858017,1.460662e-05,0.00017763663,5.2180996e-05,-0.0030160649,6.623391e-05,1.06225025e-05,0.0013143375,0.00021089462
TCGA-BJ-A3PU-11A,-0.0005455277,0.0007732249,-5.9472168e-05,-0.000978271,6.955562e-06,-3.5878318e-05,-0.00034942952,-0.00018645701,2.6573605e-06,-6.273834e-05,-0.00010013507,-0.0010156152,-6.961949e-05,-0.00057197915,-0.0011333474,0.0013068096,-0.00032454464,0.0002042914,5.7958954e-05,0.00017240463,5.7542213e-05,-0.003065654,7.148678e-05,0.0001520264,0.0011125798,0.00029962
TCGA-CE-A3MD-01A,-0.0003667521,0.00045538478,-0.00012036541,-0.00097229745,-2.1650747e-05,-7.570935e-05,-4.7576945e-05,-0.00027532305,3.0933488e-06,-4.070626e-05,-0.00017591253,-0.00080035126,-0.00010110495,-0.0005425661,-0.0013627446,0.002622776,-0.0011883263,0.00022182507,4.719875e-05,0.00018084202,5.1435145e-05,-0.0029355455,7.064769e-05,-2.2548265e-05,0.0013211129,0.00017564272
TCGA-CE-A3ME-01A,-0.00048328363,0.0013878124,-6.134829e-05,-0.00074027287,4.7032332e-05,-5.497643e-05,-0.00011883431,-0.00030068727,5.468793e-06,-3.993971e-05,-0.0001609283,-0.0006839848,-7.965292e-05,-0.00054870313,-0.0013262322,0.0015547834,-0.00042354706,0.00026328175,3.8302816e-05,0.00018530276,5.2289262e-05,-0.0029582111,7.709768e-05,1.9996625e-05,0.0011589676,0.00023452105
TCGA-CE-A481-01A,-0.00041317742,0.0011374376,-9.9027304e-05,-0.0010037061,-1.5233968e-05,-6.043951e-05,-4.0955307e-05,-0.0003204582,3.469754e-06,-4.2550873e-05,-0.0001609142,-0.00082535075,-8.233949e-05,-0.0007039101,-0.0015210201,0.0026778944,-0.0007717421,0.00020668736,6.901192e-05,0.00018020302,4.9030397e-05,-0.0029269836,7.2508556e-05,4.596125e-05,0.0012634438,0.00018360889
TCGA-CE-A483-01A,-0.00050778274,0.00083892245,-0.00010603446,-0.0008993143,4.6237557e-05,-5.27986e-05,-0.000111638525,-0.0002600535,5.485534e-06,-2.6975773e-05,-0.00017143606,-0.0009779056,-7.918122e-05,-0.00051120436,-0.0014392526,0.0012976921,-0.0005369846,0.00025746296,7.815074e-05,0.00018028685,5.597453e-05,-0.0030148213,7.659345e-05,0.00010213216,0.0011390289,0.00010259406
TCGA-DE-A0XZ-01A,-0.00031657997,0.000277791,-4.4072975e-05,-0.0007936949,-2.2325848e-05,-7.168769e-05,-0.00019387786,-0.00025618201,4.7480185e-06,-3.3231765e-05,-0.00017392721,-0.0011521195,-9.05854e-05,-0.000632977,-0.001112859,0.0032944123,-0.0011071971,0.00029760358,8.520655e-05,0.00017542386,4.8947775e-05,-0.0029218507,8.102723e-05,9.554508e-05,0.0013147186,0.00016063466
TCGA-DE-A0Y3-01B,-0.00043562675,0.0012161462,-0.00010471881,-0.00058720604,7.034917e-06,-4.5393386e-05,-7.982891e-05,-0.00027233793,5.255906e-06,-2.1035323e-05,-6.349442e-05,-0.0005335543,-3.7510963e-05,-0.00044853898,-0.0011283043,0.0014536362,-7.30386e-05,0.00023956996,-2.0287784e-05,0.00016821861,5.2345953e-05,-0.0030373,7.7167686e-05,0.00016889386,0.0010954265,0.00010778714
TCGA-DE-A4M8-01A,-0.0003593081,0.0002691993,-0.00015325687,-0.0006487986,-1.1207916e-05,-6.742396e-05,-0.00022307181,-0.0002606711,2.8912857e-06,-1.5113889e-05,-0.00017488174,-0.0009803919,-3.2162563e-05,-0.0006403787,-0.001285244,0.00022642442,-0.00055905984,0.00031109052,4.726402e-05,0.0001592627,4.874133e-05,-0.0028446068,7.462968e-05,4.977362e-05,0.0013075562,0.00019679267
TCGA-DE-A4MB-01A,-0.00048560713,0.0012020656,-9.072786e-05,-0.00058168825,-3.4128698e-05,-6.59441e-05,-9.4043105e-05,-0.00023870134,5.119317e-06,-2.0568978e-05,-2.9927369e-05,-0.0011562757,-3.5419296e-05,-0.0005564362,-0.001114383,0.0007670918,-0.0007033939,0.00042220933,-1.9642992e-05,0.00016968677,4.6753903e-05,-0.0030143051,7.586104e-05,6.5544424e-05,0.0007238454,0.00021094088
TCGA-DE-A4MD-06A,-0.0004553149,-0.00043010036,-0.00014489544,-0.00082954427,1.746817e-05,-6.3439875e-05,-0.00021920123,-0.00036971836,2.9083274e-06,-3.7547183e-05,-8.5666325e-05,-0.0009392705,-6.291539e-05,-0.00051108154,-0.0014251155,-0.0011470275,-0.000652769,0.0004508908,4.9791903e-05,0.00015569337,5.1948373e-05,-0.003127839,6.122939e-05,-4.0930932e-05,0.0011906545,0.00018233045
TCGA-DE-A69J-01A,-0.00037054438,0.0008982409,-9.0380985e-05,-0.0009962248,-7.612175e-06,-5.7777357e-05,6.4717824e-05,-0.0002695176,5.0205463e-06,-4.6562465e-05,-0.00016053669,-0.0006903909,-5.317264e-05,-0.000527759,-0.002043248,0.0025337455,-0.00046643318,0.00029000343,6.279397e-05,0.00017923054,5.4906457e-05,-0.0030448237,7.778506e-05,0.0001834145,0.0011437341,0.00015445573
TCGA-DJ-A13M-01A,-0.0004623249,0.0006100622,-0.00017869205,-0.0009812257,0.000119545286,-5.1304516e-05,-4.1007945e-05,-0.00032557224,2.9255493e-06,-6.429077e-05,-0.00011833737,-0.0006308295,-1.2610962e-05,-0.00044348408,-0.0014296266,-0.0011100988,-0.00056613877,0.0005998874,0.00010607479,0.00019184296,5.2818363e-05,-0.0030649223,6.439912e-05,0.0001423853,0.0010706264,0.00018451108
TCGA-DJ-A13O-01A,-0.00043688147,0.0007750027,-0.00015908603,-0.0006841016,7.177173e-05,-5.8752226e-05,-0.00027395674,-0.00027421466,3.7565037e-06,-5.06431e-05,-8.7688546e-05,-0.0012765051,-2.669641e-05,-0.0005055305,-0.0012213953,0.0002834228,-0.00050204596,0.00038343592,6.81484e-05,0.00018168255,5.383958e-05,-0.0030854878,6.698061e-05,-4.1150073e-05,0.0010096434,0.00019368027
TCGA-DJ-A13O-01A,-0.00043688147,0.0007750027,-0.00015908603,-0.0006841016,7.177173e-05,-5.8752226e-05,-0.00027395674,-0.00027421466,3.7565037e-06,-5.06431e-05,-8.7688546e-05,-0.0012765051,-2.669641e-05,-0.0005055305,-0.0012213953,0.0002834228,-0.00050204596,0.00038343592,6.81484e-05,0.00018168255,5.383958e-05,-0.0030854878,6.698061e-05,-4.1150073e-05,0.0010096434,0.00019368027
TCGA-DJ-A13P-01A,-0.0004299086,0.00048998446,-9.169597e-05,-0.0008685803,-1.581413e-05,-5.0518833e-05,-0.00014691855,-0.0001576025,4.590582e-06,-5.0280814e-05,-0.00016153278,-0.0013490829,-2.4661098e-05,-0.0005644379,-0.0012150633,0.0024809649,-0.0006747214,0.00038724224,8.654953e-05,0.00017761915,5.4411696e-05,-0.003030583,7.391673e-05,0.00014473862,0.0013330809,0.0002414255
TCGA-DJ-A13P-01A,-0.0004299086,0.00048998446,-9.169597e-05,-0.0008685803,-1.581413e-05,-5.0518833e-05,-0.00014691855,-0.0001576025,4.590582e-06,-5.0280814e-05,-0.00016153278,-0.0013490829,-2.4661098e-05,-0.0005644379,-0.0012150633,0.0024809649,-0.0006747214,0.00038724224,8.654953e-05,0.00017761915,5.4411696e-05,-0.003030583,7.391673e-05,0.00014473862,0.0013330809,0.0002414255
TCGA-DJ-A13T-01A,-0.00040138754,0.0008082235,-5.925494e-05,-0.0008996644,-1.6822156e-05,-5.9573867e-05,-0.00018487989,-0.00021873329,4.5962934e-06,-4.7781963e-05,-0.00016484038,-0.0010413611,-2.0255825e-06,-0.0005523319,-0.0016666589,0.001590858,-0.00043932808,0.00031291385,6.357102e-05,0.00017101083,5.3798605e-05,-0.0030202537,7.8464174e-05,0.0002107659,0.00137728,0.0002005503
TCGA-DJ-A13X-01A,-0.00038733092,0.0010099212,-8.484219e-05,-0.00074959174,-1.2267319e-05,-4.598831e-05,-0.00024399858,-0.00021679241,4.988224e-06,-3.7428083e-05,-0.00016666319,-0.0007118648,-4.773371e-05,-0.0005300313,-0.0018866019,0.0013029428,-0.00040282882,0.00032411577,5.3928783e-05,0.00017141955,5.23789e-05,-0.0030714762,7.699774e-05,0.0002825699,0.0013454114,0.0002815284
TCGA-DJ-A1QG-01A,-0.00041268033,0.00043042316,-0.000108064836,-0.00081451435,4.262844e-05,-6.05707e-05,-9.894891e-05,-0.00023530076,2.1985088e-06,-1.3256658e-05,-0.00013903172,-0.0011177048,2.1386488e-06,-0.000460417,-0.0015837646,-0.0010025008,-0.0003553026,0.00034408167,8.027478e-05,0.00018320263,5.096188e-05,-0.0033979665,6.520203e-05,0.00010501447,0.0012866363,0.000117162694
TCGA-DJ-A1QH-01A,-0.00036312995,0.00095556997,-9.4018076e-05,-0.0008405718,3.7403279e-06,-5.559673e-05,-6.534544e-05,-0.00027535888,6.3095636e-06,-4.2104555e-05,-0.00016708633,-0.000709862,-4.9675295e-05,-0.00055633864,-0.0016928277,0.0023465087,-0.00044810286,0.00032577515,4.8434315e-05,0.00018088467,5.0406954e-05,-0.0030622906,7.958706e-05,0.00018803083,0.0011816728,0.0001575865
TCGA-DJ-A1QL-01A,-0.00049419655,-0.0005919483,-7.977533e-05,-0.001113233,5.2974086e-05,-5.6029607e-05,-0.0002690372,-0.00026864192,3.1176237e-06,-6.306643e-05,-0.00014195983,-0.0007319745,-7.571651e-05,-0.00049214036,-0.0012303843,0.002837292,-0.00065822556,0.00024078006,7.004883e-05,0.00018924511,5.6047807e-05,-0.003043819,7.403651e-05,-4.684384e-06,0.0010433928,0.0002232984
TCGA-DJ-A1QM-01A,-0.00036597167,0.0004480238,-0.000105305466,-0.000632495,2.0948863e-05,-6.303018e-05,-0.00017703997,-0.00020461397,4.920027e-06,-4.176568e-05,-0.00012559889,-0.0016886054,1.7037457e-06,-0.0005361209,-0.0015619254,0.0028815214,-0.00034897795,0.0003340752,7.0216192e-06,0.00017641902,4.9803475e-05,-0.0029997579,7.4217154e-05,0.00014033668,0.001098846,0.00023866908
TCGA-DJ-A1QN-01A,-0.00037756743,3.934989e-05,-7.73045e-05,-0.00084036327,-1.2243632e-05,-6.409088e-05,-0.00020084894,-0.0002466654,4.638499e-06,-5.026597e-05,-0.0001647046,-0.0011374884,-6.5196306e-05,-0.00057655404,-0.0013007997,0.003846255,-0.0008409103,0.00032197704,6.0954873e-05,0.00017388539,4.6493948e-05,-0.0030054206,7.793664e-05,0.00010306939,0.0013101338,0.00025000362
TCGA-DJ-A1QO-01A,-0.00036790204,0.0004715801,-0.00010787958,-0.00043937203,1.1980718e-06,-5.6452307e-05,-0.00019914696,-0.00029385084,4.4718154e-06,-1.8907003e-05,-0.00013830765,-0.0011354745,-2.1979182e-05,-0.00052449194,-0.0014677861,0.0008688157,-0.000560729,0.0002983721,-3.6880767e-05,0.0001715117,4.8317983e-05,-0.0029410096,7.4500655e-05,-2.591862e-05,0.0011069977,0.00021729927
TCGA-DJ-A1QQ-01A,-0.00041578425,0.0008911953,-9.58856e-06,-0.00061111216,-1.5719394e-05,-5.715496e-05,-0.00018556142,-0.00024371385,5.091742e-06,-4.3949916e-05,-0.00016742211,-0.00092886016,-3.680064e-05,-0.000624368,-0.001992584,0.0019338336,-0.00047493292,0.00024984882,2.9484909e-06,0.00017250562,5.7343765e-05,-0.0029868595,8.2100734e-05,0.00014910022,0.0012871011,0.0002297568
TCGA-DJ-A2PT-01A,-0.00037887687,0.00023620302,-0.00015776746,-0.0007505316,-2.1545691e-05,-8.369807e-05,-0.00017889468,-0.00031761837,4.3273517e-06,-3.5501736e-05,-0.000120880904,-0.00078881957,-4.2805954e-05,-0.000569817,-0.0012926746,0.0017330486,-0.00048096923,0.0003553776,2.9256491e-05,0.00018348092,5.1240437e-05,-0.0031575288,7.37482e-05,-7.858494e-05,0.0011817866,0.00017381141
TCGA-DJ-A2PU-01A,-0.0003831282,0.00013147814,-6.641348e-05,-0.00088124676,-1.3127544e-05,-6.549541e-05,-0.00019820096,-0.00023829368,4.4747226e-06,-3.3478915e-05,-0.00017428705,-0.0007507624,-3.1100048e-05,-0.0005970542,-0.001957258,0.0032669893,-0.00015766753,0.000270163,9.114128e-05,0.00017843819,5.1294875e-05,-0.0031231374,7.9380305e-05,0.00024330891,0.0014351523,0.00032661966
TCGA-DJ-A2PY-01A,-0.0004315885,0.0010939235,-8.120478e-05,-0.000937319,-6.7107085e-06,-6.347051e-05,-0.00011617192,-0.00021371161,4.7781714e-06,-3.385562e-05,-0.00012850751,-0.00096430857,-8.073418e-05,-0.0006346286,-0.0017049614,0.0027686798,-0.00052257784,0.00036620238,7.386202e-05,0.00018161512,6.008916e-05,-0.0031420242,7.983925e-05,7.328635e-05,0.0013258063,0.00021319251
TCGA-DJ-A2Q1-01A,-0.00010139888,-0.00028612328,-0.00015479674,-0.000612618,1.6947049e-06,-7.0514034e-05,-4.0894727e-05,-0.00018495752,5.8026976e-06,-3.3398865e-05,1.230499e-05,-0.0009283775,-3.0972402e-05,-0.0005306242,-0.0013032281,0.00037474398,-0.00038067656,0.00039943264,4.917857e-06,0.00017170128,4.312719e-05,-0.003186294,6.552851e-05,-7.745466e-05,0.0011262345,6.44693e-05
TCGA-DJ-A2Q2-01A,-0.00043749253,-0.0002302083,-8.006382e-05,-0.0009178308,0.00010131808,-5.1136387e-05,-0.000103957136,-0.00021536836,3.229787e-06,-3.28059e-05,-0.00015400318,-0.001364812,-4.6470996e-05,-0.0005707844,-0.0009305025,0.002561502,-0.00039318245,0.00044405198,6.330762e-06,0.0001674247,5.7217247e-05,-0.0031355505,6.980976e-05,-0.00017708587,0.0011924256,0.00023208279
TCGA-DJ-A2Q4-01A,-0.00039609635,0.0015566815,-4.036126e-05,-0.00071103027,-5.232821e-06,-5.655971e-05,-0.00016077881,-0.00024667842,4.5685288e-06,-3.5106972e-05,-0.00013490795,-0.0011227473,-5.0586674e-05,-0.0005992357,-0.0014822417,0.0018233467,-0.0005572231,0.00018652294,-1.8787614e-05,0.00017599325,5.7357945e-05,-0.0030077742,8.044278e-05,6.7804904e-05,0.0012637058,0.00025685033
TCGA-DJ-A2Q5-01A,-0.0004152632,0.0005400857,-6.9182075e-05,-0.00090857584,-2.296088e-05,-6.777574e-05,-0.00017858246,-0.00025165355,4.317032e-06,-4.1388572e-05,-0.00017474694,-0.0014547664,-4.70536e-05,-0.00078448857,-0.0013166318,0.003550605,-0.00055694254,0.00024521875,4.717646e-05,0.00017749384,5.29014e-05,-0.0029573669,8.413219e-05,0.00013124078,0.0012960013,0.00023578003
TCGA-DJ-A2Q6-01A,-0.0004179856,0.00071023905,-3.522485e-05,-0.0008876816,-2.3631166e-05,-5.9360787e-05,-0.0001573228,-0.000212314,4.994353e-06,-4.2216925e-05,-0.0001677734,-0.0013133921,-7.811912e-05,-0.0006531322,-0.0015291686,0.0025924116,-0.00060123135,0.00034573866,4.187373e-05,0.00017993644,5.500363e-05,-0.0030243276,7.9943566e-05,0.00014668488,0.001441137,0.00026073417
TCGA-DJ-A3UO-01A,-0.00040401373,0.00019896805,-0.00010205197,-0.0006565246,-1.7772364e-06,-6.5516666e-05,5.8059835e-05,-0.00027467735,5.4282605e-06,-4.06133e-05,-0.00016204538,-0.0011165343,-4.6177578e-05,-0.0005618358,-0.001252024,0.00018031042,-0.00076620025,0.00030205844,5.81795e-05,0.0001849932,4.182862e-05,-0.0029824858,7.3382966e-05,1.946308e-05,0.001378345,0.00026769922
TCGA-DJ-A3UR-01A,-0.00044652028,0.00022086877,-0.00011343495,-0.00078937947,4.2664606e-06,-5.3012343e-05,-0.00024861647,-0.00024336376,4.7729322e-06,-4.337402e-05,-0.000159051,-0.0009619157,-3.469853e-05,-0.0005458525,-0.0015793566,0.00087986863,-0.00039507475,0.00021539633,8.382044e-05,0.00017677771,5.3732685e-05,-0.0029571487,7.4476426e-05,9.258924e-05,0.0013087475,0.00015393442
TCGA-DJ-A3UT-01A,-0.0004934576,0.00045507582,-0.00012890554,-0.0007535506,9.467176e-05,-5.5873294e-05,-0.00018636917,-0.0002928537,2.2069198e-06,-5.259453e-05,-6.833837e-05,-0.0009303174,-6.888249e-05,-0.0005258294,-0.0017144039,-0.0004230915,-0.0007076709,0.00041715713,8.9299065e-06,0.0001753348,5.6000503e-05,-0.002960294,5.913178e-05,7.5450625e-05,0.0010567316,0.00019475879
TCGA-DJ-A3UW-01A,-0.00039178875,0.00023442354,-0.00016623389,-0.00048663464,-4.915929e-06,-7.407942e-05,-8.861338e-05,-0.00025355944,3.7342677e-06,-1.3057241e-05,-0.00015939385,-0.0010686761,-2.1759844e-05,-0.00061599206,-0.0012107213,0.0005368472,-0.0006434642,0.0003554028,3.0204357e-05,0.00016731075,4.987328e-05,-0.002897836,6.990435e-05,-5.4915894e-05,0.001144852,0.00019877772
TCGA-DJ-A3UY-01A,-0.00047544466,0.0011117415,-9.590701e-05,-0.00073007296,3.097586e-05,-5.9021517e-05,-0.00018331406,-0.00022626099,4.5418465e-06,-3.114768e-05,-0.00016632087,-0.0011366857,-5.7967143e-05,-0.0005917781,-0.0017114653,0.0017311904,-0.00046899685,0.00027522002,5.0587355e-06,0.00018218589,5.4284978e-05,-0.0029681737,7.692318e-05,9.3163006e-05,0.0012651238,0.00023425744
TCGA-DJ-A3V0-01A,-0.00045872334,0.0005580327,-0.00014606444,-0.0006437438,-3.283824e-05,-6.978487e-05,-0.00012292694,-0.00026946244,5.122125e-06,-3.1611824e-05,-0.00017712647,-0.0013035327,-6.893418e-05,-0.00054003287,-0.0014139595,-0.000871512,-0.00089957996,0.00033214662,2.9950017e-05,0.00017661855,5.415217e-05,-0.0029275315,6.163536e-05,5.763121e-05,0.0011782028,0.00018338027
TCGA-DJ-A3V4-01A,-0.00044466203,0.0012794426,-0.000112363516,-0.0007500258,4.4576964e-06,-5.7689413e-05,-0.0001408797,-0.0002132009,4.850913e-06,-2.7712786e-05,-0.0001331218,-0.0012157342,-6.252835e-05,-0.0005503874,-0.001498944,0.0018646033,-0.00047522676,0.0002833982,7.337516e-05,0.00017436246,5.897691e-05,-0.0030445133,7.611155e-05,0.00010358991,0.0011867982,0.00018146729
TCGA-DJ-A3V6-01A,-0.00039684778,0.00022035076,-0.00014777684,-0.0006530033,-1.3665965e-05,-5.365236e-05,-9.317561e-05,-0.00028301802,4.481093e-06,-1.9504188e-05,-0.00013363949,-0.0013574671,-6.765353e-05,-0.0005356216,-0.0014590758,0.0006653325,-0.0006625541,0.00038745324,-6.330395e-06,0.00017968538,5.3544412e-05,-0.0029204811,7.406568e-05,-4.072737e-06,0.0011152953,0.00013368686
TCGA-DJ-A3V7-01A,-0.00043506216,0.0011009916,-0.00015203192,-0.00083280157,4.0213126e-06,-5.569035e-05,-7.675952e-05,-0.000258633,4.805942e-06,-3.743708e-05,-0.00013192571,-0.0008968825,-8.346697e-05,-0.00051952054,-0.0010984455,0.00022882587,-0.00053693977,0.0002462083,9.38222e-06,0.00017850014,5.4776217e-05,-0.0028862937,7.167977e-05,6.131868e-05,0.0011263347,0.00014404439
TCGA-DJ-A3V8-01A,-0.00044256213,0.000326732,-0.0001234404,-0.0007910417,5.0335577e-05,-5.3138992e-05,-0.00016069604,-0.00024460568,4.540309e-06,-4.1574807e-05,-0.000101266996,-0.00071362447,-6.3695785e-05,-0.00048822633,-0.001351299,0.0005541086,-0.00075126736,0.00023839905,1.0541829e-05,0.00018419191,5.7947505e-05,-0.002942905,7.525815e-05,1.7482742e-05,0.0010819117,0.00017562127
TCGA-DJ-A3VA-01A,-0.00044479978,0.00059986045,-7.021327e-05,-0.00069010194,-3.8466237e-06,-5.8242396e-05,-0.00011857915,-0.00027088108,3.9433503e-06,-3.0498235e-05,-0.00018191419,-0.0012573241,-8.344608e-05,-0.00055903394,-0.0015865919,0.0011314943,-0.0011442065,0.00023426523,5.4096017e-05,0.00018060535,5.7428057e-05,-0.0029474862,7.6906894e-05,0.0001004856,0.0011785475,0.00023002893
TCGA-DJ-A3VG-01A,-0.000521687,0.00022753967,-0.00015287175,-0.00087545766,5.8374586e-05,-5.496506e-05,1.8771072e-05,-0.00021951983,2.0344742e-06,-5.3441956e-05,-0.00010068543,-0.000752564,-8.2440674e-05,-0.0005245927,-0.0012071127,0.0011589319,-0.0007478428,0.00030891426,1.576128e-05,0.00017810243,5.657663e-05,-0.002917485,6.294344e-05,1.4474073e-05,0.0010894552,0.00014550803
TCGA-DJ-A3VG-01A,-0.000521687,0.00022753967,-0.00015287175,-0.00087545766,5.8374586e-05,-5.496506e-05,1.8771072e-05,-0.00021951983,2.0344742e-06,-5.3441956e-05,-0.00010068543,-0.000752564,-8.2440674e-05,-0.0005245927,-0.0012071127,0.0011589319,-0.0007478428,0.00030891426,1.576128e-05,0.00017810243,5.657663e-05,-0.002917485,6.294344e-05,1.4474073e-05,0.0010894552,0.00014550803
TCGA-DJ-A3VI-01A,-0.00045193348,0.00085088966,-0.00011916724,-0.0008071059,1.935156e-05,-4.252957e-05,-0.00019879872,-0.00027716768,4.5746106e-06,-1.8212606e-05,-8.846195e-05,-0.001062521,-8.142293e-05,-0.00045851356,-0.0016747256,-0.00068254065,-0.00053575385,0.00024350968,2.827453e-05,0.00018104089,5.661456e-05,-0.0029290414,7.456113e-05,9.453148e-05,0.0011055742,0.00011005728
TCGA-DJ-A3VI-01A,-0.00045193348,0.00085088966,-0.00011916724,-0.0008071059,1.935156e-05,-4.252957e-05,-0.00019879872,-0.00027716768,4.5746106e-06,-1.8212606e-05,-8.846195e-05,-0.001062521,-8.142293e-05,-0.00045851356,-0.0016747256,-0.00068254065,-0.00053575385,0.00024350968,2.827453e-05,0.00018104089,5.661456e-05,-0.0029290414,7.456113e-05,9.453148e-05,0.0011055742,0.00011005728
TCGA-DJ-A3VJ-01A,-0.00038855785,0.00035597658,-0.000120481745,-0.00097385835,-4.93442e-06,-6.292298e-05,-3.8274822e-05,-0.00026088124,4.4014078e-06,-5.1449973e-05,-0.00015975093,-0.0009537333,-4.4263266e-05,-0.00066379947,-0.0017707131,0.00296063,-0.00082432094,0.00033333467,1.566482e-05,0.00018821114,5.3323056e-05,-0.0028479001,7.918429e-05,0.000193247,0.0013677024,0.00026932653
TCGA-DJ-A4UQ-01A,-0.00046669733,0.00053499296,-5.237962e-05,-0.00088601146,-1.5977617e-05,-7.187967e-05,-0.00019343742,-0.00026975956,4.6266578e-06,-5.1553343e-05,-0.00015307427,-0.0008945561,-9.074541e-05,-0.00059588975,-0.0013380497,0.0026421011,-0.0006644108,0.00030849598,5.1643015e-05,0.00017522888,5.393073e-05,-0.0029798488,7.1143404e-05,0.000100492136,0.0012172102,0.00025532514
TCGA-DJ-A4UW-01A,-0.0004167458,0.00014942774,-0.00013222726,-0.0009057584,-7.815042e-06,-7.9721416e-05,-0.00018196118,-0.00022108869,4.127595e-06,-4.5942492e-05,-0.00016836828,-0.000876517,-7.976226e-05,-0.0005552422,-0.0013452764,0.001536488,-0.00044325355,0.00029444686,3.848863e-05,0.00017295338,5.4239164e-05,-0.00303514,6.9203474e-05,0.00015353171,0.0014140938,0.00025881772
TCGA-DJ-A4V4-01A,-0.00041879914,3.6502002e-05,-0.0001580495,-0.00056385214,8.22322e-06,-6.253648e-05,-9.931376e-05,-0.00023788217,4.0330037e-06,-2.8914064e-05,-9.988643e-05,-0.0013123034,-4.8294773e-05,-0.00043710019,-0.0013965394,0.001293097,-0.0005044414,0.00038121926,4.645245e-05,0.00016895343,5.124375e-05,-0.0030655013,6.813472e-05,0.000107764434,0.0011631992,0.00015227126
TCGA-DJ-A4V4-01A,-0.00041879914,3.6502002e-05,-0.0001580495,-0.00056385214,8.22322e-06,-6.253648e-05,-9.931376e-05,-0.00023788217,4.0330037e-06,-2.8914064e-05,-9.988643e-05,-0.0013123034,-4.8294773e-05,-0.00043710019,-0.0013965394,0.001293097,-0.0005044414,0.00038121926,4.645245e-05,0.00016895343,5.124375e-05,-0.0030655013,6.813472e-05,0.000107764434,0.0011631992,0.00015227126
TCGA-DO-A2HM-01B,-0.00035003287,0.0017094089,-6.876067e-05,-0.0005369826,-4.343433e-05,-6.969497e-05,-0.0001947305,-0.00022704036,4.6168952e-06,-1.995569e-05,-0.00017353373,-0.0010228822,-6.489591e-05,-0.00086114695,-0.0014476386,0.00714952,-0.0005584468,0.00020150648,-4.9243867e-05,0.00018144619,5.3361997e-05,-0.0028780934,8.747709e-05,-2.6334632e-05,0.0011453083,0.00015780407
TCGA-DO-A2HM-01B,-0.00035003287,0.0017094089,-6.876067e-05,-0.0005369826,-4.343433e-05,-6.969497e-05,-0.0001947305,-0.00022704036,4.6168952e-06,-1.995569e-05,-0.00017353373,-0.0010228822,-6.489591e-05,-0.00086114695,-0.0014476386,0.00714952,-0.0005584468,0.00020150648,-4.9243867e-05,0.00018144619,5.3361997e-05,-0.0028780934,8.747709e-05,-2.6334632e-05,0.0011453083,0.00015780407
TCGA-E3-A3DY-01A,-0.00042855722,0.00060207,-9.918527e-05,-0.00082855084,-1.351931e-05,-4.9216233e-05,-0.0002178002,-0.00022877216,4.7005306e-06,-2.942415e-05,-0.00013618992,-0.001053405,-4.334955e-05,-0.0006020185,-0.0013971289,0.0015253512,-0.00035224413,0.00030448203,7.4861535e-05,0.00017674582,5.3397685e-05,-0.0030248014,7.910271e-05,0.000157589,0.001297848,0.00024695075
TCGA-E3-A3DY-01A,-0.00042855722,0.00060207,-9.918527e-05,-0.00082855084,-1.351931e-05,-4.9216233e-05,-0.0002178002,-0.00022877216,4.7005306e-06,-2.942415e-05,-0.00013618992,-0.001053405,-4.334955e-05,-0.0006020185,-0.0013971289,0.0015253512,-0.00035224413,0.00030448203,7.4861535e-05,0.00017674582,5.3397685e-05,-0.0030248014,7.910271e-05,0.000157589,0.001297848,0.00024695075
TCGA-E3-A3DZ-01A,-0.00051281037,0.0008150397,-4.1130766e-05,-0.0011712189,2.9328612e-05,-5.2485273e-05,-0.00015164736,-0.00028045056,3.3994997e-06,-6.1061015e-05,-0.00016093538,-0.0009744957,-5.808381e-05,-0.000572278,-0.0012215585,0.00060824235,-0.0010505671,0.0003576198,0.000107121734,0.00018764881,5.9261867e-05,-0.0030450423,7.612041e-05,1.6581662e-05,0.0011020419,0.00029076388
TCGA-E3-A3E0-01A,-0.0004602928,0.0007980221,-0.00012099164,-0.0010660348,1.0569121e-05,-5.8759364e-05,-0.00026483514,-0.00022456307,4.53808e-06,-6.069905e-05,-0.00012936354,-0.00065399735,-5.2191197e-05,-0.00064059306,-0.0014440895,0.00023488073,-0.0006723462,0.00030835374,6.9773836e-05,0.0001904765,5.7172852e-05,-0.00302706,7.5777956e-05,-5.794108e-06,0.0012226666,0.0003062355
TCGA-E3-A3E2-01A,-0.00047387308,9.635731e-05,-0.00012949215,-0.0011133162,1.2537668e-05,-7.3327836e-05,-0.00025216799,-0.00025598373,4.478146e-06,-4.6007575e-05,-0.00015420622,-0.001252966,-5.0148614e-05,-0.0006928741,-0.0013389556,0.002722968,-0.00064225856,0.00024555475,7.1867245e-05,0.00019122208,5.228266e-05,-0.0029505612,8.122998e-05,0.000112538204,0.0012188663,0.0002290263
TCGA-E3-A3E3-01A,-0.000432321,0.0003793804,-0.00014929629,-0.00063964434,1.0613573e-05,-6.2249776e-05,-0.0001582519,-0.0002305447,4.974184e-06,-3.338953e-05,-8.783176e-05,-0.00088602345,-4.5017903e-05,-0.0005011937,-0.0015058395,0.0010573007,-0.0002950932,0.00029973444,2.9145689e-05,0.00017712616,5.074904e-05,-0.0029786672,7.43018e-05,7.691684e-05,0.0010816103,0.00015791606
TCGA-E8-A242-01A,-0.00028746235,0.00011061911,-0.0001187866,-0.0002805771,-2.3139215e-05,-6.215963e-05,-0.00014871728,-0.00028612683,4.6574655e-06,-2.0293803e-05,-0.000120508215,-0.0010475355,-1.13340775e-05,-0.00054363924,-0.0015589444,0.0006227079,-0.00065687636,0.00039552734,-2.2431057e-05,0.00017214825,5.0023045e-05,-0.00301474,7.280083e-05,-9.097259e-06,0.001268075,0.00018011374
TCGA-E8-A3X7-01A,-0.00044060926,-0.00019465775,-0.00017221733,-0.00052114174,-1.5466698e-06,-6.0137936e-05,-2.2970979e-05,-0.0002467521,4.3083833e-06,-2.3083147e-05,-7.114999e-05,-0.00069159694,-4.1164425e-05,-0.00043694567,-0.0013378467,-0.0010489547,-0.0006186993,0.0004246233,7.919923e-05,0.00017255421,5.1939158e-05,-0.0030469124,6.25693e-05,-5.7342728e-05,0.0011832814,9.4857205e-05
TCGA-E8-A413-01A,-0.00044224504,0.0009897356,-9.3503804e-05,-0.0008813242,-6.9411967e-06,-6.887638e-05,-0.00018892006,-0.00025926347,5.1021657e-06,-3.8627968e-05,-0.00017593539,-0.00094311824,-8.704148e-05,-0.0005601635,-0.0018661055,0.0023498586,-0.00074840186,0.00018033582,4.7689555e-05,0.00018066874,5.523307e-05,-0.0029718082,7.807247e-05,8.490602e-05,0.0012832416,0.0002387077
TCGA-E8-A419-01A,-0.0004269056,0.0006087153,-0.00011364276,-0.0005775401,1.4562595e-06,-6.435348e-05,-0.00014054832,-0.00029167676,4.3579075e-06,-1.1546253e-05,-0.00019094799,-0.00073439634,-7.4189564e-05,-0.00055198796,-0.0011518609,-0.0005367311,-0.0010737757,0.00032565484,1.9762243e-05,0.00017680421,5.4127908e-05,-0.002662643,7.661862e-05,-0.00013879295,0.0009662201,0.000117721946
TCGA-E8-A432-01A,-5.1736242e-05,0.0006607215,-0.00011680905,-0.00088517467,-4.5912344e-05,-6.04139e-05,4.3197506e-05,-0.00015794391,5.1138827e-06,-6.304676e-05,-0.0001328084,-0.0009450166,-2.1861664e-05,-0.0007515754,-0.0015288293,0.0035481274,-0.0004266867,0.00022730087,6.422068e-05,0.00016987638,4.5949266e-05,-0.002806836,6.934894e-05,5.2884848e-06,0.0015259895,0.00031004817
TCGA-E8-A433-01A,-0.0003682138,0.000282787,-0.00015269028,-0.0008819861,2.7977096e-05,-6.696461e-05,-7.074619e-05,-0.00034369773,4.569784e-06,-4.1019703e-05,-0.00015098424,-0.0007467329,-7.0159265e-05,-0.00039796202,-0.0014931676,-0.00037712415,-0.0005883184,0.00039933852,6.531069e-05,0.00017208121,5.8330967e-05,-0.0031470468,6.405709e-05,-7.1909846e-05,0.001169529,0.000114695795
TCGA-E8-A433-01A,-0.0003682138,0.000282787,-0.00015269028,-0.0008819861,2.7977096e-05,-6.696461e-05,-7.074619e-05,-0.00034369773,4.569784e-06,-4.1019703e-05,-0.00015098424,-0.0007467329,-7.0159265e-05,-0.00039796202,-0.0014931676,-0.00037712415,-0.0005883184,0.00039933852,6.531069e-05,0.00017208121,5.8330967e-05,-0.0031470468,6.405709e-05,-7.1909846e-05,0.001169529,0.000114695795
TCGA-E8-A44K-01A,-0.0004698422,0.0003852224,-0.0001416902,-0.00047411254,2.2348624e-05,-6.034256e-05,-2.967843e-05,-0.00028380414,3.780778e-06,-1.0520533e-05,-0.00014211691,-0.0007078639,-8.289923e-05,-0.00042868828,-0.0013083424,-0.0013922219,-0.0007596949,0.00026229688,2.7669768e-05,0.00017451485,5.114102e-05,-0.0029109365,6.794745e-05,5.538791e-06,0.0009661244,7.1090755e-05
TCGA-EL-A3CL-01A,-0.00049185514,0.000952795,-7.569638e-05,-0.00069932285,5.154724e-05,-5.725405e-05,-0.00021099363,-0.0002486949,4.561278e-06,-4.253414e-05,-0.00016630009,-0.0007561724,-6.646445e-05,-0.0006354527,-0.0017474545,0.0034487925,-0.00052339805,0.0003663864,-3.3027063e-05,0.0001764226,4.9412643e-05,-0.0030551956,7.9040314e-05,0.00021413554,0.00130079,0.0002647104
TCGA-EL-A3CM-01A,-0.00044183005,0.0005009375,-0.00014457047,-0.00046576496,-4.720777e-05,-5.4124896e-05,-0.00011505619,-0.00028136876,4.509099e-06,-6.1956516e-06,-0.0001687368,-0.0013057828,-2.9346185e-05,-0.00046757574,-0.0013683592,0.0012613502,-0.00031233355,0.00036627904,2.407346e-05,0.00016958562,5.1518615e-05,-0.0030401219,7.23457e-05,7.7585544e-05,0.0011907442,0.00013955486
TCGA-EL-A3CO-01A,-0.00046602645,0.00015529711,-8.672475e-05,-0.0008971721,-1.464693e-05,-7.115311e-05,-0.00022678905,-0.00023373537,3.794528e-06,-4.6028974e-05,-0.00013981375,-0.00093180494,-3.8102124e-05,-0.0006370405,-0.0012862241,0.0028592027,-0.0004310525,0.00024748733,-1.9175737e-05,0.00017435406,5.34868e-05,-0.0029311439,8.1036924e-05,8.66733e-05,0.0013536913,0.0002561504
TCGA-EL-A3CP-01A,-0.0004657732,0.0007353007,-2.9249744e-05,-0.0008587456,-1.2089919e-05,-4.7642894e-05,-0.00015053946,-0.00021582031,4.988393e-06,-4.346283e-05,-0.00015426874,-0.0008039187,-6.6074375e-05,-0.00057498045,-0.0017554295,0.0037082543,-0.0005698669,0.00031619277,5.483377e-05,0.00016747897,5.7747995e-05,-0.0030341074,8.425761e-05,0.00027840293,0.0011881551,0.00016229728
TCGA-EL-A3CR-01A,-0.00035340403,-0.0004159666,-0.00013218244,-0.0007820326,-1.7984383e-05,-8.127711e-05,-0.0001711505,-0.000270256,5.005866e-06,-2.4850553e-05,-0.00012875359,-0.0014397609,-7.66461e-05,-0.0005224666,-0.001454321,-1.0626958e-05,-0.0012814848,0.00030210824,1.8950877e-05,0.00015322151,5.2227737e-05,-0.002898086,6.626523e-05,-5.951088e-05,0.0015919795,0.00017559959
TCGA-EL-A3CT-01A,-0.00033890415,0.0002691995,-0.00013279823,-0.0005795717,-4.7399702e-05,-5.874257e-05,-9.983897e-05,-0.00022766538,5.06476e-06,-3.9838404e-05,-0.00013764095,-0.0008598192,-4.0221016e-06,-0.00065517303,-0.0018887274,0.0021923997,-0.00044158509,0.00046921798,-1.5784979e-05,0.00016143538,6.0882998e-05,-0.0031600394,8.064553e-05,3.7187256e-05,0.0013001927,0.00031766333
TCGA-EL-A3CU-01A,-0.0003972216,0.0010910368,-6.694571e-05,-0.0007358719,-1.7864902e-05,-5.8634105e-05,-6.713202e-05,-0.00021341245,4.8732227e-06,-2.6387077e-05,-0.0001537371,-0.0012084116,-3.9905695e-05,-0.0006571038,-0.0015545152,0.0023298045,-0.00039691234,0.00033515415,8.333295e-05,0.00016992321,5.2438343e-05,-0.0030677977,8.358521e-05,0.00020490176,0.0012964227,0.00016449144
TCGA-EL-A3CZ-01A,-0.0004800944,0.0005811583,-5.896883e-05,-0.00081257924,6.387658e-05,-4.2491807e-05,2.7413831e-05,-0.00021334573,3.3755596e-06,-4.634411e-05,-0.00010276653,-0.0008526632,-4.657664e-05,-0.00060458283,-0.0013729326,0.0029884302,-0.00048456632,0.00043879895,5.1742536e-05,0.00016963843,6.131086e-05,-0.0032000148,7.416669e-05,0.00011065266,0.0011335557,0.00018259
TCGA-EL-A3D0-01A,-0.00040720488,0.00033137357,-9.710936e-05,-0.0007903522,-2.4510337e-05,-6.065103e-05,-0.00021330344,-0.00014257005,5.703849e-06,-3.6969544e-05,-0.00013767545,-0.0016676787,-2.6049498e-05,-0.0005014932,-0.0012622148,0.0017311913,-0.0006942353,0.00040196374,6.732813e-05,0.00017319444,5.4518714e-05,-0.0031652644,7.3649775e-05,0.00024000695,0.0013222923,0.00016007952
TCGA-EL-A3D5-01A,-0.0004053635,0.0004896191,-7.0804155e-05,-0.0009763735,6.056822e-05,-8.813062e-05,-0.00012713729,-0.00022138073,2.2844554e-06,-3.4016957e-05,-0.00014502324,-0.0011783247,8.841107e-06,-0.00056486373,-0.0010315493,-0.00046866664,-0.00039199996,0.0005182197,0.00012958518,0.00020411727,6.4038075e-05,-0.0031770426,7.208334e-05,-0.0001842828,0.0008922143,0.0002043808
TCGA-EL-A3D6-01A,-0.00036421823,0.00029094046,-0.00013522044,-0.0006973447,2.7459228e-05,-7.273934e-05,-3.7194575e-05,-0.00022545399,4.0806153e-06,-1.45850245e-05,-0.00010389529,-0.0011705398,-2.4603036e-05,-0.00060600304,-0.0012770975,0.00031182164,-0.0006807874,0.00038766034,1.971228e-05,0.00017228202,5.552627e-05,-0.0031561984,7.575623e-05,-1.3446229e-05,0.00097184256,0.00013225833
TCGA-EL-A3GP-01A,-0.00033016768,-0.0010805564,-0.000115172516,-0.000815695,-7.091461e-05,-7.5213786e-05,-0.00023013451,-0.00019585356,2.683777e-06,-2.5898416e-05,-0.0001303292,-0.0012412851,3.463897e-06,-0.00065980374,-0.0012056446,0.0022725046,-0.00044953584,0.00033886393,-1.4868826e-06,0.00016804371,5.0317638e-05,-0.0032383094,7.433368e-05,3.837372e-05,0.001315843,0.00045869712
TCGA-EL-A3GP-01A,-0.00033016768,-0.0010805564,-0.000115172516,-0.000815695,-7.091461e-05,-7.5213786e-05,-0.00023013451,-0.00019585356,2.683777e-06,-2.5898416e-05,-0.0001303292,-0.0012412851,3.463897e-06,-0.00065980374,-0.0012056446,0.0022725046,-0.00044953584,0.00033886393,-1.4868826e-06,0.00016804371,5.0317638e-05,-0.0032383094,7.433368e-05,3.837372e-05,0.001315843,0.00045869712
TCGA-EL-A3GQ-01A,-0.0004383933,0.0011467169,2.4879603e-06,-0.0008669284,-3.451467e-05,-5.294208e-05,-0.00017816336,-0.00020113791,4.967029e-06,-3.321886e-05,-0.00015587833,-0.0015839306,-8.682696e-05,-0.00070575427,-0.0013466162,0.0020881614,-0.0013955833,0.00032717915,7.540281e-05,0.00017099845,6.227957e-05,-0.0030348583,8.102851e-05,0.00013264277,0.0011765365,0.00030124668
TCGA-EL-A3GR-01A,-0.00044848595,0.0018259338,-2.4727804e-05,-0.0008508574,7.513915e-07,-5.160534e-05,-0.00016645348,-0.0002701936,5.073534e-06,-3.9984134e-05,-0.00015001204,-0.0011064516,-3.6671125e-05,-0.0006227981,-0.0019012642,0.0030984466,-0.0004916077,0.00024244878,-3.3859676e-05,0.00016539231,6.1872655e-05,-0.002994648,8.383199e-05,8.164616e-05,0.0012011924,0.0002930502
TCGA-EL-A3GY-01A,-0.00040957326,0.0008783506,-9.6497344e-05,-0.0008364415,-2.162045e-05,-5.851073e-05,-0.0001594354,-0.00027579107,4.721781e-06,-3.662966e-05,-0.00016011491,-0.0010504351,-9.175923e-06,-0.00063163176,-0.0018265783,0.0020622315,-0.00034008382,0.00025618245,2.2105938e-05,0.00017736272,5.101539e-05,-0.0030314666,8.122416e-05,0.0001295037,0.001183146,0.00026013106
TCGA-EL-A3H1-11A,-0.0004646526,0.00077073264,-9.113e-05,-0.0008233376,4.7645695e-05,-4.380307e-05,-0.00021890936,-0.000151057,1.883151e-06,-3.6322548e-05,-0.000102364764,-0.00089848984,-3.7693622e-05,-0.00069665787,-0.0010625918,0.0010506617,-0.00038414198,0.000386492,4.4612872e-05,0.00016919307,5.9950697e-05,-0.003159599,7.393868e-05,1.735103e-05,0.0009757292,0.00022194942
TCGA-EL-A3H2-01A,-0.0004923099,0.00074890745,-8.077816e-05,-0.0009030145,2.4486919e-05,-4.738897e-05,-0.0002744376,-0.00015624799,2.0707334e-06,-4.377239e-05,-0.0001281525,-0.0010229093,-2.6152327e-05,-0.0005718124,-0.0010254985,-0.0010578847,-0.00071718777,0.00031744383,8.460766e-05,0.00018920006,5.3338896e-05,-0.0030555823,7.587457e-05,-1.3785154e-06,0.0010936778,0.00017764568
TCGA-EL-A3H5-01A,-0.00029856697,-0.000105793944,-0.000106369356,-0.0004042843,-4.020753e-05,-7.536028e-05,-8.1126964e-05,-0.00018932734,2.9727557e-06,1.4333782e-06,-8.10568e-05,-0.0012851879,-4.8175625e-06,-0.0005458424,-0.0015677006,-0.003204989,-0.00021042263,0.0004535574,4.085134e-05,0.00014284783,4.7919388e-05,-0.002970203,5.642085e-05,-0.00015889369,0.00096785196,8.598136e-05
TCGA-EL-A3H5-01A,-0.00029856697,-0.000105793944,-0.000106369356,-0.0004042843,-4.020753e-05,-7.536028e-05,-8.1126964e-05,-0.00018932734,2.9727557e-06,1.4333782e-06,-8.10568e-05,-0.0012851879,-4.8175625e-06,-0.0005458424,-0.0015677006,-0.003204989,-0.00021042263,0.0004535574,4.085134e-05,0.00014284783,4.7919388e-05,-0.002970203,5.642085e-05,-0.00015889369,0.00096785196,8.598136e-05
TCGA-EL-A3H7-01A,-0.00037703037,0.0005985154,-0.00014492264,-0.00057647354,9.957036e-06,-7.1290146e-05,-5.8329217e-05,-0.00026786307,4.0248124e-06,-9.751811e-06,-0.00015827337,-0.0008696704,-4.0163228e-05,-0.0005820402,-0.0013867579,0.00077547494,-0.0006428248,0.00022650519,-1.891032e-05,0.00017260728,5.435328e-05,-0.002946168,7.467543e-05,5.7718808e-05,0.0011049982,0.000142624
TCGA-EL-A3MW-11A,-0.0005427181,0.0009843162,-3.8210554e-05,-0.0009147161,3.4584107e-05,-4.5695622e-05,-0.00028799602,-0.00019802175,2.3172736e-06,-5.5588378e-05,-6.490738e-05,-0.0015085818,-4.0800267e-05,-0.0006032888,-0.0012818392,0.0021684556,-0.00012317565,0.00022383615,3.0091975e-05,0.0001661365,6.105754e-05,-0.003015227,7.3775336e-05,7.274345e-05,0.00094246195,0.0003013144
TCGA-EL-A3MX-11A,-0.0004889746,-0.00079670275,-7.073598e-05,-0.0006974409,1.9791754e-05,-4.641463e-05,-0.0003320073,-0.0002153414,2.6964317e-06,-4.5261575e-05,-6.227474e-05,-0.0010200585,-4.029025e-05,-0.00051452545,-0.0011756936,0.00051749696,-0.00033332894,0.00028228364,4.3937776e-05,0.00017964852,5.564345e-05,-0.0030994632,7.131225e-05,5.792364e-05,0.001069038,0.00034055318
TCGA-EL-A3MY-01A,-0.00041843994,0.0010440333,-0.00010202514,-0.000950611,-1.6275443e-07,-6.59847e-05,-0.00014774947,-0.00024752118,4.9411483e-06,-2.9294775e-05,-0.00015073975,-0.0013153399,-6.16461e-05,-0.0006673968,-0.0020000362,0.003933371,-0.0008561685,0.0002506467,-2.9624734e-05,0.00017886283,5.5358923e-05,-0.0030845334,8.200185e-05,0.00012645245,0.0011957336,0.00015719853
TCGA-EL-A3MY-11A,-0.0005046247,0.00091825024,-3.8883387e-05,-0.0009811899,3.074331e-05,-4.101114e-05,-0.00028177936,-0.00014891766,2.1732887e-06,-4.794639e-05,-0.0001021587,-0.00088928436,-4.2255168e-05,-0.0005731669,-0.0012552901,0.0015555756,-0.00034832433,0.0003276352,6.0480997e-05,0.0001714076,5.9700196e-05,-0.003185816,7.57075e-05,0.00017372372,0.001036673,0.00028861937
TCGA-EL-A3MZ-01A,-0.00043000886,0.00070300733,-0.00011265425,-0.00059327786,-3.0544583e-05,-6.319498e-05,-2.7369733e-05,-0.0002812709,4.6022865e-06,-1.0257567e-05,-7.6916345e-05,-0.0011530076,-4.5353845e-05,-0.000465095,-0.0012271566,0.0008674067,-0.0008208865,0.00046390004,4.1106714e-06,0.00016807426,5.0049734e-05,-0.0030536768,7.302381e-05,2.915793e-05,0.0011233578,0.00015986463
TCGA-EL-A3MZ-01A,-0.00043000886,0.00070300733,-0.00011265425,-0.00059327786,-3.0544583e-05,-6.319498e-05,-2.7369733e-05,-0.0002812709,4.6022865e-06,-1.0257567e-05,-7.6916345e-05,-0.0011530076,-4.5353845e-05,-0.000465095,-0.0012271566,0.0008674067,-0.0008208865,0.00046390004,4.1106714e-06,0.00016807426,5.0049734e-05,-0.0030536768,7.302381e-05,2.915793e-05,0.0011233578,0.00015986463
TCGA-EL-A3T1-11A,-0.00041768432,0.0006725573,-9.6360534e-05,-0.00086954195,-4.4554263e-06,-6.315513e-05,-0.0002089817,-0.00024385765,2.887135e-06,-4.5474637e-05,-0.00013083029,-0.0010124608,-4.9174745e-05,-0.0007140053,-0.0011282398,0.0015656714,-0.0003162825,0.00023671807,-5.992002e-06,0.00017342244,5.397346e-05,-0.0027671405,7.713577e-05,3.55354e-05,0.001142821,0.00022203758
TCGA-EL-A3T3-01A,-0.0004369565,0.00032557145,-0.00011894042,-0.0006773727,1.3985424e-05,-6.409136e-05,-0.00021922892,-0.0002626196,4.429965e-06,-1.9142715e-05,-0.00015904257,-0.00082455296,-9.558498e-05,-0.0005123493,-0.0014341023,0.0008548083,-0.0009118975,0.00026175068,1.0838891e-05,0.00017593625,5.3869426e-05,-0.0028983883,7.096049e-05,2.8360386e-05,0.0011261519,0.00015232789
TCGA-EL-A3T6-11A,-0.00052195945,0.0004946764,-0.00011070822,-0.0008741698,7.7967685e-05,-6.0752314e-05,-0.00027419097,-0.0002170496,2.4780463e-06,-4.7363385e-05,-0.0001255476,-0.00088822603,-5.661867e-05,-0.0006717332,-0.00092523504,0.00092735805,-0.00029964326,0.00020409383,-2.2207141e-05,0.00016407044,5.8979418e-05,-0.0027364045,7.68148e-05,7.8049154e-05,0.0010405836,0.0002552775
TCGA-EL-A3T7-11A,-0.00054031337,0.000102780694,-5.1635194e-05,-0.00073056715,4.183513e-05,-4.1438696e-05,-0.0004273732,-0.00018202388,2.5058612e-06,-4.1508087e-05,-1.576576e-05,-0.0011656206,-6.907253e-05,-0.0005551166,-0.0011027951,0.00052563404,-0.00056322914,0.00020605783,6.1020775e-05,0.00016937329,5.9734415e-05,-0.0031092763,6.962294e-05,0.00011831166,0.0008987124,0.00025199915
TCGA-EL-A3T8-11A,-0.00051647186,0.0006109973,-8.392775e-05,-0.0007768243,4.381625e-05,-4.1774085e-05,-0.00035056815,-0.0001966006,3.2252183e-06,-5.1731207e-05,-8.4398125e-05,-0.0011550278,-5.588666e-05,-0.0005707993,-0.0011852406,0.00079632987,-0.00058157695,0.00023247168,5.1442268e-05,0.00017137986,6.033092e-05,-0.0029719677,6.975176e-05,-5.9332855e-05,0.000975749,0.00028641676
TCGA-EL-A3TB-01A,-0.00038206135,-0.00034170246,-0.00012384022,-0.00080103066,1.2068457e-05,-5.4777734e-05,-0.00020008399,-0.00029413347,5.499951e-06,-5.2293635e-05,-0.0001403977,-0.00070912467,-7.424743e-05,-0.00057776493,-0.0018057085,0.0012631381,-0.00069785735,0.00028473494,7.00129e-05,0.00018580291,5.0690534e-05,-0.00294593,7.135715e-05,1.4172329e-05,0.0011921073,0.00022739168
TCGA-EL-A3ZH-01A,-0.0005473408,-0.00023265454,-5.9253955e-05,-0.0009885201,0.00010228343,-5.047859e-05,-0.00030973612,-0.00025290402,2.9965815e-06,-5.718568e-05,-0.00010465063,-0.00088771293,-8.422888e-05,-0.0005618055,-0.0010222952,0.0007822915,-0.0006921214,0.00031931725,-1.0713772e-05,0.00016813855,5.900712e-05,-0.0030749817,7.074407e-05,-1.147874e-05,0.000819428,0.0002975916
TCGA-EL-A3ZL-01A,-0.00048169988,-0.00061104767,-0.000106434345,-0.00086662674,4.5452844e-06,-6.0016828e-05,-0.00019766008,-0.00028366968,4.0013083e-06,-2.3379533e-05,-0.0001862825,-0.0013976353,-8.55357e-05,-0.00036737075,-0.0014428804,0.000661039,-0.00144057,0.00036799422,4.409659e-05,0.00017498872,5.5931814e-05,-0.0028394796,6.851594e-05,5.723268e-05,0.0012356056,0.00016961552
TCGA-EL-A3ZO-01A,-0.0001975711,0.0006068109,-0.0001505464,-0.00069362443,4.7384733e-06,-6.830585e-05,-5.222089e-06,-0.00021073633,5.17911e-06,-3.9718765e-05,-0.00013514396,-0.00088449835,-3.77606e-05,-0.00055808324,-0.0011877877,0.0019317718,-0.0005263629,0.00040423858,4.3626333e-05,0.00017110282,5.053615e-05,-0.003075087,6.889988e-05,-0.000118954566,0.00091309927,0.00014487913
TCGA-EL-A3ZR-01A,-0.00051435665,0.00016892915,-0.000120793586,-0.0009914543,5.1297076e-05,-5.1439903e-05,-5.0416165e-06,-0.000283202,6.4168703e-06,-5.3262793e-05,-0.00013697181,-0.0007411926,-7.818624e-05,-0.0004780037,-0.0012215571,0.0011954338,-0.0005304714,0.00033654273,8.102512e-05,0.0001848386,5.7343204e-05,-0.0028783816,6.563488e-05,1.6679902e-05,0.0010931675,0.00022307564
TCGA-EL-A3ZR-11A,-0.000529592,0.0008143376,-6.716033e-05,-0.0007560982,5.3213458e-05,-4.577479e-05,-0.00032851406,-0.00022487318,5.1437028e-06,-4.995914e-05,-0.00013493489,-0.00115777,-6.7520654e-05,-0.0005728088,-0.0014489249,0.0017054254,-0.0003257364,0.00022189194,3.6429177e-05,0.00017332,6.281676e-05,-0.0029307376,6.953581e-05,-5.693318e-05,0.0010058184,0.00030149237
TCGA-EL-A3ZT-11A,-0.00055979454,0.00010815338,-3.1595384e-05,-0.0007326209,3.7755068e-05,-3.5915073e-05,-0.00034876878,-0.00020889597,3.863212e-06,-3.887487e-05,-8.486995e-05,-0.0012964681,-9.526833e-05,-0.0005861577,-0.00092825206,0.0015183224,-0.0003824996,0.00024253952,4.283154e-05,0.00016034063,6.105099e-05,-0.0030835483,7.082751e-05,5.3912958e-05,0.0008815557,0.00031695524
TCGA-EL-A3ZT-11A,-0.00055979454,0.00010815338,-3.1595384e-05,-0.0007326209,3.7755068e-05,-3.5915073e-05,-0.00034876878,-0.00020889597,3.863212e-06,-3.887487e-05,-8.486995e-05,-0.0012964681,-9.526833e-05,-0.0005861577,-0.00092825206,0.0015183224,-0.0003824996,0.00024253952,4.283154e-05,0.00016034063,6.105099e-05,-0.0030835483,7.082751e-05,5.3912958e-05,0.0008815557,0.00031695524
TCGA-EL-A4JX-01A,-0.00036653387,0.00063347665,-0.00011963953,-0.00016831237,8.909445e-06,-7.145714e-05,-0.00017884572,-0.000303577,3.8203075e-06,4.491382e-06,-0.0001764691,-0.0007368271,-3.0970827e-05,-0.0006178143,-0.0010819929,-0.001048391,-0.00089226576,0.00038498593,-2.0116918e-06,0.00016627215,4.386013e-05,-0.0026812127,7.039836e-05,-0.00013469515,0.0009567323,0.00011903548
TCGA-EL-A4JZ-01A,-0.0004212443,0.00054276775,-0.00010291391,-0.0009722004,-3.13676e-05,-8.153257e-05,-0.00021598846,-0.00026821715,4.601971e-06,-5.3954962e-05,-0.00017395767,-0.0010337475,-7.2628776e-05,-0.0007346272,-0.0013329968,0.0023626692,-0.0007493364,0.00038505957,3.447992e-06,0.00016984124,4.9687114e-05,-0.0029007534,7.730322e-05,8.557591e-05,0.0013472657,0.0002492598
TCGA-EL-A4K0-01A,-9.264385e-05,0.00055506435,-4.048445e-05,-0.0007601738,-1.0859821e-05,-7.042871e-05,-0.00019841653,-0.00027103449,5.0654553e-06,-3.4839788e-05,-0.00017071141,-0.0010043096,-7.640856e-05,-0.0007309389,-0.0023947477,0.0038786943,-0.0005837137,0.0002361854,5.1606796e-05,0.00017986816,4.893901e-05,-0.0030042625,8.292952e-05,0.00015096088,0.001292543,0.00031721374
TCGA-4C-A93U-01A,-0.00042577612,0.0007325462,-0.00011308756,-0.00053343753,-4.2796913e-05,-6.094626e-05,2.9338205e-05,-0.00018734178,4.8986644e-06,-2.3193346e-05,-0.00017650057,-0.0015350746,-4.7670113e-05,-0.0005750799,-0.0013393662,0.0010654319,-0.00052768236,0.00034056738,1.8960457e-06,0.00016584207,4.7976308e-05,-0.0029212271,7.5788106e-05,0.00013904602,0.0013119971,0.00026469902
TCGA-BJ-A0YZ-01A,-0.00020841199,0.0005202965,-0.0001513695,-0.0006133979,1.4581091e-05,-5.2902014e-05,-7.259774e-05,-0.00018170767,9.331929e-07,-3.2413496e-05,-9.927492e-05,-0.0012684054,3.1015243e-05,-0.0004928316,-0.0011166036,0.006801338,-0.00057865,0.000519293,-2.905867e-05,0.00017987545,5.152216e-05,-0.003175177,6.5908636e-05,0.000115168004,0.00090979494,0.0002038154
TCGA-BJ-A0YZ-01A,-0.00020841199,0.0005202965,-0.0001513695,-0.0006133979,1.4581091e-05,-5.2902014e-05,-7.259774e-05,-0.00018170767,9.331929e-07,-3.2413496e-05,-9.927492e-05,-0.0012684054,3.1015243e-05,-0.0004928316,-0.0011166036,0.006801338,-0.00057865,0.000519293,-2.905867e-05,0.00017987545,5.152216e-05,-0.003175177,6.5908636e-05,0.000115168004,0.00090979494,0.0002038154
TCGA-BJ-A0Z9-01A,-0.00043539435,0.0014975626,-7.0597496e-05,-0.0005577773,7.665741e-05,-5.8042355e-05,-0.00014836472,-0.00027053017,5.148289e-06,-3.134008e-05,-0.00012434158,-0.0011586789,-2.3358336e-05,-0.0004941719,-0.0015493839,0.0038424288,-0.00029626122,0.00027477354,-1.6866215e-05,0.00017535499,5.2388106e-05,-0.003264543,8.0196456e-05,9.396545e-05,0.0009818828,6.304276e-05
TCGA-BJ-A0Z9-01A,-0.00043539435,0.0014975626,-7.0597496e-05,-0.0005577773,7.665741e-05,-5.8042355e-05,-0.00014836472,-0.00027053017,5.148289e-06,-3.134008e-05,-0.00012434158,-0.0011586789,-2.3358336e-05,-0.0004941719,-0.0015493839,0.0038424288,-0.00029626122,0.00027477354,-1.6866215e-05,0.00017535499,5.2388106e-05,-0.003264543,8.0196456e-05,9.396545e-05,0.0009818828,6.304276e-05
TCGA-BJ-A0ZA-01A,-0.0004898528,0.001381443,-6.9291884e-05,-0.00086417416,5.4918633e-05,-4.85971e-05,-2.1457927e-05,-0.00025266834,3.3488602e-06,-3.9005434e-05,-0.00012597015,-0.0003467421,-4.3961372e-05,-0.00058751705,-0.0014171216,0.002161368,-0.0004903831,0.0004285411,1.5437414e-05,0.00017826102,5.4549295e-05,-0.0031706283,7.6516495e-05,0.00017791691,0.0010254757,0.00023783451
TCGA-BJ-A0ZB-01A,-0.00039863103,0.0003924299,-0.00012713131,-0.00051987596,-2.8743942e-05,-5.0601397e-05,-0.00013245287,-0.0003146831,4.354737e-06,-6.7428064e-06,-0.0001288776,-0.0012330062,-4.7703572e-05,-0.0003954143,-0.0014383991,0.00024923135,-0.0008209101,0.0003370216,5.8154914e-05,0.0001676335,4.7921276e-05,-0.0030497604,7.420458e-05,0.00015896508,0.0010828745,8.916186e-05
TCGA-BJ-A0ZF-01A,-0.00028094172,0.0010556995,-0.00014255023,-0.00093701296,4.2656935e-05,-4.0756167e-05,-0.00016186429,-0.00014704147,2.844217e-06,-5.2945594e-05,-5.8632417e-05,-0.001670297,4.7322155e-05,-0.0005306552,-0.0011488447,0.0017525876,-0.00044437908,0.0004163549,2.5961865e-05,0.0001859097,5.3635602e-05,-0.0031494214,6.8754205e-05,-8.156704e-05,0.00077918544,0.00024301176
TCGA-BJ-A192-01A,-0.00047648125,0.00026761484,-8.770814e-05,-0.00076049706,4.0092757e-05,-5.610111e-05,0.00015200637,-0.00023044164,2.23934e-06,-2.900915e-05,-8.605066e-05,-0.0012699942,-1.7727505e-05,-0.0006067319,-0.0014776519,0.00040520562,-0.00026236946,0.0005216166,1.2049642e-05,0.00017760912,5.224418e-05,-0.0030443347,6.5259395e-05,8.478632e-05,0.0009032796,0.00019674994
TCGA-BJ-A290-11A,-0.00048127508,0.00055218645,-6.2412575e-05,-0.0008568831,3.3217693e-05,-4.0902756e-05,-0.00032170227,-0.00019373483,3.7634313e-06,-5.5627926e-05,-0.00010682147,-0.0011554104,-3.8024282e-05,-0.00059479807,-0.0014079885,0.0012807411,-0.0003947911,0.00030887863,7.900358e-05,0.00017173562,5.727068e-05,-0.0031576387,7.245271e-05,8.7091685e-05,0.001128851,0.00031031313
TCGA-BJ-A2N7-01A,-0.00047022649,0.00026409826,-0.00013371819,-0.0008300128,6.842783e-05,-5.1988503e-05,-0.0001292033,-0.00023352173,4.6089103e-06,-3.7630554e-05,-0.00015491145,-0.0010714651,-5.7912435e-05,-0.0004972182,-0.0012085828,0.0011391687,-0.0005049554,0.00033983015,2.8319659e-05,0.00017833848,5.597e-05,-0.00312165,6.419387e-05,3.4959336e-05,0.0010232278,0.00014825142
TCGA-BJ-A2N8-11A,-0.00051269215,0.00056649046,-2.8318278e-05,-0.00090862165,5.6035795e-05,-3.7148795e-05,-0.00025767167,-0.00016882065,3.0268684e-06,-5.1233605e-05,-3.1934633e-05,-0.0013440761,-2.955397e-05,-0.00053970533,-0.0015468692,0.00083559996,-0.000445787,0.00030048226,4.7511043e-05,0.00017532428,5.759046e-05,-0.003295631,7.4095784e-05,9.536172e-05,0.00089848804,0.00024411152
TCGA-BJ-A2NA-01A,-0.00041434215,0.0008555701,-0.00010248628,-0.0007626414,-7.519163e-06,-6.0844992e-05,-0.0001876895,-0.00025129155,5.096161e-06,-3.0621766e-05,-0.00011719315,-0.0007682556,-4.319126e-05,-0.0005707825,-0.0015588496,0.0019472882,-0.00033370993,0.00038081605,5.6404755e-05,0.00017267928,5.302835e-05,-0.0030470637,7.663175e-05,0.00010746437,0.0012821459,0.00019201562
TCGA-BJ-A3PU-01A,-0.00037638907,0.00039773254,-0.00016836643,-0.0008128676,-2.139642e-06,-5.6117708e-05,-6.6219356e-05,-0.0003414853,4.58643e-06,-2.6985343e-05,-7.777761e-05,-0.0006982423,-5.083586e-05,-0.00037385616,-0.0010011183,-0.0008820088,-0.000499896,0.0004557886,5.9967464e-05,0.00016971446,5.264532e-05,-0.0032264981,6.69814e-05,-0.000119212695,0.0009536948,5.5118147e-05
TCGA-BJ-A3PU-11A,-0.0005455277,0.0007732249,-5.9472168e-05,-0.000978271,6.955562e-06,-3.5878318e-05,-0.00034942952,-0.00018645701,2.6573605e-06,-6.273834e-05,-0.00010013507,-0.0010156152,-6.961949e-05,-0.00057197915,-0.0011333474,0.0013068096,-0.00032454464,0.0002042914,5.7958954e-05,0.00017240463,5.7542213e-05,-0.003065654,7.148678e-05,0.0001520264,0.0011125798,0.00029962
TCGA-BJ-A45D-01A,-0.00031169548,-0.00078498496,-0.00022236016,-0.0006734802,7.268581e-05,-6.082695e-05,-4.3029762e-05,-0.00032626474,3.5329147e-06,-5.909556e-05,-0.00013544742,-0.00069652975,-3.0213516e-05,-0.0003430842,-0.0017042647,-0.0020595018,-0.00066425686,0.0005762094,0.000101209385,0.00016489976,4.8608443e-05,-0.003064623,5.5814766e-05,0.00010799512,0.0013148782,0.00011713231
TCGA-BJ-A45F-01A,-0.00042852093,-1.1735603e-05,-0.00013277614,-0.00049639004,8.938688e-05,-4.7767822e-05,-9.268209e-05,-0.00028761872,1.8306495e-06,-5.096002e-06,-0.0001597099,-0.0013305325,-3.4324454e-05,-0.00041610704,-0.0016497984,-0.0017909916,-0.0006439204,0.00048343235,4.4436652e-05,0.00015618095,5.1912048e-05,-0.002907662,5.0922765e-05,0.00011290679,0.0011953033,6.464814e-05
TCGA-BJ-A45G-01A,-0.00048768698,0.00057821727,-0.00010841293,-0.0008058578,3.0540716e-05,-4.9271945e-05,-0.00013735723,-0.0002395466,3.4532316e-06,-5.165731e-05,-0.0001404809,-0.0010073187,-7.246514e-05,-0.0005326944,-0.0013600603,0.0007862933,-0.0006099492,0.0003717134,3.8495808e-05,0.00017607734,5.6249013e-05,-0.0030836943,6.918707e-05,0.00012211286,0.0011524846,0.00017454471
TCGA-BJ-A45H-01A,-0.00038494094,0.00087205326,-0.0001256226,-0.0009212251,-7.703411e-06,-6.472878e-05,-0.00016917184,-0.00019824778,4.929985e-06,-4.7533777e-05,-0.00014154374,-0.0009937331,-4.627829e-05,-0.00056145416,-0.0012974285,0.0015399578,-0.0005773309,0.00029156532,8.746219e-05,0.00017323373,5.4582688e-05,-0.002956837,7.580923e-05,0.00015798476,0.001253617,0.00022182768
TCGA-BJ-A45I-01A,-0.00044690675,0.00011637394,-0.00012362003,-0.0007755033,-2.0289672e-05,-6.533314e-05,-0.00012550698,-0.0002794323,4.5347997e-06,-1.9734576e-05,-0.0001706225,-0.0013022705,-5.4725682e-05,-0.0006172982,-0.0014560762,0.00086978107,-0.0008079834,0.00028611685,4.9681253e-06,0.00017528514,5.0386006e-05,-0.0030217706,7.673043e-05,4.7604295e-05,0.001307023,0.0001661887
TCGA-BJ-A45I-01A,-0.00044690675,0.00011637394,-0.00012362003,-0.0007755033,-2.0289672e-05,-6.533314e-05,-0.00012550698,-0.0002794323,4.5347997e-06,-1.9734576e-05,-0.0001706225,-0.0013022705,-5.4725682e-05,-0.0006172982,-0.0014560762,0.00086978107,-0.0008079834,0.00028611685,4.9681253e-06,0.00017528514,5.0386006e-05,-0.0030217706,7.673043e-05,4.7604295e-05,0.001307023,0.0001661887
TCGA-BJ-A4O8-01A,-0.0004483433,0.0002507186,-7.4577176e-05,-0.0007941306,-4.1683397e-05,-7.2761555e-05,-0.00020547558,-0.00033030304,5.237111e-06,-2.460053e-05,-0.00017017924,-0.00081819267,-8.486161e-05,-0.00061115396,-0.0016377271,0.0030493226,-0.0011857428,0.000249643,6.4967303e-06,0.00017615248,4.961371e-05,-0.002878533,8.12917e-05,7.362757e-05,0.0012801327,0.00023808671
TCGA-CE-A3MD-01A,-0.0003667521,0.00045538478,-0.00012036541,-0.00097229745,-2.1650747e-05,-7.570935e-05,-4.7576945e-05,-0.00027532305,3.0933488e-06,-4.070626e-05,-0.00017591253,-0.00080035126,-0.00010110495,-0.0005425661,-0.0013627446,0.002622776,-0.0011883263,0.00022182507,4.719875e-05,0.00018084202,5.1435145e-05,-0.0029355455,7.064769e-05,-2.2548265e-05,0.0013211129,0.00017564272
TCGA-CE-A484-01A,-0.0004766703,-0.0010996743,-9.9723504e-05,-0.0011759634,-4.5520246e-06,-6.336116e-05,6.08621e-05,-0.00028415455,3.4825791e-06,-4.785246e-05,-0.0001755574,-0.00061682164,-7.688291e-05,-0.00043952413,-0.001473418,0.00058132765,-0.0007614536,0.00031788164,9.733289e-05,0.00018044598,5.9920254e-05,-0.0029169677,7.221339e-05,0.0001178494,0.0012516634,7.4527474e-05
TCGA-DE-A4M8-01A,-0.0003593081,0.0002691993,-0.00015325687,-0.0006487986,-1.1207916e-05,-6.742396e-05,-0.00022307181,-0.0002606711,2.8912857e-06,-1.5113889e-05,-0.00017488174,-0.0009803919,-3.2162563e-05,-0.0006403787,-0.001285244,0.00022642442,-0.00055905984,0.00031109052,4.726402e-05,0.0001592627,4.874133e-05,-0.0028446068,7.462968e-05,4.977362e-05,0.0013075562,0.00019679267
TCGA-DE-A4MB-01A,-0.00048560713,0.0012020656,-9.072786e-05,-0.00058168825,-3.4128698e-05,-6.59441e-05,-9.4043105e-05,-0.00023870134,5.119317e-06,-2.0568978e-05,-2.9927369e-05,-0.0011562757,-3.5419296e-05,-0.0005564362,-0.001114383,0.0007670918,-0.0007033939,0.00042220933,-1.9642992e-05,0.00016968677,4.6753903e-05,-0.0030143051,7.586104e-05,6.5544424e-05,0.0007238454,0.00021094088
TCGA-DE-A69J-01A,-0.00037054438,0.0008982409,-9.0380985e-05,-0.0009962248,-7.612175e-06,-5.7777357e-05,6.4717824e-05,-0.0002695176,5.0205463e-06,-4.6562465e-05,-0.00016053669,-0.0006903909,-5.317264e-05,-0.000527759,-0.002043248,0.0025337455,-0.00046643318,0.00029000343,6.279397e-05,0.00017923054,5.4906457e-05,-0.0030448237,7.778506e-05,0.0001834145,0.0011437341,0.00015445573
TCGA-DJ-A13L-01A,-0.00032195874,0.0010349933,-0.00014912349,-0.0006254989,-2.2216975e-05,-7.0198614e-05,-0.00012977069,-0.00015969753,4.637114e-06,-3.1307227e-05,-0.0001652153,-0.00082121155,-3.915338e-05,-0.0007433789,-0.0013096177,0.0017866475,-0.00060956803,0.00027870398,-2.1112854e-05,0.00017296155,4.898251e-05,-0.0029763468,7.3970914e-05,2.2786866e-05,0.0011901244,0.00015125521
TCGA-DJ-A13M-01A,-0.0004623249,0.0006100622,-0.00017869205,-0.0009812257,0.000119545286,-5.1304516e-05,-4.1007945e-05,-0.00032557224,2.9255493e-06,-6.429077e-05,-0.00011833737,-0.0006308295,-1.2610962e-05,-0.00044348408,-0.0014296266,-0.0011100988,-0.00056613877,0.0005998874,0.00010607479,0.00019184296,5.2818363e-05,-0.0030649223,6.439912e-05,0.0001423853,0.0010706264,0.00018451108
TCGA-DJ-A13S-01A,-0.0003946868,-8.4734995e-05,-0.00015434656,-0.000672508,3.651421e-05,-5.612229e-05,8.2249295e-05,-0.00026384558,3.3605643e-06,-2.2170203e-05,-0.00014151272,-0.00065009086,-1.7987451e-05,-0.00048149802,-0.0009799454,0.00035613796,-0.0006608881,0.00038964787,7.2054114e-05,0.00018098993,4.7440604e-05,-0.0032113774,6.705442e-05,0.00019287651,0.0012017813,0.00017894979
TCGA-DJ-A1QD-01A,-0.00041533235,0.001444648,-6.7820736e-05,-0.00048918044,1.0206199e-05,-5.3552696e-05,-0.00012340915,-0.0002600679,4.99385e-06,-1.944997e-05,-9.459033e-05,-0.001183963,-5.2717107e-05,-0.00052848173,-0.0015319055,0.0027342783,-0.000496541,0.00029547,-3.8218735e-05,0.00017612413,5.369204e-05,-0.0030525986,7.51128e-05,0.00011326338,0.0011160284,0.0002343061
TCGA-DJ-A1QL-01A,-0.00049419655,-0.0005919483,-7.977533e-05,-0.001113233,5.2974086e-05,-5.6029607e-05,-0.0002690372,-0.00026864192,3.1176237e-06,-6.306643e-05,-0.00014195983,-0.0007319745,-7.571651e-05,-0.00049214036,-0.0012303843,0.002837292,-0.00065822556,0.00024078006,7.004883e-05,0.00018924511,5.6047807e-05,-0.003043819,7.403651e-05,-4.684384e-06,0.0010433928,0.0002232984
TCGA-DJ-A1QN-01A,-0.00037756743,3.934989e-05,-7.73045e-05,-0.00084036327,-1.2243632e-05,-6.409088e-05,-0.00020084894,-0.0002466654,4.638499e-06,-5.026597e-05,-0.0001647046,-0.0011374884,-6.5196306e-05,-0.00057655404,-0.0013007997,0.003846255,-0.0008409103,0.00032197704,6.0954873e-05,0.00017388539,4.6493948e-05,-0.0030054206,7.793664e-05,0.00010306939,0.0013101338,0.00025000362
TCGA-DJ-A2PN-01A,-0.00040970554,0.0009766449,-8.716407e-05,-0.0006559791,5.6693552e-06,-4.984286e-05,-0.000220422,-0.00021909633,4.8820057e-06,-3.0901418e-05,-0.00014793462,-0.0010405862,-7.490282e-05,-0.000557897,-0.0017145821,0.0017938175,-0.00061280647,0.00033150712,-9.542011e-06,0.00017453604,5.6538738e-05,-0.0030437475,8.0301215e-05,9.715297e-07,0.0011470921,0.0003062369
TCGA-DJ-A2PO-01A,-0.00039975854,0.0010838038,-8.143248e-05,-0.0008539885,-9.067156e-06,-6.291459e-05,-0.0001962456,-0.00026874678,4.740555e-06,-2.9596933e-05,-0.00017245495,-0.0007363201,-6.558756e-05,-0.0006228353,-0.0013983607,0.0027761157,-0.00032499887,0.00026956765,5.7293157e-05,0.00018003151,5.066271e-05,-0.003037266,7.759577e-05,9.582358e-05,0.0013828472,0.00018842064
TCGA-DJ-A2PQ-01A,-0.000456279,0.0006314424,-9.490969e-05,-0.0009975936,-1.32592395e-05,-5.1091243e-05,-0.0001415562,-0.00021163194,4.974063e-06,-5.5833225e-05,-0.00016430859,-0.0013208918,-5.074009e-05,-0.00055691367,-0.0013141027,0.0018228423,-0.00048481292,0.00029505673,6.083463e-05,0.00016860961,5.7982234e-05,-0.0030589208,7.6516604e-05,0.00022256048,0.0012267095,0.00018714477
TCGA-DJ-A2PR-01A,-0.0004125539,0.0012991608,-4.0639272e-05,-0.0008657431,-2.4359206e-05,-5.2067477e-05,-0.0001327123,-0.00027100998,5.045305e-06,-4.2837935e-05,-0.00014685823,-0.0006034566,-6.847628e-05,-0.0005813493,-0.0020618392,0.0022525305,-0.0003916415,0.00023862021,-2.4190786e-06,0.00016747139,5.133933e-05,-0.0030735778,8.7263266e-05,0.00019796503,0.0011986131,0.00020811633
TCGA-DJ-A2PW-01A,-0.00023779341,-2.4825671e-05,-0.000105599414,-0.0005607105,1.8769633e-05,-7.4153635e-05,-0.00022493818,-0.0002785707,4.7730014e-06,-3.395895e-05,-0.00012983661,-0.0008933155,-3.4494708e-05,-0.00058863737,-0.0015186602,0.004183232,-0.00041986656,0.00035983737,2.6054451e-05,0.00018928017,4.6181514e-05,-0.0030882629,7.47113e-05,0.00026402532,0.0013211983,0.0002678064
TCGA-DJ-A2Q1-01A,-0.00010139888,-0.00028612328,-0.00015479674,-0.000612618,1.6947049e-06,-7.0514034e-05,-4.0894727e-05,-0.00018495752,5.8026976e-06,-3.3398865e-05,1.230499e-05,-0.0009283775,-3.0972402e-05,-0.0005306242,-0.0013032281,0.00037474398,-0.00038067656,0.00039943264,4.917857e-06,0.00017170128,4.312719e-05,-0.003186294,6.552851e-05,-7.745466e-05,0.0011262345,6.44693e-05
TCGA-DJ-A2Q2-01A,-0.00043749253,-0.0002302083,-8.006382e-05,-0.0009178308,0.00010131808,-5.1136387e-05,-0.000103957136,-0.00021536836,3.229787e-06,-3.28059e-05,-0.00015400318,-0.001364812,-4.6470996e-05,-0.0005707844,-0.0009305025,0.002561502,-0.00039318245,0.00044405198,6.330762e-06,0.0001674247,5.7217247e-05,-0.0031355505,6.980976e-05,-0.00017708587,0.0011924256,0.00023208279
TCGA-DJ-A2Q7-01A,-0.00046265,0.00042177006,-0.00013766192,-0.00091164216,3.971718e-06,-5.937219e-05,-0.00024476871,-0.0002089485,4.7360118e-06,-5.061503e-05,-0.00017016166,-0.0010620866,-2.9201596e-05,-0.000625799,-0.0013481036,0.0019189591,-0.00056614314,0.00027623947,0.000112924106,0.00018302069,5.1343864e-05,-0.0030012254,7.6237186e-05,0.00016475303,0.0013718089,0.00025087653
TCGA-DJ-A2Q7-01A,-0.00046265,0.00042177006,-0.00013766192,-0.00091164216,3.971718e-06,-5.937219e-05,-0.00024476871,-0.0002089485,4.7360118e-06,-5.061503e-05,-0.00017016166,-0.0010620866,-2.9201596e-05,-0.000625799,-0.0013481036,0.0019189591,-0.00056614314,0.00027623947,0.000112924106,0.00018302069,5.1343864e-05,-0.0030012254,7.6237186e-05,0.00016475303,0.0013718089,0.00025087653
TCGA-DJ-A2QA-01A,-0.00034834736,-0.0015443434,-0.0001637427,-0.0011617042,2.843501e-05,-7.56957e-05,-9.0156725e-05,-0.0003772231,3.5439705e-06,-4.5346587e-05,-0.0001160421,-0.0008148008,-4.432242e-05,-0.00041260212,-0.0014865648,0.00035041137,-0.00020771871,0.00052594044,6.292564e-05,0.00016561916,5.173192e-05,-0.0032192387,6.0519735e-05,6.143157e-05,0.001265969,0.0001377217
TCGA-DJ-A2QA-01A,-0.00034834736,-0.0015443434,-0.0001637427,-0.0011617042,2.843501e-05,-7.56957e-05,-9.0156725e-05,-0.0003772231,3.5439705e-06,-4.5346587e-05,-0.0001160421,-0.0008148008,-4.432242e-05,-0.00041260212,-0.0014865648,0.00035041137,-0.00020771871,0.00052594044,6.292564e-05,0.00016561916,5.173192e-05,-0.0032192387,6.0519735e-05,6.143157e-05,0.001265969,0.0001377217
TCGA-DJ-A2QB-01A,-0.00039463805,0.0007278142,-0.00017832477,-0.00056361634,0.00013988891,-5.550547e-05,-9.477348e-05,-0.00012505366,2.7612189e-06,-3.05646e-05,-0.00015456554,-0.00094687083,-1.7237375e-05,-0.0004732433,-0.001470924,-0.0018915823,-0.00039717893,0.00060328346,4.0405655e-05,0.0001879994,5.199571e-05,-0.0033442338,6.747344e-05,5.269608e-05,0.001144122,0.0001287164
TCGA-DJ-A3UN-01A,-0.00043777912,0.0007866356,-0.00012186788,-0.00083875976,-8.938472e-06,-5.1893127e-05,-0.00021279322,-0.00022119582,4.6610794e-06,-4.72382e-05,-0.00017288633,-0.0012933052,-4.4436347e-05,-0.00055985944,-0.0013597746,0.0017911087,-0.0006220596,0.00025448186,1.8366873e-05,0.00018170655,5.3003085e-05,-0.0029615937,7.63511e-05,0.00010971706,0.0013337049,0.00022005709
TCGA-DJ-A3UP-01A,-0.00048104578,0.00096283533,-8.2777246e-05,-0.00083087577,5.730383e-05,-5.140617e-05,-0.00021087189,-0.00023902376,4.823166e-06,-5.0895273e-05,-0.00015170446,-0.00095870096,-7.0355345e-05,-0.0006223665,-0.0010025313,0.0027609372,-0.0006615929,0.00037436478,0.000105005034,0.00017629159,5.9612237e-05,-0.0029528388,6.927921e-05,0.00015788572,0.0010879108,0.0001991508
TCGA-DJ-A3UY-01A,-0.00047544466,0.0011117415,-9.590701e-05,-0.00073007296,3.097586e-05,-5.9021517e-05,-0.00018331406,-0.00022626099,4.5418465e-06,-3.114768e-05,-0.00016632087,-0.0011366857,-5.7967143e-05,-0.0005917781,-0.0017114653,0.0017311904,-0.00046899685,0.00027522002,5.0587355e-06,0.00018218589,5.4284978e-05,-0.0029681737,7.692318e-05,9.3163006e-05,0.0012651238,0.00023425744
TCGA-DJ-A3VB-01A,-0.00040887136,-0.00014713428,-0.00015724069,-0.00058841775,2.299485e-05,-6.983789e-05,-3.2115193e-05,-0.000258631,4.3396194e-06,-3.374927e-05,-0.00010488134,-0.0007676614,-5.0199025e-05,-0.00044559056,-0.0011314774,0.00047299656,-0.00060596,0.00049418677,2.4382764e-05,0.00018113237,5.4355416e-05,-0.0030581483,7.0594295e-05,-3.8340237e-05,0.0012338444,0.00013760221
TCGA-DJ-A3VJ-01A,-0.00038855785,0.00035597658,-0.000120481745,-0.00097385835,-4.93442e-06,-6.292298e-05,-3.8274822e-05,-0.00026088124,4.4014078e-06,-5.1449973e-05,-0.00015975093,-0.0009537333,-4.4263266e-05,-0.00066379947,-0.0017707131,0.00296063,-0.00082432094,0.00033333467,1.566482e-05,0.00018821114,5.3323056e-05,-0.0028479001,7.918429e-05,0.000193247,0.0013677024,0.00026932653
TCGA-DJ-A4V2-01A,-0.00041615512,0.001439838,-8.134909e-05,-0.00070951576,1.0019666e-05,-5.906263e-05,-0.00018141136,-0.0002712449,4.817351e-06,-2.7890503e-05,-0.00013598817,-0.0006284692,-7.2297014e-05,-0.000570439,-0.0012442264,0.0015073152,-0.00067226915,0.00028544175,6.2447143e-06,0.00017337377,5.349553e-05,-0.003027072,7.846044e-05,5.554256e-05,0.0011635405,0.00019630739
TCGA-DO-A1K0-01A,-0.00041708193,0.0012306315,-7.2467185e-05,-0.0007101703,-1.4334925e-06,-5.6102417e-05,-0.00011052404,-0.00028261938,4.9464493e-06,-2.3499731e-05,-0.00016845178,-0.00092888187,-6.101515e-05,-0.0004989686,-0.0013707585,0.0019569907,-0.0006673651,0.0003049581,6.0718074e-05,0.00017252298,5.465197e-05,-0.0029759614,7.895684e-05,0.00016797436,0.001190204,0.00013523216
TCGA-E3-A3DZ-01A,-0.00051281037,0.0008150397,-4.1130766e-05,-0.0011712189,2.9328612e-05,-5.2485273e-05,-0.00015164736,-0.00028045056,3.3994997e-06,-6.1061015e-05,-0.00016093538,-0.0009744957,-5.808381e-05,-0.000572278,-0.0012215585,0.00060824235,-0.0010505671,0.0003576198,0.000107121734,0.00018764881,5.9261867e-05,-0.0030450423,7.612041e-05,1.6581662e-05,0.0011020419,0.00029076388
TCGA-E3-A3E2-01A,-0.00047387308,9.635731e-05,-0.00012949215,-0.0011133162,1.2537668e-05,-7.3327836e-05,-0.00025216799,-0.00025598373,4.478146e-06,-4.6007575e-05,-0.00015420622,-0.001252966,-5.0148614e-05,-0.0006928741,-0.0013389556,0.002722968,-0.00064225856,0.00024555475,7.1867245e-05,0.00019122208,5.228266e-05,-0.0029505612,8.122998e-05,0.000112538204,0.0012188663,0.0002290263
TCGA-E3-A3E5-01A,-0.0004359715,0.00032495285,-0.00012357355,-0.00097356,-6.576813e-06,-6.232572e-05,-0.00024185736,-0.00022289924,4.5620563e-06,-4.088438e-05,-0.00015246947,-0.0014946003,-3.4511537e-05,-0.0004899377,-0.0013221661,-0.00042676672,-0.00097652833,0.00033154487,5.491646e-05,0.00017088233,5.258179e-05,-0.003034362,7.165013e-05,0.00014799142,0.0012989696,0.0002230961
TCGA-E8-A2JQ-01A,-0.00044270154,0.00010369418,-0.00014299851,-0.000796944,-1.9998615e-05,-7.108582e-05,-9.8137745e-05,-0.0003011008,3.7519806e-06,-9.786833e-06,-0.00016360379,-0.0007432759,-3.8532602e-05,-0.0006670949,-0.0013576251,9.852741e-05,-0.00076109025,0.0002658309,1.5762673e-05,0.00017421952,5.1234478e-05,-0.0030161429,7.935577e-05,-0.00016734331,0.0011086746,0.00017252668
TCGA-E8-A2JQ-01A,-0.00044270154,0.00010369418,-0.00014299851,-0.000796944,-1.9998615e-05,-7.108582e-05,-9.8137745e-05,-0.0003011008,3.7519806e-06,-9.786833e-06,-0.00016360379,-0.0007432759,-3.8532602e-05,-0.0006670949,-0.0013576251,9.852741e-05,-0.00076109025,0.0002658309,1.5762673e-05,0.00017421952,5.1234478e-05,-0.0030161429,7.935577e-05,-0.00016734331,0.0011086746,0.00017252668
TCGA-E8-A414-01A,-0.0004197601,0.001021675,-4.0252682e-05,-0.00081020576,-4.292645e-05,-7.294119e-05,-0.00015278088,-0.00026716277,4.9287223e-06,-3.5773774e-05,-0.00017194133,-0.0008879333,-7.415114e-05,-0.00066585105,-0.0015506543,0.0036998058,-0.0006635559,0.0002887288,5.347618e-05,0.00017744432,5.336964e-05,-0.0029355271,7.930809e-05,7.832107e-05,0.0013750831,0.00023538539
TCGA-E8-A415-01A,-0.0004774127,0.0007924439,-8.957495e-05,-0.00071180525,3.199e-06,-5.7671812e-05,-0.00022392768,-0.00027934878,4.6226805e-06,-2.7753473e-05,-0.00015519632,-0.00063948135,-9.755417e-05,-0.0005309267,-0.001340137,0.0013817233,-0.0009788522,0.00026712133,5.600241e-05,0.00018375841,5.566762e-05,-0.0029028524,7.4294905e-05,4.151002e-05,0.0011622213,0.00015934679
TCGA-E8-A417-01A,-0.0004421683,0.00051020563,-0.00014122967,-0.00060957234,-6.4685078e-06,-4.9826554e-05,-0.00016135989,-0.00025190916,3.8528274e-06,-7.702048e-06,-0.00015820832,-0.0009868958,-8.203977e-05,-0.0005033293,-0.0013420884,-0.0005527659,-0.00069632864,0.0002596826,1.1364028e-05,0.00017459216,5.5583812e-05,-0.0028929138,7.575773e-05,1.1613485e-05,0.0011359687,0.00010158806
TCGA-E8-A418-01A,-0.00038994884,0.0011535549,-0.00013142561,-0.0008898451,-2.4409233e-05,-4.9817147e-05,6.339308e-05,-0.00030366416,4.9056257e-06,-4.3788288e-05,-0.0001548941,-0.0009430863,-4.8768605e-05,-0.00044766028,-0.0010056992,0.00019143344,-0.0006537417,0.00034489733,5.228934e-05,0.00018769337,5.0458984e-05,-0.0029425353,7.721612e-05,2.0386478e-05,0.0010766722,0.00011859205
TCGA-E8-A434-01A,-0.0004904409,0.0010207419,-9.028462e-05,-0.0009573315,1.4138821e-05,-5.558962e-05,-0.0001608992,-0.00030452697,4.9748005e-06,-4.6951765e-05,-9.943938e-05,-0.0005618921,-9.449524e-05,-0.0005608047,-0.001422411,0.0012256243,-0.00058365625,0.0002519915,0.00010515654,0.00018883814,5.5027438e-05,-0.0029626782,7.4830044e-05,-9.400977e-06,0.0011955254,0.00019515338
TCGA-E8-A436-01A,-0.0004258875,0.0006007078,-0.0001009894,-0.0006532654,-7.3048536e-06,-6.8052126e-05,-0.00020609381,-0.00028471684,4.677307e-06,-2.8902141e-05,-0.0001531203,-0.0006595814,-7.746883e-05,-0.0005365331,-0.0012363819,0.0020932488,-0.0005560364,0.00033537587,4.771456e-05,0.00017369274,5.2684154e-05,-0.0028767155,7.74977e-05,2.6577462e-05,0.001163243,0.00018485845
TCGA-EL-A3CU-01A,-0.0003972216,0.0010910368,-6.694571e-05,-0.0007358719,-1.7864902e-05,-5.8634105e-05,-6.713202e-05,-0.00021341245,4.8732227e-06,-2.6387077e-05,-0.0001537371,-0.0012084116,-3.9905695e-05,-0.0006571038,-0.0015545152,0.0023298045,-0.00039691234,0.00033515415,8.333295e-05,0.00016992321,5.2438343e-05,-0.0030677977,8.358521e-05,0.00020490176,0.0012964227,0.00016449144
TCGA-EL-A3CX-01A,-0.00050380704,0.00031240383,-0.00016125845,-0.0013289885,-0.00012793964,-9.3891525e-05,0.0003683276,-0.0002798247,1.8988112e-06,-4.3971588e-05,-0.00014401393,-0.0016155632,7.4086024e-06,-0.0006089062,-0.0022382808,0.0023019228,-0.00017197717,0.00020881147,5.6565408e-05,0.0001759751,5.3081563e-05,-0.0030395614,7.214638e-05,1.544379e-05,0.001030692,6.791549e-05
TCGA-EL-A3D6-01A,-0.00036421823,0.00029094046,-0.00013522044,-0.0006973447,2.7459228e-05,-7.273934e-05,-3.7194575e-05,-0.00022545399,4.0806153e-06,-1.45850245e-05,-0.00010389529,-0.0011705398,-2.4603036e-05,-0.00060600304,-0.0012770975,0.00031182164,-0.0006807874,0.00038766034,1.971228e-05,0.00017228202,5.552627e-05,-0.0031561984,7.575623e-05,-1.3446229e-05,0.00097184256,0.00013225833
TCGA-EL-A3GU-01A,-0.00041488672,0.00090796954,-0.00011013416,-0.0007167004,-1.6151022e-05,-6.742962e-05,-8.346684e-06,-0.00027810282,4.8065695e-06,-2.3427425e-05,-0.00013896365,-0.001146645,-3.8086346e-05,-0.0005675914,-0.0014487719,0.0010138877,-0.0010164885,0.0004233679,2.5601048e-05,0.00016394288,5.4814795e-05,-0.0030434062,7.2635245e-05,5.10649e-05,0.0011649625,0.00021990862
TCGA-EL-A3GW-01A,-0.00046477214,0.0009717194,-8.570837e-05,-0.0011759023,4.3853608e-05,-4.5514076e-05,-0.00016613727,-0.00029504564,4.0863083e-06,-5.649597e-05,-6.834482e-05,-0.0011552275,-4.928305e-07,-0.0005728658,-0.0013635982,0.0028456294,-0.00029313302,0.0003479013,0.000120761586,0.00018101544,5.863944e-05,-0.00316034,7.140074e-05,2.8436018e-05,0.0010740872,0.00015476841
TCGA-EL-A3GZ-11A,-0.0005500762,0.00030668493,-3.6840647e-05,-0.00084581284,4.7387133e-05,-4.107879e-05,-0.00033046457,-0.00019151175,2.137151e-06,-5.7056175e-05,-2.4006824e-05,-0.0012457421,-3.089998e-05,-0.00055168977,-0.0013072365,0.0015780466,-0.00024872093,0.00024999696,4.6751684e-05,0.0001720782,5.7686004e-05,-0.0030778428,7.3189236e-05,0.00016086403,0.0009556164,0.00027060695
TCGA-EL-A3H1-01A,-0.000478476,0.00016493326,-7.014035e-05,-0.0012583251,3.949184e-05,-4.984179e-05,-0.0002770826,-0.00022822533,2.18948e-06,-5.813478e-05,-0.0001505569,-0.0007529197,-5.1879302e-05,-0.00051429955,-0.0008657449,0.0031834522,-0.00093598024,0.0002910683,3.8072998e-05,0.00018438007,5.979184e-05,-0.0032254416,7.2597024e-05,-1.0776459e-05,0.0010189211,0.0002193923
TCGA-EL-A3H2-11A,-0.00053674565,0.00032573292,-4.5247914e-05,-0.0009845069,4.0272935e-05,-4.049604e-05,-0.00036669392,-0.00019533117,3.0052374e-06,-5.4305405e-05,-0.00011802502,-0.0007090261,-5.2301453e-05,-0.00056029396,-0.0011389812,2.447892e-06,-0.00070719165,0.00026585776,6.0635695e-05,0.00018183533,5.648922e-05,-0.0031189183,7.421557e-05,0.00019354637,0.0009873661,0.00023776943
TCGA-EL-A3H7-01A,-0.00037703037,0.0005985154,-0.00014492264,-0.00057647354,9.957036e-06,-7.1290146e-05,-5.8329217e-05,-0.00026786307,4.0248124e-06,-9.751811e-06,-0.00015827337,-0.0008696704,-4.0163228e-05,-0.0005820402,-0.0013867579,0.00077547494,-0.0006428248,0.00022650519,-1.891032e-05,0.00017260728,5.435328e-05,-0.002946168,7.467543e-05,5.7718808e-05,0.0011049982,0.000142624
TCGA-EL-A3H8-01A,-0.00044471977,0.00040263523,-4.376306e-05,-0.0008259883,-1.5667449e-05,-5.2205254e-05,-0.00018276703,-0.0002726624,4.823898e-06,-4.6970094e-05,-0.00016702841,-0.00095822295,-4.1570063e-05,-0.00062710105,-0.0017674975,0.0024090856,-0.00029284623,0.00026343056,3.1976262e-05,0.00017819664,5.650168e-05,-0.0030451377,8.064326e-05,0.0002342039,0.0013193301,0.0002689364
TCGA-EL-A3MY-01A,-0.00041843994,0.0010440333,-0.00010202514,-0.000950611,-1.6275443e-07,-6.59847e-05,-0.00014774947,-0.00024752118,4.9411483e-06,-2.9294775e-05,-0.00015073975,-0.0013153399,-6.16461e-05,-0.0006673968,-0.0020000362,0.003933371,-0.0008561685,0.0002506467,-2.9624734e-05,0.00017886283,5.5358923e-05,-0.0030845334,8.200185e-05,0.00012645245,0.0011957336,0.00015719853
TCGA-EL-A3MY-11A,-0.0005046247,0.00091825024,-3.8883387e-05,-0.0009811899,3.074331e-05,-4.101114e-05,-0.00028177936,-0.00014891766,2.1732887e-06,-4.794639e-05,-0.0001021587,-0.00088928436,-4.2255168e-05,-0.0005731669,-0.0012552901,0.0015555756,-0.00034832433,0.0003276352,6.0480997e-05,0.0001714076,5.9700196e-05,-0.003185816,7.57075e-05,0.00017372372,0.001036673,0.00028861937
TCGA-EL-A3N2-01A,-0.00042359228,0.0010723423,-0.000103649254,-0.0006711098,-1.6152231e-05,-5.6262557e-05,-8.246896e-07,-0.00027841577,4.953253e-06,-2.0223608e-05,-0.00012520466,-0.0010858104,-7.774464e-05,-0.00050392863,-0.0012657541,0.0021226218,-0.00086642156,0.0002919187,4.7465775e-05,0.00016655383,5.353004e-05,-0.002942089,7.6259435e-05,8.5080814e-05,0.0011443921,0.0001321296
TCGA-EL-A3T1-01A,-0.0004178063,0.00043043887,-0.00012998661,-0.00061610626,-1.2902395e-05,-6.0843187e-05,-0.000108871325,-0.000268447,5.2542728e-06,-1.8356137e-05,-0.0001492009,-0.0007175318,-5.7098547e-05,-0.00054620655,-0.0014423059,0.00047508016,-0.0005248694,0.00027067325,2.0574756e-05,0.00017478874,4.6046644e-05,-0.002939543,7.6466466e-05,0.00010996491,0.0012225084,0.00014346984
TCGA-EL-A3T7-01A,-0.00026808726,0.0004015023,-0.00010094304,-0.00064870337,2.6451404e-05,-5.765361e-05,-0.00024834674,-0.00024411343,4.510769e-06,-3.931068e-05,-0.00016786388,-0.0012228579,-5.507232e-05,-0.00068974716,-0.0020004103,0.003511843,-0.0005859506,0.00021191372,1.843426e-05,0.00018112018,5.3125266e-05,-0.002951291,7.828269e-05,0.00023750684,0.0012170844,0.00024216835
TCGA-EL-A3T8-01A,-0.0004050571,0.0003707188,-6.416613e-05,-0.00094505784,-1.4747199e-05,-7.002871e-05,-0.0002383208,-0.00028115357,4.3606474e-06,-3.678798e-05,-0.00016652759,-0.0009584058,-6.0044345e-05,-0.00052387815,-0.0018377206,0.002767741,-0.00075034145,0.00019499149,8.652376e-05,0.00018249551,5.5260196e-05,-0.0029522104,7.779247e-05,4.5666573e-05,0.0013893269,0.00019530425
TCGA-EL-A3T9-01A,-0.00010280318,-0.0006768545,-0.000106131316,-0.00066000887,-3.7530343e-05,-6.999151e-05,-8.822991e-05,-0.00017737443,4.826354e-06,-4.1557094e-05,-0.0001008117,-0.0011799049,-3.487043e-05,-0.00069098274,-0.0015830705,0.0035607312,-0.0008155995,0.00033906943,-7.706345e-06,0.00018448476,5.1523013e-05,-0.003046803,7.649932e-05,9.894381e-05,0.00083455315,0.00014942032
TCGA-EL-A3TB-11A,-0.00051177084,0.00019818911,-8.373865e-05,-0.00080944144,6.579885e-05,-4.2869273e-05,-0.0003144613,-0.00017867857,3.5448807e-06,-4.5967223e-05,-0.00013036969,-0.0012005363,-3.731949e-05,-0.00063725206,-0.001257201,0.001948933,-0.0003107019,0.00027097654,5.7552825e-05,0.00018181285,5.652397e-05,-0.00309747,7.1934395e-05,7.958386e-05,0.0011168573,0.0002878871
TCGA-EL-A3ZG-01A,-0.0004399421,9.0061796e-05,-0.00018433071,-0.0010701611,0.00010147735,-5.785437e-05,6.518011e-05,-0.00023418346,5.141977e-06,-3.7648475e-05,-0.00015756123,-0.0008591476,-5.477694e-05,-0.0005638277,-0.0017621286,-0.0008153473,-0.000734841,0.0003129051,7.104696e-05,0.00018303629,5.122877e-05,-0.003052876,7.1960545e-05,8.538308e-05,0.0011866727,0.00023633902
TCGA-EL-A3ZO-11A,-0.00048954587,0.00071473786,-9.400021e-05,-0.0007840963,7.066268e-05,-5.5862813e-05,-0.00034032355,-0.00019475969,2.2628606e-06,-4.9743012e-05,-0.0001323333,-0.0013798045,-7.307214e-05,-0.0005667503,-0.001206255,0.0014625583,-0.00036293862,0.00021652895,1.4881726e-05,0.0001727364,6.100376e-05,-0.0028870867,6.690964e-05,3.396815e-05,0.0010893989,0.00026363874
TCGA-EL-A3ZQ-01A,-0.0002543231,-0.0026799578,-0.00020539874,-0.0008384062,1.8835877e-05,-6.1019673e-05,2.782418e-06,-0.0003781106,3.503854e-06,-2.707879e-05,-0.00020462878,-0.0011979993,-3.962624e-05,-0.00039778795,-0.0011657528,0.002402644,-4.4200202e-05,0.00067052245,5.1247032e-05,0.00015475217,5.5556917e-05,-0.0033167973,5.0832223e-05,-8.809243e-05,0.0011530592,0.00012493094
TCGA-EL-A4K0-01A,-9.264385e-05,0.00055506435,-4.048445e-05,-0.0007601738,-1.0859821e-05,-7.042871e-05,-0.00019841653,-0.00027103449,5.0654553e-06,-3.4839788e-05,-0.00017071141,-0.0010043096,-7.640856e-05,-0.0007309389,-0.0023947477,0.0038786943,-0.0005837137,0.0002361854,5.1606796e-05,0.00017986816,4.893901e-05,-0.0030042625,8.292952e-05,0.00015096088,0.001292543,0.00031721374
