ind,Signaling by WNT,Intracellular oxygen transport,Signal regulatory protein family interactions,Reversible hydration of carbon dioxide,Cell junction organization,Peptide hormone metabolism,Synthesis of DNA,Signaling by Hippo,Activation of HOX genes during differentiation,Platelet homeostasis,Mitochondrial biogenesis,"Cell Cycle, Mitotic",Striated Muscle Contraction,Smooth Muscle Contraction,Pyrophosphate hydrolysis,Cell surface interactions at the vascular wall,mTOR signalling,Signaling by Rho GTPases,SLC-mediated transmembrane transport,Response to metal ions,Protein folding,The citric acid (TCA) cycle and respiratory electron transport,Metabolism of amino acids and derivatives,Metabolism of carbohydrates,Collagen formation,Signaling by Nuclear Receptors,RNA Polymerase I Transcription,Degradation of the extracellular matrix,Neurodegenerative Diseases,Insulin-like Growth Factor-2 mRNA Binding Proteins (IGF2BPs/IMPs/VICKZs) bind RNA,Fanconi Anemia Pathway,Membrane Trafficking,Aquaporin-mediated transport,Macroautophagy,Myogenesis,Iron uptake and transport,Ion channel transport,Mismatch Repair,Invadopodia formation,Peroxisomal protein import,Chromosome Maintenance,Innate Immune System,Cardiac conduction,Metabolism of non-coding RNA,ECM proteoglycans,Deadenylation-dependent mRNA decay,Potassium Channels,LGI-ADAM interactions,Integrin signaling,Transmission across Electrical Synapses ,Formation of Fibrin Clot (Clotting Cascade),Metabolism of porphyrins,Nucleotide Excision Repair,Epigenetic regulation of gene expression,Metabolism of vitamins and cofactors,Diseases of Immune System,Transcription from mitochondrial promoters,Metabolism of lipids,Processing of Capped Intron-Containing Pre-mRNA,Intestinal absorption,Meiosis,Cell Cycle Checkpoints,Transmission across Chemical Synapses,Signaling by Receptor Tyrosine Kinases,Mitochondrial calcium ion transport,Digestion,Intracellular signaling by second messengers,Receptor Mediated Mitophagy,Diseases of signal transduction,Metabolism of nitric oxide,Mitochondrial iron-sulfur cluster biogenesis,Dissolution of Fibrin Clot,DNA Damage Reversal,Cytokine Signaling in Immune system,mRNA Capping,Diseases of metabolism,Transcriptional regulation of white adipocyte differentiation,Mitochondrial protein import,Laminin interactions,Regulation of mRNA stability by proteins that bind AU-rich elements,Non-integrin membrane-ECM interactions,Inositol phosphate metabolism,DNA Double-Strand Break Repair,Processing of Capped Intronless Pre-mRNA,Diseases of glycosylation,Integration of energy metabolism,MAPK family signaling cascades,Transcriptional regulation of pluripotent stem cells,Signaling by GPCR,NR1D1 (REV-ERBA) represses gene expression,Post-translational protein modification,mRNA Editing,Cellular responses to stress,rRNA processing,Axon guidance,Protein-protein interactions at synapses,M/G1 Transition,Translation,Integrin cell surface interactions,Regulation of beta-cell development,Factors involved in megakaryocyte development and platelet production,Cilium Assembly,Signaling by TGF-beta family members,Signaling by Leptin,Abacavir transport and metabolism,DNA Damage Bypass,Platelet Adhesion to exposed collagen,Regulated Necrosis,Elastic fibre formation,ABC-family proteins mediated transport,Nonsense-Mediated Decay (NMD),Gene Silencing by RNA,Signaling by NOTCH,Signaling by NODAL,Apoptosis,"BMAL1:CLOCK,NPAS2 activates circadian gene expression",Cytosolic iron-sulfur cluster assembly,RNA Polymerase III Transcription,Miscellaneous transport and binding events,RORA activates gene expression,Pink/Parkin Mediated Mitophagy,Signaling by Non-Receptor Tyrosine Kinases,Biological oxidations,Signaling by Hedgehog,Amyloid fiber formation,Binding and Uptake of Ligands by Scavenger Receptors,Diseases of Mismatch Repair (MMR),Protein repair,Death Receptor Signalling,Infectious disease,Base Excision Repair,"Platelet activation, signaling and aggregation",Fertilization,tRNA processing,Chromatin modifying enzymes,Fibronectin matrix formation,"Plasma lipoprotein assembly, remodeling, and clearance",Regulation of Insulin-like Growth Factor (IGF) transport and uptake by Insulin-like Growth Factor Binding Proteins (IGFBPs),Metabolism of nucleotides,Nephrin family interactions,Unfolded Protein Response (UPR),RNA Polymerase II Transcription,Keratinization,Adaptive Immune System,Disorders of transmembrane transporters,O2/CO2 exchange in erythrocytes,Surfactant metabolism
TCGA-BA-4076-01A,2.3610375e-05,-0.0,0.00019194865,-4.3287818e-09,-1.8301924e-05,-1.0483249e-05,-0.0002945215,-2.6556978e-05,-9.3690994e-07,1.7246218e-06,6.4130603e-07,6.654253e-05,-8.0004526e-07,3.8607143e-07,-5.737381e-07,-2.1617843e-06,-1.7448934e-06,-1.4565456e-05,-6.358472e-06,1.403812e-06,-1.4108744e-05,3.6081234e-05,6.256934e-05,-7.6897944e-05,-6.073958e-07,2.4507608e-06,3.0724136e-06,-2.5947637e-07,3.8397216e-06,6.2838835e-06,-3.0709928e-06,7.0529827e-06,7.072271e-07,3.7164084e-06,-7.014357e-08,-8.495694e-06,-6.0935672e-05,4.1565724e-07,-2.2258575e-07,-2.3175644e-09,-8.059894e-06,7.3924995e-05,1.0149315e-06,-1.8651697e-06,3.1461987e-06,2.871649e-06,1.0710681e-06,2.0267221e-10,-1.5687708e-07,-2.340313e-08,6.650541e-10,-6.377098e-08,-6.466498e-05,-8.827346e-06,-6.3107623e-06,-6.9706026e-08,0.0,-8.631571e-06,-4.097288e-06,0.0,-2.9664316e-06,-1.2106783e-05,-2.0881203e-05,-1.4363025e-05,3.1143793e-07,-1.4921782e-09,2.5337627e-08,-8.366866e-05,5.583692e-05,1.282491e-05,2.5028116e-08,6.260738e-09,-5.3493886e-07,-6.5174163e-07,1.77057e-05,-1.5464071e-06,2.0981004e-06,1.54392e-08,-4.155553e-06,0.0001325417,3.7912145e-09,4.4962203e-06,-1.4715884e-05,3.4322704e-06,3.9175822e-05,-1.0023443e-05,-9.180226e-07,1.5823762e-06,1.30266e-06,-3.4537745e-08,1.2428426e-05,7.9775e-08,-7.410335e-05,2.4904628e-07,4.7980895e-05,-1.8631803e-06,1.1801629e-06,-9.704276e-05,1.7948943e-07,-4.917537e-06,8.3801865e-07,-8.9714034e-05,2.6331784e-07,-6.5010604e-06,5.3164223e-07,-1.4682256e-05,2.1741009e-07,-3.3065133e-09,-8.758951e-06,1.317834e-06,7.2448405e-05,1.0337428e-05,9.699435e-07,-3.529432e-07,3.360718e-05,1.484694e-07,-1.4419682e-05,-8.141796e-06,-3.867736e-07,-4.0706266e-07,-1.4462674e-05,4.4992903e-06,-5.002583e-08,0.0001165143,2.3768293e-06,-2.4080737e-05,1.7450579e-05,-2.1543503e-05,0.00017996677,4.5961324e-06,-1.227546e-05,3.926317e-05,-5.729817e-07,9.190346e-06,4.348723e-06,1.0024115e-08,1.4640125e-05,-3.8447857e-07,-9.4132965e-06,7.6113506e-06,1.9979212e-05,-0.00010811227,-1.6889433e-05,0.00015857433,4.489142e-06,1.2163343e-07,-1.8802095e-05
TCGA-BA-5555-01A,3.484318e-05,-0.0,0.00022784113,-1.1792266e-07,-4.2010844e-05,-1.30281505e-05,-0.00031284528,-2.5766392e-05,-9.315566e-07,4.3848027e-06,1.2366467e-06,5.80784e-05,-7.5165724e-07,3.2229784e-07,-5.1677995e-07,-2.4184503e-06,-1.2399186e-06,-1.6240305e-05,-3.7683856e-06,5.008397e-08,-1.6857042e-05,3.396532e-05,6.705757e-05,-6.528312e-05,-6.469832e-07,2.2308363e-06,3.1972822e-06,-8.7722974e-08,3.988425e-06,6.286793e-06,-6.424387e-07,-1.7855004e-05,3.9378557e-07,-4.2685883e-06,-3.0477042e-07,-8.97128e-06,-6.205348e-05,5.6772467e-07,2.1637183e-07,-2.3179518e-09,-6.9509865e-06,6.8469e-05,1.2075989e-06,-2.1835592e-06,4.979864e-06,5.057568e-06,9.180255e-07,1.1807473e-10,-1.704834e-07,-3.675408e-08,4.6989086e-08,-6.3195394e-08,-5.111295e-05,-1.0154701e-05,-8.588277e-06,-2.3130138e-08,0.0,6.029548e-06,-5.026051e-06,0.0,-5.8782666e-06,-1.732711e-05,-2.5577847e-05,-1.7698376e-05,4.6167955e-07,-8.527928e-10,4.6662105e-08,-0.00010279291,6.5051e-05,1.1849629e-05,4.053925e-08,-7.4057986e-09,-8.134783e-07,1.183038e-05,1.8439561e-05,-2.9446217e-06,-6.0217843e-07,6.2695955e-09,-1.2885284e-06,0.00013815901,2.9529712e-08,9.103686e-06,7.9791025e-06,4.50929e-06,4.3970893e-05,-7.1211643e-06,1.2223771e-06,7.8049834e-07,4.292822e-06,-3.4783316e-08,-2.6165344e-06,1.3838539e-07,-7.059653e-05,-8.042279e-08,7.163297e-05,-2.380861e-06,3.4772543e-06,-9.4038594e-05,-2.5863187e-07,-4.365032e-06,6.218849e-07,-9.123628e-05,5.3219117e-07,-3.8029043e-06,3.3383125e-07,-1.9291721e-05,1.5576192e-07,-3.873861e-09,-2.3381632e-05,2.6019463e-06,5.822939e-05,1.0725408e-05,3.164131e-06,-3.2781e-07,3.2882574e-05,1.68535e-07,-1.5494586e-05,2.2048662e-05,-4.6345158e-07,-1.1040628e-06,-1.4867303e-05,4.736829e-06,7.878246e-07,0.00012781368,2.2798079e-06,-2.665962e-05,2.2343142e-05,-1.0368781e-05,0.00013763427,1.6642531e-06,-2.571692e-05,5.0726525e-05,-5.536116e-07,1.2320132e-05,4.676019e-06,5.974321e-09,1.0984308e-05,-8.9714075e-07,-3.9429878e-07,8.202831e-06,2.5323003e-05,-0.000101116304,-2.5092704e-05,0.00013672825,-4.0798105e-07,8.832017e-08,-9.345042e-06
TCGA-BA-6868-01B,2.6799195e-05,-0.0,0.00018314159,1.0542149e-07,-1.6995391e-05,-9.924906e-06,-0.0003000874,-2.0596199e-05,-6.3988e-07,3.2864978e-06,1.0282057e-06,5.9879032e-05,-9.0966415e-07,3.540699e-07,-6.5045265e-07,-2.3647574e-06,-1.4207534e-06,-1.3704721e-05,-3.3331764e-06,6.4414305e-09,-1.5292335e-05,3.818009e-05,6.529222e-05,-3.0700245e-05,-6.061769e-07,3.1762352e-07,3.423172e-06,-2.692235e-07,3.9707515e-06,6.2851745e-06,-7.758615e-07,-6.224614e-06,5.453868e-07,-2.5280754e-06,-2.998541e-07,-9.838179e-06,-3.7795824e-05,4.7672975e-07,-2.0153804e-07,2.6072184e-09,-7.4094924e-06,7.128709e-05,1.4763593e-06,-2.750975e-06,6.281522e-06,3.0160738e-06,9.308436e-07,3.6140624e-10,-2.7192178e-07,-4.077633e-08,2.8690084e-07,-6.471251e-08,-5.238367e-05,-9.626336e-06,-1.1174817e-05,-9.0109204e-08,0.0,-2.928634e-06,-5.37518e-06,0.0,-4.487592e-06,-1.2384253e-05,-2.4677545e-05,-1.3237629e-05,1.2348584e-06,-2.557594e-09,3.5783394e-08,-0.00010407753,6.808662e-05,1.3205619e-05,3.7066886e-08,1.55098e-08,-6.4870005e-07,8.406922e-06,1.8969802e-05,-7.126164e-07,-9.350845e-08,1.810885e-08,-4.9099417e-06,0.00013840877,-1.1233923e-08,1.7748713e-05,-2.0126758e-05,2.341218e-06,3.4505792e-05,9.314779e-07,-1.1302146e-06,2.1038456e-06,-2.2951137e-06,-3.4462513e-08,3.1135274e-05,9.544463e-08,-7.261277e-05,1.1887528e-07,3.752798e-05,-2.3638022e-06,4.946035e-06,-7.8458324e-05,3.089383e-06,-7.0255564e-06,8.043829e-07,-8.475802e-05,1.9154857e-07,-7.660855e-06,3.2857147e-07,-2.1153703e-05,4.5929176e-09,-3.305905e-09,2.0937669e-06,2.0358143e-06,6.2050945e-05,9.152424e-06,2.176082e-06,-3.7664398e-07,3.5033903e-05,-2.0505432e-08,-1.5970287e-05,-4.4805542e-08,-3.5306007e-07,-3.716292e-07,-1.5955588e-05,4.560779e-06,3.4602152e-07,0.000114571,4.813904e-06,-2.7515021e-05,1.917638e-05,-2.7626993e-05,0.000170149,-3.314196e-07,-1.08397235e-05,5.7736113e-05,-5.711026e-07,1.0724548e-05,2.8520722e-06,1.1064927e-07,1.0587492e-05,-4.6076266e-07,-6.038401e-06,1.0112843e-05,2.1442924e-05,-0.00010354964,-2.2560002e-05,0.00014117178,2.5622396e-07,1.1336281e-07,-8.786444e-06
TCGA-CN-5360-01A,3.934864e-05,-8.8652946e-10,0.00024300015,2.7962383e-06,-3.8250368e-05,-1.0881928e-05,-0.00031690722,-2.0863636e-05,-9.227502e-07,3.4190923e-06,9.163065e-07,7.4658885e-05,-9.652498e-07,3.4263272e-07,-3.994409e-07,-2.2763984e-06,-1.2197287e-06,-1.6957583e-05,-1.2619299e-06,6.026496e-08,-1.055418e-05,3.7370744e-05,7.158533e-05,-6.4015316e-05,-6.0430784e-07,7.749513e-07,3.26216e-06,-1.1682349e-07,3.9780734e-06,6.285625e-06,-1.294808e-06,-2.475064e-05,5.0261633e-07,-5.206378e-06,4.438727e-06,-9.167297e-06,-8.988106e-05,5.983638e-07,-1.8140308e-07,2.3168558e-09,-7.885335e-06,7.5010226e-05,1.7918264e-06,-2.1654057e-06,4.308275e-06,2.4606827e-06,8.696915e-07,3.680986e-10,-1.3689673e-07,-3.0498573e-08,8.718352e-08,-6.87156e-08,-5.6884503e-05,-9.283249e-06,-5.3010544e-06,-5.2945218e-08,0.0,3.7897778e-06,-5.6240874e-06,0.0,-4.8038987e-06,-1.807523e-05,-3.123496e-05,-1.5832833e-05,9.0850637e-07,-8.097017e-09,4.039465e-08,-0.00010864869,6.0714614e-05,1.26621635e-05,4.320438e-08,3.6133083e-09,-5.507757e-07,3.5271172e-05,1.8146982e-05,-1.8026775e-06,-4.2179877e-06,1.5898676e-08,-7.1546157e-07,0.00014459708,1.0584551e-07,1.3539882e-05,-1.4662035e-05,2.3874557e-06,2.9398958e-05,-9.730863e-06,2.4118214e-07,1.9645556e-07,7.77927e-07,-3.475532e-08,2.4598376e-06,9.390986e-08,-7.285553e-05,1.14275906e-07,5.4066637e-05,-2.1948454e-06,6.145634e-06,-6.91637e-05,3.3757e-07,-6.247456e-06,8.031005e-07,-7.594732e-05,3.3447964e-07,-1.5669683e-06,6.044805e-07,-2.3043429e-05,4.555714e-07,-4.1550163e-09,-1.8152088e-05,2.1986898e-06,4.5698995e-05,9.887291e-06,3.7494972e-06,-3.77212e-07,3.233062e-05,1.3056716e-07,-1.0841482e-05,7.1392133e-06,-3.4809213e-07,-8.899274e-07,-1.4161893e-05,9.951633e-06,2.0192638e-07,0.00012480713,3.3681035e-06,-2.6587326e-05,2.165966e-05,-1.3672507e-05,0.00013553274,3.1904801e-06,-2.3947256e-05,4.332306e-05,-5.768952e-07,1.0176934e-05,6.9183e-06,2.1959918e-08,9.294785e-06,-8.4008184e-07,6.8540626e-06,9.538941e-06,2.2747832e-05,-9.569405e-05,-1.2964896e-05,0.00013274039,3.4489742e-06,8.145183e-08,-1.7655506e-05
TCGA-CN-6012-01A,3.873636e-05,-0.0,0.00022419414,2.5717839e-08,-3.0454989e-05,-1.0785998e-05,-0.0002984822,-2.8743163e-05,-6.705257e-07,3.2982366e-06,1.1201123e-06,6.657314e-05,-5.3886635e-07,3.1351283e-07,-3.2372822e-07,-2.4361125e-06,-1.6822275e-06,-1.5575839e-05,-4.80705e-06,1.04365085e-08,-1.1883205e-05,2.4027393e-05,7.2660536e-05,-6.799622e-05,-5.929963e-07,1.3015955e-06,3.3892184e-06,-9.747941e-08,3.9623524e-06,6.0444977e-06,2.9887326e-07,-1.9557428e-05,5.2240966e-07,-1.9737158e-07,-1.9751087e-07,-9.4047355e-06,-9.313561e-05,5.421596e-07,-1.2406136e-07,-4.634775e-09,-5.7960215e-06,8.207529e-05,8.598897e-07,-2.3240436e-06,5.0537014e-06,3.4765321e-06,9.742064e-07,2.1746374e-10,-1.2918764e-07,-1.8830647e-08,3.1023337e-09,-6.5999565e-08,-5.7190722e-05,-8.514487e-06,-7.681822e-06,-3.7842383e-08,0.0,-2.545935e-06,-3.553725e-06,0.0,-7.67117e-06,-1.2831058e-05,-2.7390228e-05,-1.8488976e-05,6.815377e-07,-5.755099e-09,3.9644224e-08,-6.540955e-05,5.610131e-05,1.2569923e-05,2.7366152e-08,2.0625658e-08,-5.893813e-07,2.3344934e-05,1.6317163e-05,-2.478575e-06,-5.703498e-06,1.2420061e-08,-1.0988603e-06,0.00014412381,9.574506e-08,9.129315e-06,-3.3378362e-06,3.7119373e-06,3.5248526e-05,-4.098453e-06,-3.6352566e-07,4.7357113e-07,-3.097567e-06,-3.452865e-08,-3.8796993e-06,1.06881174e-07,-7.287268e-05,-5.529276e-09,5.1555748e-05,-1.3626315e-06,6.8255163e-06,-9.324796e-05,3.047467e-08,-6.206236e-06,6.9385874e-07,-6.680902e-05,4.961369e-07,-5.805989e-06,4.2663706e-07,-1.9392397e-05,2.2238511e-07,-3.4951622e-09,-2.432014e-05,2.123305e-06,5.514117e-05,9.3588615e-06,-2.6279008e-06,-3.88054e-07,3.3891694e-05,1.0341643e-07,-1.1362175e-05,6.945355e-06,-4.141676e-07,-7.073833e-07,-1.13626365e-05,1.15403645e-05,5.449617e-07,0.00011372986,3.014024e-06,-2.6406331e-05,2.1406257e-05,-9.374016e-06,0.00016222177,3.8075027e-06,-2.040805e-05,5.1864423e-05,-6.4686606e-07,1.2984787e-05,4.990542e-06,1.1732417e-08,1.0368637e-05,-6.45784e-07,1.0260686e-06,8.711884e-06,2.0299136e-05,-9.709333e-05,-2.2267011e-05,0.0001429878,3.0441563e-06,2.6145072e-08,-2.0753494e-05
TCGA-CN-6023-01A,3.7127727e-05,-0.0,0.00024236758,2.3179267e-08,-3.471865e-05,-1.251327e-05,-0.00033695303,-2.6762424e-05,-3.9593456e-07,6.2122454e-06,1.0944487e-06,6.578656e-05,-6.054783e-07,2.2326773e-07,-6.548098e-07,-2.3964806e-06,-1.3531692e-06,-1.1064081e-05,-4.0576883e-06,3.773762e-08,-1.556576e-05,3.399849e-05,7.033475e-05,-6.793855e-05,-5.188353e-07,6.267293e-07,3.1681338e-06,-1.583899e-07,3.9187457e-06,6.2696668e-06,-7.1389286e-07,-2.6762598e-05,2.9211583e-07,-8.925618e-06,-3.9016436e-07,-9.95783e-06,-4.1808245e-05,5.893124e-07,-2.0572936e-07,-1.9122325e-08,-7.5249186e-06,9.664063e-05,2.4327185e-06,-2.175741e-06,4.152675e-06,3.927523e-06,7.989999e-07,5.9705735e-10,-1.9154014e-07,-2.2928582e-08,1.4182844e-08,-5.5921635e-08,-5.1056224e-05,-1.0278322e-05,-1.0848051e-05,-4.99896e-08,0.0,-6.7536257e-07,-5.4879088e-06,0.0,-6.3497596e-06,-1.7272272e-05,-2.958936e-05,-2.0237068e-05,7.178158e-07,-4.9040993e-09,4.7550905e-08,-0.00014668594,6.110542e-05,1.2519396e-05,6.436661e-08,1.8511182e-08,-5.2436025e-07,2.9760135e-05,1.8441857e-05,-2.6838272e-06,-5.452509e-06,1.5441154e-08,-1.7679682e-07,0.00013134755,1.2356881e-07,2.8726377e-06,3.1271288e-06,4.393681e-06,2.3367635e-05,9.072938e-07,6.3634735e-07,-7.5877324e-07,4.5480365e-06,-3.5029615e-08,-2.1816139e-05,8.5081275e-08,-7.612915e-05,-2.5745916e-07,7.961124e-05,-2.112614e-06,1.0309411e-07,-0.000105077444,-3.3285923e-09,-5.5177165e-06,6.7209317e-07,-9.0912894e-05,5.591492e-07,-1.4288852e-06,2.8336558e-07,-2.3452705e-05,5.017055e-07,-4.1578145e-09,-2.836385e-05,2.311539e-06,6.478885e-05,9.383074e-06,5.322607e-06,-3.4916494e-07,3.2008684e-05,-8.310381e-09,-1.639957e-05,7.66076e-06,-4.6438058e-07,-6.7177274e-07,-1.5342166e-05,1.1785784e-05,-6.015562e-08,0.00013124749,3.0381407e-06,-2.4228993e-05,2.2125741e-05,-1.4177981e-05,0.00014431753,7.98381e-08,-2.8390874e-05,6.0916904e-05,-7.1344203e-07,9.8663995e-06,7.440679e-06,7.896663e-09,9.024704e-06,-7.441244e-07,2.121513e-06,9.075233e-06,2.6998267e-05,-0.0001038527,-3.194091e-05,0.00015080842,-8.503061e-07,1.746893e-08,-2.6017638e-05
TCGA-CN-6023-01A,3.7127727e-05,-0.0,0.00024236758,2.3179267e-08,-3.471865e-05,-1.251327e-05,-0.00033695303,-2.6762424e-05,-3.9593456e-07,6.2122454e-06,1.0944487e-06,6.578656e-05,-6.054783e-07,2.2326773e-07,-6.548098e-07,-2.3964806e-06,-1.3531692e-06,-1.1064081e-05,-4.0576883e-06,3.773762e-08,-1.556576e-05,3.399849e-05,7.033475e-05,-6.793855e-05,-5.188353e-07,6.267293e-07,3.1681338e-06,-1.583899e-07,3.9187457e-06,6.2696668e-06,-7.1389286e-07,-2.6762598e-05,2.9211583e-07,-8.925618e-06,-3.9016436e-07,-9.95783e-06,-4.1808245e-05,5.893124e-07,-2.0572936e-07,-1.9122325e-08,-7.5249186e-06,9.664063e-05,2.4327185e-06,-2.175741e-06,4.152675e-06,3.927523e-06,7.989999e-07,5.9705735e-10,-1.9154014e-07,-2.2928582e-08,1.4182844e-08,-5.5921635e-08,-5.1056224e-05,-1.0278322e-05,-1.0848051e-05,-4.99896e-08,0.0,-6.7536257e-07,-5.4879088e-06,0.0,-6.3497596e-06,-1.7272272e-05,-2.958936e-05,-2.0237068e-05,7.178158e-07,-4.9040993e-09,4.7550905e-08,-0.00014668594,6.110542e-05,1.2519396e-05,6.436661e-08,1.8511182e-08,-5.2436025e-07,2.9760135e-05,1.8441857e-05,-2.6838272e-06,-5.452509e-06,1.5441154e-08,-1.7679682e-07,0.00013134755,1.2356881e-07,2.8726377e-06,3.1271288e-06,4.393681e-06,2.3367635e-05,9.072938e-07,6.3634735e-07,-7.5877324e-07,4.5480365e-06,-3.5029615e-08,-2.1816139e-05,8.5081275e-08,-7.612915e-05,-2.5745916e-07,7.961124e-05,-2.112614e-06,1.0309411e-07,-0.000105077444,-3.3285923e-09,-5.5177165e-06,6.7209317e-07,-9.0912894e-05,5.591492e-07,-1.4288852e-06,2.8336558e-07,-2.3452705e-05,5.017055e-07,-4.1578145e-09,-2.836385e-05,2.311539e-06,6.478885e-05,9.383074e-06,5.322607e-06,-3.4916494e-07,3.2008684e-05,-8.310381e-09,-1.639957e-05,7.66076e-06,-4.6438058e-07,-6.7177274e-07,-1.5342166e-05,1.1785784e-05,-6.015562e-08,0.00013124749,3.0381407e-06,-2.4228993e-05,2.2125741e-05,-1.4177981e-05,0.00014431753,7.98381e-08,-2.8390874e-05,6.0916904e-05,-7.1344203e-07,9.8663995e-06,7.440679e-06,7.896663e-09,9.024704e-06,-7.441244e-07,2.121513e-06,9.075233e-06,2.6998267e-05,-0.0001038527,-3.194091e-05,0.00015080842,-8.503061e-07,1.746893e-08,-2.6017638e-05
TCGA-CN-6992-01A,3.6242367e-05,-0.0,0.00023063911,4.558828e-08,-2.5397643e-05,-1.21800485e-05,-0.00023553694,-2.1667312e-05,-7.473261e-07,3.9256374e-06,1.7169074e-07,6.766488e-05,-5.0210485e-07,2.8690087e-07,-5.9495875e-07,-2.3793236e-06,-1.2100705e-06,-1.9246245e-05,-6.2348417e-06,2.6976255e-07,-1.4646125e-05,3.37645e-05,6.9122274e-05,-6.077591e-05,-6.2587986e-07,1.2071249e-06,3.3430658e-06,-9.6901495e-08,3.9481797e-06,6.225646e-06,-2.675477e-07,-1.8277804e-05,4.777683e-07,-2.6653836e-06,-7.1194466e-07,-9.579446e-06,-8.8881476e-05,6.4921886e-07,-2.920476e-08,-1.2744799e-08,-6.7486676e-06,8.112387e-05,9.826233e-06,-2.5777576e-06,5.02101e-06,4.092814e-06,1.00762e-06,1.4027514e-10,-1.9200577e-07,-2.1631879e-08,3.4349525e-09,-5.97394e-08,-4.467332e-05,-9.424475e-06,-1.1463213e-05,-4.1771113e-08,0.0,-2.0001496e-06,-5.2645164e-06,0.0,-8.225484e-06,-2.0466341e-05,-2.7390253e-05,-1.658189e-05,8.457374e-07,-2.5581626e-09,4.2493753e-08,-8.577628e-05,6.5069435e-05,1.2658372e-05,5.1798228e-08,1.445654e-08,-6.629795e-07,1.8809573e-05,1.8827724e-05,-2.6673495e-06,-1.6999467e-06,1.3347794e-08,-6.8445283e-06,0.00013779497,8.7636955e-08,2.584254e-05,-3.3902595e-06,4.175694e-06,1.6259572e-05,-7.59442e-06,-3.1151257e-07,1.1734139e-07,7.335063e-08,-3.5020598e-08,-4.331479e-05,1.0884459e-07,-7.819525e-05,-1.1223584e-07,4.015823e-05,-2.3549594e-06,1.6775597e-06,-0.000116385054,3.813416e-07,-7.2980297e-06,8.7485483e-07,-7.7845216e-05,5.8953606e-07,-6.4931137e-06,1.1093634e-06,-1.1743201e-05,2.9984582e-07,-3.6845946e-09,-1.9761997e-05,2.4437009e-06,5.4181695e-05,9.482408e-06,3.0130984e-06,-3.481396e-07,3.3025204e-05,7.385103e-09,-1.2431951e-05,1.5201589e-05,-4.4060516e-07,-8.194256e-07,-1.5729865e-05,5.198622e-06,1.9157267e-07,0.00013396417,5.4438447e-06,-2.7227672e-05,2.2508759e-05,-1.6112352e-05,0.00013635228,3.944546e-06,-2.3121747e-05,5.331731e-05,-6.0701115e-07,1.0842717e-05,4.3359655e-06,2.4322919e-08,6.6141943e-06,-1.083789e-06,-2.16829e-06,9.480372e-06,2.43753e-05,-9.570081e-05,-2.2953134e-05,0.00012294429,-5.4547377e-07,1.1061856e-08,-1.2401112e-05
TCGA-CN-A63T-01A,3.2172367e-05,-0.0,0.0002084081,6.869801e-09,-2.2930239e-05,-9.42546e-06,-0.0002816227,-1.6257949e-05,-1.0285423e-06,2.1688206e-06,1.5419993e-06,7.9766054e-05,-9.738595e-07,3.1171123e-07,-7.0369595e-07,-2.355468e-06,-1.7210515e-06,-1.4264785e-05,-5.700762e-06,2.2599513e-06,-1.1619844e-05,2.9746521e-05,6.905619e-05,-4.6391866e-05,-6.0303387e-07,1.557596e-06,3.187774e-06,-1.02684545e-07,3.981344e-06,6.2776417e-06,-5.445345e-07,-8.660132e-06,5.81068e-07,-1.8890881e-06,1.2660665e-06,-1.0956588e-05,-3.5465e-05,2.943802e-07,-2.3324054e-07,-1.7366164e-09,-7.419938e-06,6.080972e-05,4.301179e-06,-2.0158288e-06,4.247445e-06,2.8347074e-06,1.0194473e-06,7.196243e-11,-1.1025512e-07,-2.3706827e-08,2.9137735e-07,-6.56433e-08,-5.9385387e-05,-9.335633e-06,-6.27009e-06,-6.661099e-08,0.0,3.8075572e-07,-4.8588436e-06,0.0,-6.6083367e-06,-9.263911e-06,-2.837807e-05,-1.4325307e-05,5.321534e-07,-4.2592934e-09,3.2064253e-08,-8.3038656e-05,5.347208e-05,1.2345132e-05,5.2180862e-08,-6.1649486e-10,-5.334548e-07,1.4126914e-05,1.779635e-05,-1.6878392e-06,-2.39791e-06,1.1714003e-08,1.0233874e-06,0.00012901942,-9.335713e-09,2.597761e-05,-1.5697398e-05,3.8671997e-06,4.212571e-05,-5.512058e-06,3.10654e-07,9.88045e-07,-2.99265e-06,-3.3967932e-08,3.909558e-06,1.3087059e-07,-7.881634e-05,5.6144973e-08,6.510258e-05,-1.93476e-06,3.3155964e-06,-7.7991666e-05,-1.0689588e-07,-2.8454251e-06,7.7283164e-07,-5.9530284e-05,5.1027604e-07,-4.8165175e-06,3.5742045e-07,-1.936732e-05,-8.2435285e-09,-4.1528003e-09,-2.2543238e-05,1.8372709e-06,8.4862484e-05,1.1631987e-05,2.1418175e-06,-3.1640624e-07,3.1256608e-05,-2.2121394e-08,-9.482683e-06,3.0273022e-06,-4.2304296e-07,-2.448811e-07,-1.29456e-05,5.3345266e-06,9.332235e-07,0.0001237732,1.654098e-06,-2.6153995e-05,1.2372674e-05,-1.9585368e-05,0.00013504838,4.9258574e-06,-1.4887381e-05,5.015743e-05,-7.411537e-07,1.1057722e-05,4.775527e-06,4.0492987e-09,6.8546833e-06,-2.8262917e-07,-7.95006e-06,8.582057e-06,1.9917403e-05,-9.825572e-05,-9.946393e-06,0.00015303795,2.104025e-06,4.6618613e-08,-1.6297614e-05
TCGA-CN-A63W-01A,2.765343e-05,-0.0,0.00019617421,6.629566e-07,-2.6030175e-05,-1.29754e-05,-0.00027675286,-1.9746552e-05,-9.642838e-07,2.5234012e-06,9.2884375e-07,7.0919996e-05,-1.1058809e-06,3.6277203e-07,-5.317335e-07,-2.3982088e-06,-1.6483328e-06,-1.27115645e-05,-7.7332215e-06,3.20673e-07,-1.1571216e-05,3.624448e-05,6.796692e-05,-5.6902838e-05,-6.2832765e-07,1.6555801e-06,3.0282877e-06,-6.9394055e-08,3.9640045e-06,6.285221e-06,-4.358444e-07,-2.1762293e-08,4.4490866e-07,-4.74923e-06,-3.4685405e-07,-9.964498e-06,-1.5203184e-05,3.826222e-07,-2.457185e-07,1.4482794e-09,-6.539614e-06,5.8296686e-05,1.8111251e-06,-2.0075072e-06,5.1231386e-06,2.3448606e-06,9.888721e-07,1.4771093e-10,-1.4017996e-07,-3.527759e-08,-6.071163e-08,-6.681941e-08,-4.7637775e-05,-9.235736e-06,-5.140579e-06,-6.257425e-08,0.0,-9.522489e-08,-4.5745455e-06,0.0,-5.612506e-06,-8.969738e-06,-1.5892925e-05,-1.4985555e-05,5.183489e-07,-1.9180264e-09,3.9235744e-08,-8.443722e-05,5.314713e-05,1.200135e-05,5.1952796e-08,-2.0271254e-09,-5.527894e-07,6.733298e-06,1.8756044e-05,-1.5196387e-06,1.9815961e-06,8.93726e-09,2.3345028e-06,0.00012697573,-2.409831e-08,7.875735e-06,-2.304927e-05,4.1661624e-06,4.5713427e-05,-4.3555037e-06,9.065768e-07,1.2159031e-06,-5.7683237e-06,-3.3730387e-08,1.8638657e-06,1.4545864e-07,-7.665789e-05,2.0002855e-07,4.3902255e-05,-2.047448e-06,1.8841527e-06,-6.192483e-05,7.54321e-08,-1.6054348e-06,7.94145e-07,-7.0778864e-05,4.0932574e-07,-5.5892265e-06,3.429283e-07,-1.8664283e-05,7.968393e-09,-3.9667905e-09,-2.3137258e-05,2.1239393e-06,5.6751494e-05,1.0915725e-05,3.5535443e-06,-2.6445562e-07,3.2048527e-05,1.3992242e-07,-1.2479766e-05,2.8962459e-06,-2.387758e-07,-5.238328e-07,-1.4853825e-05,-3.5875235e-06,2.39749e-07,0.000118994016,4.079117e-06,-2.6016154e-05,1.3920545e-05,-2.1102791e-05,0.00012358982,3.383815e-06,-1.408948e-05,4.901409e-05,-5.253821e-07,1.0557477e-05,3.341845e-06,4.2650523e-09,1.0008958e-05,-4.4824515e-07,-1.3850546e-05,7.917749e-06,2.0424708e-05,-9.914925e-05,-8.252122e-06,0.00014672829,3.0541978e-06,6.528147e-08,-1.178833e-05
TCGA-CR-6474-01A,2.4575647e-05,-6.648474e-10,0.00020205393,6.2782294e-07,-4.04326e-05,-9.698895e-06,-0.00027912337,-2.7338801e-05,-8.055744e-07,4.3742334e-06,7.219624e-07,6.38044e-05,-9.753018e-07,3.8273748e-07,-4.0392726e-07,-2.328781e-06,-1.8981875e-06,-7.592981e-06,-4.256325e-06,1.1335095e-08,-1.2448181e-05,3.396945e-05,6.258547e-05,-5.7579466e-05,-5.938535e-07,1.99845e-06,3.3205777e-06,-2.311836e-07,3.8815992e-06,6.279452e-06,-1.1900052e-06,-1.1065782e-05,7.431555e-07,-2.6710577e-06,5.075982e-06,-9.643297e-06,-6.3242915e-05,4.015179e-07,-3.2577896e-07,8.689573e-09,-7.667496e-06,7.9036065e-05,4.367978e-07,-3.0244441e-06,4.262799e-06,3.1411855e-06,9.2303407e-07,5.0459917e-11,-2.5084657e-07,-4.0778e-08,1.2927984e-07,-6.3498106e-08,-5.9260954e-05,-9.342231e-06,-7.296104e-06,-7.5790645e-08,0.0,2.786917e-06,-4.5134693e-06,0.0,-2.6258833e-06,-1.04855235e-05,-3.185011e-05,-1.5263464e-05,3.226729e-07,-1.1294592e-08,3.92837e-08,-5.5395223e-05,6.577547e-05,1.2657779e-05,4.2428116e-08,8.812952e-09,-8.490833e-07,6.408712e-06,1.8245468e-05,-1.1277151e-06,-4.2075982e-07,8.588953e-09,-1.2055529e-05,0.00014040213,9.572432e-08,7.2077023e-06,-1.2622034e-05,4.633178e-06,2.7412107e-05,6.9315442e-06,-1.1744794e-06,1.2859051e-06,5.7303237e-06,-3.4777763e-08,2.8809418e-05,1.9874247e-07,-8.838844e-05,-4.236593e-08,5.0687006e-05,-2.2850033e-06,3.091211e-06,-8.204915e-05,2.579541e-06,-7.861129e-06,7.4502054e-07,-8.040636e-05,-1.0899673e-07,-4.739562e-06,3.7898047e-07,-1.38225605e-05,-8.792722e-08,-3.4943857e-09,-1.3899188e-05,2.195309e-06,7.135156e-05,1.1653345e-05,6.7354404e-07,-2.6410424e-07,3.4709894e-05,1.02259015e-07,-1.5657619e-05,3.6178337e-06,-3.891812e-07,-7.8767425e-07,-1.5305279e-05,4.887889e-06,3.2360372e-08,0.00011516139,-2.386397e-07,-2.7918648e-05,1.6039148e-05,-1.5198445e-05,0.00014043858,3.7856632e-06,-1.3955172e-05,4.7923182e-05,-5.088207e-07,1.2946962e-05,4.9297337e-06,9.9384025e-08,1.0786918e-05,-6.389399e-07,-7.3964757e-06,1.0178221e-05,2.267558e-05,-8.480107e-05,-3.4901142e-05,0.0001391325,-1.324327e-07,5.2953233e-08,-1.5772066e-05
TCGA-CR-7374-01A,3.4546643e-05,-0.0,0.00021947933,4.5672067e-08,-1.9873687e-05,-1.2545004e-05,-0.00029368594,-2.3928704e-05,-8.0154905e-07,4.634366e-06,5.276491e-07,6.334237e-05,-5.313679e-07,2.1391381e-07,-6.039972e-07,-2.276884e-06,-1.4075185e-06,-1.8839084e-05,-1.593986e-06,1.5219657e-08,-1.4484174e-05,3.928355e-05,6.682472e-05,-5.9662525e-05,-6.111464e-07,1.02798e-06,2.8942109e-06,-1.4667798e-07,3.955436e-06,6.093812e-06,-1.0731595e-06,-1.8354895e-05,4.1126347e-07,-2.9010353e-06,-4.095843e-07,-1.0404329e-05,-8.392871e-05,5.991598e-07,-2.1679696e-07,-7.2153274e-09,-6.657738e-06,7.067507e-05,1.6689193e-06,-2.4595338e-06,5.4004045e-06,5.3042772e-06,8.40907e-07,4.7594634e-10,-1.8754896e-07,-2.868115e-08,5.2330343e-08,-6.430765e-08,-5.6348483e-05,-1.04658375e-05,-8.046421e-06,-1.4260267e-08,0.0,-2.364696e-06,-4.236201e-06,0.0,-8.4824815e-06,-2.3199467e-05,-2.9347384e-05,-1.697514e-05,7.8247916e-07,-4.6723265e-09,3.9021412e-08,-0.00016037296,6.6070425e-05,1.2822687e-05,8.828101e-08,1.1505566e-08,-4.2093578e-07,1.4795758e-05,1.8462533e-05,-2.6782598e-06,-5.3263266e-06,1.1449396e-08,-6.0424704e-06,0.00013897695,1.2199827e-07,1.7001687e-05,-1.9074996e-05,4.948291e-06,2.7744007e-05,6.0202347e-06,-5.8859405e-07,2.9041763e-07,1.3466779e-06,-3.46377e-08,-1.04258215e-05,1.8733576e-07,-7.0508235e-05,7.2108286e-08,3.076913e-05,-2.1058254e-06,2.2902439e-06,-8.5078784e-05,-2.4414376e-07,-5.5975493e-06,7.0246904e-07,-8.056178e-05,4.866298e-07,-4.9706036e-06,1.0086461e-06,-1.6001657e-05,4.412185e-07,-3.8590033e-09,-2.3028293e-05,1.6217585e-06,4.0745384e-05,9.773288e-06,-1.5367949e-06,-3.0250152e-07,3.2946213e-05,1.708182e-07,-1.101749e-05,7.736554e-06,-4.1014e-07,-1.0452218e-06,-1.5702293e-05,1.0689663e-05,5.480436e-07,0.000121074634,2.6468367e-06,-2.6644031e-05,2.1945978e-05,-1.6860808e-05,0.00011582035,2.7373571e-06,-2.1193036e-05,4.7401794e-05,-7.1352787e-07,1.19232955e-05,5.476027e-06,5.739537e-09,7.946609e-06,-9.459406e-07,-6.2593563e-06,9.810519e-06,2.4335259e-05,-0.000101267724,-2.1528187e-05,0.0001478888,8.971374e-08,1.8775818e-08,-2.3850005e-05
TCGA-CV-5430-01A,3.0328209e-05,-0.0,0.00023978404,1.1764045e-07,-2.0464066e-05,-1.1820719e-05,-0.0002813716,-2.9803523e-05,-2.6089825e-07,6.0712473e-06,1.1041762e-06,5.6124863e-05,-6.6677126e-07,3.236478e-07,-5.951389e-07,-2.3779505e-06,-1.7410742e-06,-1.3712033e-05,-3.0620745e-06,2.8004763e-07,-1.5099627e-05,2.999053e-05,6.0846716e-05,-6.471754e-05,-5.2035625e-07,1.1120122e-06,3.4813609e-06,-5.9936305e-08,3.9454553e-06,5.6919666e-06,-1.3276425e-06,-2.0907219e-05,6.0309407e-07,-6.237466e-06,-7.545754e-07,-1.0168284e-05,-6.9385074e-05,7.4867904e-07,-2.4127113e-08,-8.110149e-09,-5.9609047e-06,6.780729e-05,1.6737456e-06,-2.4143003e-06,4.7482276e-06,1.2129898e-06,9.4849963e-07,7.1049805e-10,-1.8945943e-07,-2.5609115e-08,2.6582459e-08,-6.447001e-08,-5.3317333e-05,-9.9001145e-06,-8.503556e-06,-6.40331e-08,0.0,1.30292365e-05,-4.391175e-06,0.0,-1.0337416e-05,-1.6040578e-05,-2.9961673e-05,-1.6248303e-05,1.1493408e-06,-3.8363277e-09,3.6913306e-08,-6.549709e-05,6.203913e-05,1.2818036e-05,5.6118132e-08,1.10142615e-08,-7.742627e-07,1.9940011e-05,1.821431e-05,-2.6058326e-06,-8.471537e-06,1.6481263e-08,-5.8105144e-07,0.00014128549,1.3813439e-08,5.68722e-06,8.6345735e-06,4.070911e-06,4.170932e-05,1.4922482e-05,-1.2592061e-07,1.6819058e-06,4.0356413e-06,-3.5016665e-08,-5.07246e-06,5.6392302e-08,-7.331447e-05,-2.2576705e-07,4.3661013e-05,-1.5877456e-06,5.749131e-07,-8.5570144e-05,2.5484553e-07,-4.818375e-06,6.751414e-07,-8.855584e-05,1.18546986e-07,-3.3051883e-06,6.7442943e-07,-1.7139771e-05,1.1537255e-07,-3.4948082e-09,-2.732972e-05,2.3053797e-06,5.885131e-05,1.0070389e-05,1.9895217e-06,-2.4149824e-07,3.3877448e-05,5.3766744e-08,-1.8187979e-05,9.827571e-06,-3.9773576e-07,-9.070114e-07,-1.4225535e-05,1.2917769e-05,9.1572423e-07,0.00012779774,1.7380759e-06,-2.5272615e-05,2.2074819e-05,-1.3389199e-05,0.00014620057,8.8668696e-07,-2.567814e-05,5.9504902e-05,-5.3867177e-07,1.1408392e-05,4.302237e-06,1.6425561e-08,4.9551313e-06,-6.7216104e-07,1.1074682e-05,8.046811e-06,2.7060696e-05,-0.000120349054,-2.8735787e-05,0.000132107,-6.615358e-07,2.9406682e-08,-1.9200079e-05
TCGA-CV-5978-01A,3.5784935e-05,-0.0,0.00024199871,-5.6588185e-08,-2.464154e-05,-1.2977438e-05,-0.00031898313,-2.3524557e-05,-5.650438e-07,6.161856e-06,1.0589409e-06,7.0974e-05,-7.53305e-07,3.13219e-07,-5.6333016e-07,-2.35828e-06,-1.0135312e-06,-1.7906366e-05,-4.7444614e-06,7.036742e-08,-1.5311e-05,3.8180926e-05,6.940545e-05,-5.3131957e-05,-5.4044693e-07,8.860282e-07,2.657432e-06,-2.6359587e-07,3.9584183e-06,6.2910613e-06,-1.7050645e-06,-1.8593251e-05,7.060926e-07,-2.4520311e-06,-3.8014971e-07,-9.8069395e-06,-7.3473486e-05,5.366303e-07,-3.064199e-07,6.668337e-09,-6.877524e-06,7.8017125e-05,9.314914e-07,-1.6994032e-06,2.1254762e-06,4.1059016e-06,7.2012665e-07,2.6892222e-10,-2.1390622e-07,-3.9371837e-08,1.5412553e-08,-6.324729e-08,-6.340143e-05,-7.941915e-06,-9.12626e-06,-2.4484484e-08,0.0,3.06276e-06,-5.939214e-06,0.0,-8.2336455e-06,-1.7389219e-05,-3.1566036e-05,-1.965028e-05,9.343889e-07,-3.2003429e-09,4.3525468e-08,-0.0001421242,6.615865e-05,1.2566078e-05,1.7460064e-07,2.0641302e-08,-6.910145e-07,3.2840297e-05,1.7531811e-05,-1.1585838e-06,-2.6128066e-06,1.556775e-08,-8.269136e-06,0.00013366579,1.09805036e-07,9.625418e-07,-9.304622e-06,4.5695347e-06,1.4567987e-05,2.8866432e-06,-2.5307216e-07,4.2948724e-07,3.617661e-06,-3.4797363e-08,-1.611935e-05,6.4421734e-08,-7.524735e-05,3.440667e-07,4.720751e-05,-2.1856697e-06,2.024756e-06,-7.297769e-05,2.4373826e-06,-9.010768e-06,7.457527e-07,-8.111372e-05,1.664072e-07,-2.8202287e-06,5.9572983e-07,-2.2988568e-05,1.01612876e-07,-4.160451e-09,-1.703419e-05,1.4985006e-06,6.2993655e-05,9.062895e-06,3.7897566e-06,-3.298715e-07,3.2152657e-05,1.02547624e-07,-1.0632415e-05,1.5181967e-05,-3.5950453e-07,-9.4143815e-07,-1.5821335e-05,1.4434483e-05,2.747739e-07,0.0001357672,2.0290586e-06,-2.6629412e-05,2.1453383e-05,-2.0745236e-05,0.00010603182,2.2585025e-06,-2.5602438e-05,5.7007914e-05,-5.717275e-07,1.4101707e-05,7.830031e-06,9.288687e-08,1.1273158e-05,-8.4668187e-07,2.1386775e-06,9.097813e-06,2.173889e-05,-0.00010215607,-2.4885348e-05,0.00012102854,-3.974653e-07,4.9428706e-08,-3.7221787e-05
TCGA-CV-7177-01A,3.0337085e-05,-0.0,0.0002222558,-4.6621324e-08,-2.6472457e-05,-1.13281185e-05,-0.0003140604,-2.6830772e-05,-6.9296516e-07,5.2906e-06,1.1107899e-06,7.534094e-05,-8.191789e-07,2.9860894e-07,-5.261395e-07,-2.4025096e-06,-1.533421e-06,-1.5127106e-05,-4.8188026e-06,1.7081481e-08,-1.4181291e-05,4.025608e-05,6.8817426e-05,-4.0018396e-05,-5.1527485e-07,9.657767e-07,3.2310368e-06,-2.1677145e-07,3.9528004e-06,6.2827366e-06,-1.1208786e-06,-9.684778e-06,6.948023e-07,-4.5379234e-06,-3.6188294e-07,-1.0336197e-05,-9.918992e-05,4.9537107e-07,4.086858e-08,-1.0432302e-08,-7.5156167e-06,6.7152265e-05,3.225036e-08,-2.636451e-06,3.8623907e-06,2.015018e-06,9.117241e-07,2.3763602e-10,-1.8870621e-07,-3.00806e-08,5.8739076e-09,-6.1375765e-08,-5.658932e-05,-9.368348e-06,-8.679886e-06,-4.044636e-08,0.0,3.5266028e-06,-5.4101115e-06,0.0,-4.650062e-06,-1.3102373e-05,-1.8902676e-05,-1.39470285e-05,6.5468475e-07,-1.0661348e-09,4.467837e-08,-0.00013213536,6.031272e-05,1.2630601e-05,3.8643986e-08,1.3754263e-08,-4.975778e-07,1.0989454e-05,1.8454697e-05,-2.1379012e-06,-6.2844236e-07,1.2657137e-08,-9.375423e-06,0.00013293317,5.8528315e-08,7.74253e-06,-7.048305e-06,4.7729714e-06,1.7888384e-05,6.8556706e-06,-8.9113234e-07,6.568652e-07,3.7542914e-06,-3.476691e-08,-1.7005836e-05,8.5869985e-08,-6.941456e-05,1.775149e-07,5.2092542e-05,-2.0824623e-06,3.230492e-06,-6.857184e-05,2.1304097e-06,-6.1388573e-06,8.828617e-07,-6.552484e-05,1.6119063e-07,-6.2155077e-06,4.9207944e-07,-2.0344127e-05,1.950631e-08,-3.968918e-09,-1.7545895e-05,1.9043146e-07,5.8447804e-05,1.0197451e-05,1.7157769e-06,-2.737312e-07,3.1797885e-05,5.3305783e-08,-1.1569624e-05,7.629944e-06,-4.2376917e-07,-6.238288e-07,-1.6562488e-05,9.438522e-06,-7.898435e-08,0.00012522956,2.614233e-06,-2.6874975e-05,2.0808255e-05,-1.4529226e-05,0.00013459868,-1.5984233e-06,-2.3047223e-05,5.1873154e-05,-5.330429e-07,9.179096e-06,6.5483837e-06,8.173516e-08,1.0315418e-05,-3.218843e-07,-3.164744e-06,9.180951e-06,2.2270982e-05,-7.971104e-05,-1.3788947e-05,0.00012069909,1.6589906e-06,8.615877e-08,-1.5694972e-05
TCGA-CV-7242-01A,3.582241e-05,-0.0,0.00022536339,-1.2075292e-06,-1.8334254e-05,-1.3774856e-05,-0.00027913062,-2.2875314e-05,-8.44334e-07,2.8406566e-06,1.0294993e-06,8.372157e-05,-7.631809e-07,2.6705544e-07,-4.991261e-07,-2.375301e-06,-1.0417259e-06,-1.4904333e-05,-4.576396e-06,1.3591435e-07,-1.5365582e-05,4.0077306e-05,7.043114e-05,-4.155659e-05,-5.536397e-07,9.959526e-07,3.218188e-06,-9.515695e-08,3.935199e-06,6.2758695e-06,-7.369982e-07,-9.9731005e-06,2.5762864e-07,-1.5434134e-06,-1.9356149e-07,-1.0935607e-05,-7.787516e-05,5.8201925e-07,-2.1599305e-07,1.447457e-09,-8.054895e-06,6.836587e-05,3.444671e-06,-2.4876158e-06,4.302261e-06,2.7014628e-06,9.288876e-07,1.5203719e-10,-1.4427417e-07,-2.5107784e-08,4.1401606e-08,-6.6332625e-08,-5.465209e-05,-8.6467935e-06,-6.6206576e-06,-6.383281e-08,0.0,4.6256737e-06,-4.5335632e-06,0.0,-3.0848496e-06,-1.0670928e-05,-2.544842e-05,-1.5347678e-05,5.185333e-07,-4.8989706e-09,4.496001e-08,-9.733517e-05,5.6803252e-05,1.2673535e-05,6.551954e-08,2.465841e-08,-5.208954e-07,1.5306488e-05,1.8249782e-05,-1.3012119e-06,-2.9066018e-06,1.055622e-08,2.4832161e-06,0.00013878677,-1.35306e-09,1.01628775e-05,-1.5442457e-06,4.33092e-06,3.951969e-05,-3.985122e-06,4.0363477e-07,4.6533987e-07,2.5115785e-06,-3.451027e-08,-1.8689698e-05,8.3173845e-08,-7.0992646e-05,1.9428238e-07,3.4369437e-05,-2.4350504e-06,4.5490415e-06,-5.4555305e-05,-1.876077e-07,-3.8126434e-06,7.495821e-07,-8.519857e-05,7.5428426e-07,-3.922625e-06,2.6061963e-07,-1.7584338e-05,2.2724633e-07,-3.964676e-09,-2.1064734e-05,2.075838e-06,6.529979e-05,1.026819e-05,2.275107e-06,-3.3153927e-07,3.2386524e-05,1.3335465e-07,-1.0411415e-05,8.574955e-06,-4.888197e-07,-6.052381e-07,-1.4527692e-05,3.8020862e-06,7.263915e-07,0.0001200636,5.529502e-06,-2.2254522e-05,2.0783815e-05,-1.2146229e-05,0.00012425262,2.2813285e-06,-1.8244913e-05,5.8846905e-05,-6.0982876e-07,1.1714471e-05,6.8984355e-06,1.9181714e-09,8.958041e-06,-5.7593405e-07,-2.7752935e-06,8.625745e-06,2.2513246e-05,-8.432026e-05,-1.5259358e-05,0.00014619964,2.0874922e-06,2.5559624e-08,-1.4204842e-05
TCGA-CV-7430-01A,2.8796263e-05,-0.0,0.00019613518,3.9972736e-08,-1.6228494e-05,-9.7893435e-06,-0.0002994199,-1.5818221e-05,-6.4411597e-07,2.930475e-06,1.0975709e-06,6.7964975e-05,-7.602259e-07,2.4185837e-07,-6.093372e-07,-2.4420026e-06,-1.721059e-06,-1.5293454e-05,-7.603414e-06,3.5467092e-08,-1.0825199e-05,3.3975004e-05,6.6450964e-05,-4.3074502e-05,-4.852579e-07,9.658056e-07,3.3176914e-06,-1.2932931e-07,3.9713727e-06,6.222986e-06,8.696444e-07,-2.0815143e-05,1.6530969e-08,1.0056121e-06,3.805565e-09,-9.589358e-06,-7.6896016e-05,4.885896e-07,-1.02659335e-07,2.3168514e-09,-7.802776e-06,6.889747e-05,1.4048203e-06,-2.997535e-06,2.9820635e-06,4.514533e-06,1.0508154e-06,2.5979013e-10,-1.701099e-07,-3.851092e-08,8.971144e-09,-6.3675856e-08,-5.155346e-05,-8.629531e-06,-8.377238e-06,-6.528067e-08,0.0,-1.4868132e-06,-4.6614864e-06,0.0,-6.5394706e-06,-1.2555466e-05,-2.1724032e-05,-1.6787695e-05,3.994047e-07,-4.688441e-09,3.48873e-08,-0.00012231842,6.676148e-05,1.2080996e-05,8.2608764e-08,8.2823215e-09,-6.583817e-07,-4.563207e-06,1.7632721e-05,-1.5500484e-06,-1.1712041e-06,1.5782595e-08,-4.031793e-06,0.0001384966,8.3949345e-09,1.3662925e-05,-4.827709e-06,4.859739e-06,3.5338653e-05,-7.105223e-06,-4.1864294e-07,1.0128906e-06,4.918882e-07,-3.4804177e-08,-1.7944127e-05,2.0015291e-07,-8.026884e-05,2.761199e-08,6.584796e-05,-2.0292873e-06,2.439036e-06,-9.220191e-05,1.0950451e-07,-6.900137e-06,8.3119636e-07,-5.9848502e-05,4.5185794e-07,-6.615675e-06,2.731439e-07,-1.6020396e-05,1.0009089e-07,-3.9667487e-09,-1.8556548e-05,1.2162483e-06,9.8099656e-05,1.0206539e-05,4.915102e-07,-3.7200775e-07,3.30642e-05,2.9776973e-07,-5.798655e-06,1.0692966e-05,-3.7763246e-07,-7.078983e-07,-1.6270536e-05,5.6639246e-06,5.872071e-07,0.00012417487,4.95164e-06,-2.3672566e-05,1.9675816e-05,-2.3494165e-05,0.00012926619,2.4245273e-06,-1.41856335e-05,6.0236434e-05,-5.358084e-07,1.195054e-05,3.6089436e-06,7.251576e-09,1.095552e-05,-1.9029231e-07,-1.0421846e-05,9.452289e-06,2.0142914e-05,-7.08441e-05,-2.2662816e-05,0.00013932645,5.8811213e-07,2.3499406e-07,-9.549877e-06
TCGA-BA-4078-01A,3.9426835e-05,-0.0,0.00021800624,6.459625e-07,-3.8866117e-05,-1.344175e-05,-0.00034587766,-2.354193e-05,-1.0268543e-06,3.7319235e-06,1.3374744e-06,5.409477e-05,-6.9143465e-07,2.456732e-07,-3.2629532e-07,-2.2374213e-06,-8.8057965e-07,-9.522446e-06,4.7693396e-07,2.0873477e-08,-1.3797545e-05,2.5852352e-05,6.390733e-05,-5.4971202e-05,-5.8078643e-07,1.3378307e-06,3.107438e-06,-2.5489106e-07,3.9947554e-06,6.0987495e-06,-2.4909489e-06,-1.9175824e-05,4.9412523e-07,-6.2478885e-06,-6.916363e-07,-1.0918414e-05,-7.845986e-05,9.0045006e-07,-2.313308e-07,6.363835e-09,-6.8365275e-06,9.397372e-05,9.995472e-06,-2.3631646e-06,4.406371e-06,2.3660373e-06,1.0455577e-06,4.9364646e-10,-2.2045963e-07,-2.9282093e-08,2.0910715e-08,-6.4084155e-08,-6.409663e-05,-1.0755991e-05,-7.788674e-06,-5.9555365e-08,0.0,-3.7944149e-06,-7.073893e-06,0.0,-7.903816e-06,-2.4689585e-05,-2.6260792e-05,-1.5325058e-05,1.2288112e-06,-1.788039e-08,4.4746386e-08,-0.00018110532,6.378503e-05,1.2833018e-05,3.667355e-08,4.1368176e-09,-6.9503386e-07,2.803422e-05,1.8646895e-05,-3.2394107e-06,-4.921641e-06,1.8082236e-08,-7.824267e-06,0.00013674752,1.9986197e-07,1.9206878e-05,-1.0946299e-05,3.6655858e-06,1.725536e-05,1.0542856e-05,-5.07207e-07,3.471148e-07,6.189137e-08,-3.498111e-08,-1.0826504e-05,1.7881185e-07,-7.5272976e-05,7.108389e-08,5.5435183e-05,-2.375693e-06,-3.461097e-08,-9.2988266e-05,1.5177646e-06,-6.8193367e-06,7.382858e-07,-0.00010795068,2.1304912e-07,-1.978835e-06,1.6257769e-06,-2.518134e-05,1.2421473e-06,-3.3017333e-09,-1.13845135e-05,1.3893235e-06,6.391325e-05,9.422388e-06,1.5531011e-06,-2.2228092e-07,3.4252047e-05,4.430676e-07,-1.0773599e-05,1.8586128e-05,-3.7436837e-07,-1.0195195e-06,-1.3921746e-05,1.7564771e-05,1.2455744e-06,0.00013124048,2.0006946e-06,-2.6179263e-05,2.2353253e-05,-2.1124084e-05,0.00016201907,2.9680414e-06,-2.3094904e-05,5.2728185e-05,-5.654951e-07,1.7802868e-05,4.2287675e-06,6.219657e-08,6.977487e-06,-6.731579e-07,6.931947e-06,9.039986e-06,2.770837e-05,-9.9172285e-05,-2.8583867e-05,0.00011991539,-1.7983058e-06,4.5396433e-09,-1.9390176e-05
TCGA-BA-6869-01A,2.9727891e-05,-0.0,0.00020271953,7.6100754e-08,-2.2220012e-05,-1.2893437e-05,-0.00026037215,-1.8230307e-05,-1.0118372e-06,2.436697e-06,1.2067004e-06,7.82838e-05,-8.002466e-07,2.1135806e-07,-5.2920177e-07,-2.3117086e-06,-1.3495728e-06,-1.2954993e-05,-4.324479e-06,5.500324e-08,-1.2606127e-05,3.7594113e-05,7.3163304e-05,-7.152341e-05,-4.649661e-07,1.3904233e-06,3.0244305e-06,-1.589492e-07,3.9277397e-06,6.2807476e-06,-3.2531776e-07,-3.6160782e-06,3.5927928e-07,-1.5896745e-06,-1.5309949e-07,-1.0737476e-05,-6.964609e-05,3.8968938e-07,-8.479765e-08,1.4478525e-09,-7.633938e-06,6.49395e-05,8.507529e-06,-3.0547913e-06,3.7809323e-06,2.275988e-06,9.47657e-07,1.5510224e-10,-1.684007e-07,-2.3550841e-08,1.184869e-08,-6.173209e-08,-5.286156e-05,-9.634977e-06,-7.2192634e-06,-7.597364e-08,0.0,3.863939e-06,-3.9842066e-06,0.0,-3.643487e-06,-6.007161e-06,-2.0005966e-05,-1.7997441e-05,4.1315414e-07,-3.834979e-09,3.5542907e-08,-9.5614974e-05,4.954552e-05,1.2775329e-05,7.84259e-08,-1.7530775e-08,-6.188061e-07,4.080775e-06,1.8955958e-05,-2.0956936e-06,-2.0876757e-06,9.978933e-09,2.6437397e-06,0.00013274768,-1.3533251e-09,5.080953e-06,-8.841792e-06,4.15888e-06,4.7736325e-05,-8.047541e-06,9.823622e-07,1.0480336e-06,-1.9609797e-06,-3.476733e-08,8.774685e-06,1.5588435e-07,-9.191497e-05,1.6764646e-07,6.6227716e-05,-2.3824268e-06,4.120758e-06,-6.902121e-05,-2.7262306e-08,-1.4911516e-06,8.4212877e-07,-8.293945e-05,7.248854e-07,-2.4748024e-06,2.522918e-07,-1.5713547e-05,7.683533e-08,-4.154572e-09,-1.973395e-05,1.1314997e-06,7.0056296e-05,1.0640646e-05,2.7755102e-06,-3.395101e-07,3.126089e-05,1.0938202e-07,-1.0427711e-05,6.562955e-06,-1.2458158e-07,-3.016721e-07,-1.4961342e-05,-3.8166772e-07,1.022041e-06,0.00012233925,2.4739468e-06,-2.246899e-05,1.2725041e-05,-1.6464832e-05,0.00012414283,3.7871002e-06,-1.6040372e-05,5.727316e-05,-5.876703e-07,7.810072e-06,4.225379e-06,1.918547e-09,8.335822e-06,-5.073832e-07,-9.388687e-06,7.4929762e-06,2.3167539e-05,-6.824306e-05,-1.944658e-05,0.00013711043,4.22892e-06,1.2674545e-07,-1.989652e-05
TCGA-BA-6870-01A,2.4051515e-05,-0.0,0.00014230366,4.07042e-09,-4.4472246e-05,-1.2221232e-05,-0.00023015882,-2.664212e-05,-9.061277e-07,5.7305762e-08,8.640138e-07,8.3053455e-05,-5.766766e-07,2.9977068e-07,-4.7698467e-07,-1.3866836e-06,-2.1988242e-06,-3.5275793e-06,-5.6297176e-06,2.1355873e-09,-9.128708e-06,4.388381e-05,7.247292e-05,-1.2902136e-05,-5.436935e-07,1.0521845e-06,3.4319314e-06,-2.8803007e-07,3.9199404e-06,6.123768e-06,8.706995e-07,-8.289615e-06,9.96048e-07,4.7198655e-06,5.9195507e-08,-1.0169208e-05,-1.6532667e-05,2.4481392e-07,-1.2721758e-07,1.7366306e-09,-6.883739e-06,6.89775e-05,3.559892e-07,-2.8070303e-06,4.9760806e-06,2.4716094e-06,1.0267073e-06,3.7815154e-11,-1.0373137e-07,-3.3857113e-08,3.774585e-08,-6.1638374e-08,-5.253058e-05,-7.608851e-06,-7.0126416e-06,-7.8231444e-08,0.0,-3.5174812e-06,-3.888317e-06,0.0,-2.5776376e-06,-1.2695067e-05,-2.416327e-05,-1.41678e-05,4.0868787e-07,2.1292452e-09,2.8358713e-08,-6.147036e-05,5.6939312e-05,1.2342297e-05,1.9640776e-08,8.101475e-09,-5.134202e-07,3.7678342e-06,1.7044542e-05,-5.638741e-07,2.257657e-06,1.0902231e-08,2.2817162e-06,0.00012832331,-2.6921139e-08,1.214841e-06,-1.7323635e-05,3.9551105e-06,3.4047785e-05,-8.657096e-06,3.3094184e-07,1.8789057e-06,1.1598911e-06,-3.3996233e-08,1.8240527e-05,2.2977426e-08,-7.013713e-05,1.4733554e-07,3.8655013e-05,-2.1427836e-06,6.7781084e-06,-4.6163237e-05,-1.1804835e-07,-3.3587864e-06,6.7610165e-07,-4.200055e-05,2.2089279e-07,-2.9110793e-06,2.7725005e-07,-8.962211e-06,1.1211649e-07,-3.6801868e-09,-2.68472e-05,1.7153209e-06,6.5363114e-05,9.722001e-06,4.2396464e-06,-1.7334642e-07,3.3149736e-05,4.9122733e-08,-7.505855e-06,-8.3479335e-06,-2.2320728e-07,-2.4844243e-07,-1.1386083e-05,7.993872e-06,2.3625742e-07,0.00010716522,-7.980958e-07,-2.5045825e-05,1.0434201e-05,-1.2868002e-05,0.00014482377,3.1578716e-06,-7.701379e-06,4.9372662e-05,-5.196305e-07,7.671274e-06,3.446259e-06,3.835665e-09,3.974813e-06,2.867823e-08,-1.3272812e-05,8.338828e-06,1.6474392e-05,-8.7935965e-05,-1.7297394e-05,0.0001360189,2.4536207e-06,1.823609e-07,-4.799697e-06
TCGA-CN-4739-01A,3.2626496e-05,-0.0,0.00020789017,8.325631e-08,-2.3307737e-05,-1.1541816e-05,-0.00032569093,-2.8251616e-05,-5.786931e-07,3.3920423e-06,1.1281702e-06,7.012039e-05,-6.019916e-07,2.602802e-07,-5.0649896e-07,-2.543631e-06,-1.9037413e-06,-9.843103e-06,-6.00104e-06,1.3472579e-08,-1.16163e-05,3.0392706e-05,6.834519e-05,-4.6072542e-05,-5.828578e-07,1.7998542e-06,2.9251796e-06,-1.2290228e-07,3.985301e-06,5.640727e-06,2.9246215e-07,-1.652952e-05,3.606151e-07,-3.5496066e-06,-2.535132e-07,-9.868608e-06,-6.959535e-05,4.8713116e-07,6.784062e-08,1.4483013e-09,-7.1900995e-06,7.387664e-05,8.0916936e-07,-3.0688082e-06,5.264122e-06,1.8227202e-06,2.2462795e-07,9.0551865e-11,-1.4719616e-07,-1.2214089e-08,2.5252053e-08,-6.52281e-08,-6.092731e-05,-7.874793e-06,-7.870327e-06,-6.285973e-08,0.0,4.4250655e-06,-3.9627816e-06,0.0,-5.750383e-06,-1.8983676e-05,-3.5191246e-05,-1.8586876e-05,5.6278986e-07,-1.3639522e-08,4.0170793e-08,-6.633217e-05,5.7398873e-05,1.2082678e-05,4.4422222e-08,3.7887133e-09,-6.146041e-07,1.7840346e-05,1.5918291e-05,-2.0369346e-06,-4.344025e-06,1.07945155e-08,1.6603173e-06,0.00014430645,-1.936108e-08,4.0654368e-06,-2.3124387e-06,4.078104e-06,3.5760186e-05,-1.1270099e-05,8.988413e-08,1.3030226e-06,3.5458504e-07,-3.4527723e-08,4.896988e-08,8.322489e-08,-7.0949645e-05,1.1401515e-07,5.940061e-05,-2.361604e-06,7.755329e-06,-7.401756e-05,1.5819107e-07,-4.5007328e-06,7.820466e-07,-7.449938e-05,5.877989e-07,-3.7532227e-06,5.38795e-07,-2.2389497e-05,1.641937e-07,-3.6834922e-09,-2.3852235e-05,2.0523755e-06,6.1794024e-05,8.618553e-06,-1.9792542e-06,-3.45937e-07,3.3358694e-05,1.883606e-07,-1.2064424e-05,1.0898725e-05,-4.1969056e-07,-7.2651864e-07,-1.3144533e-05,4.7471667e-06,9.14283e-07,0.000116176176,2.9023968e-06,-2.3812525e-05,1.7320888e-05,-9.692879e-06,0.0001413611,-1.5915755e-06,-1.4386419e-05,6.201579e-05,-5.5609576e-07,1.1423285e-05,7.1513614e-06,1.0663294e-08,6.252961e-06,-7.099525e-07,-1.2346732e-06,8.027143e-06,2.0923888e-05,-7.205724e-05,-1.8570972e-05,0.000121836696,2.036771e-06,1.2909553e-07,-9.187205e-06
TCGA-CN-5363-01A,2.595032e-05,-2.2150042e-10,0.00021446813,6.9779395e-07,-3.81688e-05,-8.485799e-06,-0.0003325325,-2.18157e-05,-3.0172146e-07,4.7419603e-06,8.2575497e-07,6.268644e-05,-9.340432e-07,3.732543e-07,-6.862958e-07,-2.1504493e-06,-1.6311153e-06,-4.4790722e-06,-1.6957127e-06,1.4293965e-06,-1.2819938e-05,3.68147e-05,6.308388e-05,-5.2716565e-05,-6.490331e-07,2.0284297e-06,3.3370388e-06,-1.6688469e-07,3.994185e-06,6.280449e-06,1.9578525e-07,-2.2173284e-05,8.486161e-07,-4.9857044e-06,4.3903924e-06,-1.06625985e-05,-5.0334962e-05,6.429897e-07,1.0783096e-07,1.4475718e-09,-6.8747404e-06,7.921436e-05,5.798311e-07,-2.0145364e-06,4.6132955e-06,1.3792597e-06,9.809057e-07,8.530754e-11,-2.0278206e-07,-3.8553196e-08,6.986267e-08,-5.9168396e-08,-4.6336416e-05,-9.555177e-06,-1.1753633e-05,-5.8624156e-08,0.0,7.181823e-06,-5.1205484e-06,0.0,-5.93617e-06,-1.5278605e-05,-2.8493532e-05,-1.7605422e-05,7.0647997e-07,3.4081806e-09,3.396057e-08,-0.00010749725,6.0874096e-05,1.2743758e-05,3.4707046e-08,1.18907995e-08,-6.0942875e-07,3.693702e-05,1.960125e-05,-1.5423306e-06,-7.1851537e-06,1.29933e-08,-8.7116705e-06,0.00013460031,-2.030341e-09,1.0858076e-06,-1.5517699e-05,3.9298243e-06,3.9054416e-05,3.672037e-06,-6.7993955e-07,2.0092289e-06,3.4869856e-06,-3.5028897e-08,2.3466731e-05,8.3820304e-08,-7.8530444e-05,-2.9466271e-08,6.4701715e-05,-2.4235292e-06,2.5788752e-06,-7.6859294e-05,1.4393013e-06,-6.9188163e-06,7.816458e-07,-6.700027e-05,5.1708348e-08,-2.3855348e-06,2.983853e-07,-2.3349035e-05,-1.9299389e-08,-3.3040222e-09,-2.2221135e-05,2.320529e-06,7.2027375e-05,1.07770165e-05,1.6736001e-06,-4.0003835e-07,3.47438e-05,-1.3157832e-08,-1.1393556e-05,7.2238363e-06,-4.8089044e-07,-8.387745e-07,-1.5740203e-05,1.8265224e-05,9.0609966e-08,0.000119619515,1.8943764e-06,-2.7599215e-05,2.1522976e-05,-3.2792104e-05,0.00019935591,4.828653e-07,-2.0230033e-05,5.2807256e-05,-5.130866e-07,1.0130316e-05,8.879337e-06,5.7992853e-08,9.0622925e-06,-5.4729395e-07,-4.1830543e-07,8.626769e-06,1.7472481e-05,-0.00010552558,-3.1714193e-05,0.00014981031,2.3156422e-06,1.9654686e-07,-5.7309967e-06
TCGA-CN-6010-01A,3.414184e-05,-0.0,0.00022248538,8.786662e-08,-3.0550236e-05,-1.2574385e-05,-0.00029182067,-2.1890379e-05,-4.396191e-07,5.5513597e-06,1.2114845e-06,6.820274e-05,-6.656338e-07,2.098205e-07,-5.2657833e-07,-2.3919222e-06,-1.5142471e-06,-1.1754848e-05,-3.6386396e-06,1.0623392e-07,-1.4275177e-05,3.676394e-05,6.894126e-05,-5.1731116e-05,-6.537106e-07,1.0775029e-06,3.3110216e-06,-1.0399287e-07,3.971994e-06,6.283392e-06,-8.309904e-07,-1.9508174e-05,5.419475e-07,-4.8926386e-06,-2.36707e-07,-9.387254e-06,-6.6834065e-05,6.273158e-07,-1.4492579e-07,-3.765656e-09,-6.6819507e-06,8.4097985e-05,1.621761e-06,-2.3316227e-06,5.3771723e-06,2.7701076e-06,8.778063e-07,2.1900025e-10,-1.9352468e-07,-2.9695975e-08,5.50645e-08,-5.987119e-08,-5.4951466e-05,-9.274499e-06,-7.969724e-06,-2.11061e-08,0.0,7.6211023e-07,-5.2829337e-06,0.0,-7.729084e-06,-2.0433969e-05,-1.9419662e-05,-1.820723e-05,8.6475177e-07,-3.1975602e-09,4.958278e-08,-9.588888e-05,6.429068e-05,1.2295888e-05,6.028755e-08,2.785248e-08,-6.125828e-07,2.2335127e-05,1.8721812e-05,-2.2002505e-06,-4.8497013e-06,1.3580458e-08,-6.578019e-06,0.00013441863,1.289486e-07,1.0736032e-05,-2.9990566e-05,3.8721278e-06,3.3414413e-05,4.7699828e-06,1.8613595e-07,5.793244e-07,1.2210452e-06,-3.4751736e-08,-1.9382616e-05,1.6801535e-07,-7.4874784e-05,-4.7455615e-08,7.155177e-05,-2.3426646e-06,5.3731915e-06,-8.956055e-05,4.0276822e-07,-8.479576e-06,7.9924797e-07,-8.528973e-05,3.7043233e-07,-4.8495763e-06,5.207861e-07,-1.8657038e-05,4.3444206e-07,-3.8733754e-09,-2.1162474e-05,9.749091e-07,7.0499496e-05,1.1024962e-05,3.19593e-06,-3.1051707e-07,3.2740798e-05,9.595466e-08,-1.1020592e-05,1.4534028e-05,-4.0187695e-07,-8.485338e-07,-1.4320099e-05,1.0496898e-05,2.5356155e-07,0.00012721145,2.9833955e-06,-2.6981666e-05,2.207615e-05,-1.1291663e-05,0.00013448046,2.2401869e-06,-2.2824248e-05,5.43159e-05,-6.0892563e-07,1.3056629e-05,6.056319e-06,2.6029591e-08,1.0201457e-05,-8.221257e-07,6.811329e-07,8.6264645e-06,2.2244973e-05,-0.00010515891,-3.067926e-05,0.00012563587,5.744714e-07,4.595828e-08,-3.9244373e-05
TCGA-CN-6012-01A,3.873636e-05,-0.0,0.00022419414,2.5717839e-08,-3.0454989e-05,-1.0785998e-05,-0.0002984822,-2.8743163e-05,-6.705257e-07,3.2982366e-06,1.1201123e-06,6.657314e-05,-5.3886635e-07,3.1351283e-07,-3.2372822e-07,-2.4361125e-06,-1.6822275e-06,-1.5575839e-05,-4.80705e-06,1.04365085e-08,-1.1883205e-05,2.4027393e-05,7.2660536e-05,-6.799622e-05,-5.929963e-07,1.3015955e-06,3.3892184e-06,-9.747941e-08,3.9623524e-06,6.0444977e-06,2.9887326e-07,-1.9557428e-05,5.2240966e-07,-1.9737158e-07,-1.9751087e-07,-9.4047355e-06,-9.313561e-05,5.421596e-07,-1.2406136e-07,-4.634775e-09,-5.7960215e-06,8.207529e-05,8.598897e-07,-2.3240436e-06,5.0537014e-06,3.4765321e-06,9.742064e-07,2.1746374e-10,-1.2918764e-07,-1.8830647e-08,3.1023337e-09,-6.5999565e-08,-5.7190722e-05,-8.514487e-06,-7.681822e-06,-3.7842383e-08,0.0,-2.545935e-06,-3.553725e-06,0.0,-7.67117e-06,-1.2831058e-05,-2.7390228e-05,-1.8488976e-05,6.815377e-07,-5.755099e-09,3.9644224e-08,-6.540955e-05,5.610131e-05,1.2569923e-05,2.7366152e-08,2.0625658e-08,-5.893813e-07,2.3344934e-05,1.6317163e-05,-2.478575e-06,-5.703498e-06,1.2420061e-08,-1.0988603e-06,0.00014412381,9.574506e-08,9.129315e-06,-3.3378362e-06,3.7119373e-06,3.5248526e-05,-4.098453e-06,-3.6352566e-07,4.7357113e-07,-3.097567e-06,-3.452865e-08,-3.8796993e-06,1.06881174e-07,-7.287268e-05,-5.529276e-09,5.1555748e-05,-1.3626315e-06,6.8255163e-06,-9.324796e-05,3.047467e-08,-6.206236e-06,6.9385874e-07,-6.680902e-05,4.961369e-07,-5.805989e-06,4.2663706e-07,-1.9392397e-05,2.2238511e-07,-3.4951622e-09,-2.432014e-05,2.123305e-06,5.514117e-05,9.3588615e-06,-2.6279008e-06,-3.88054e-07,3.3891694e-05,1.0341643e-07,-1.1362175e-05,6.945355e-06,-4.141676e-07,-7.073833e-07,-1.13626365e-05,1.15403645e-05,5.449617e-07,0.00011372986,3.014024e-06,-2.6406331e-05,2.1406257e-05,-9.374016e-06,0.00016222177,3.8075027e-06,-2.040805e-05,5.1864423e-05,-6.4686606e-07,1.2984787e-05,4.990542e-06,1.1732417e-08,1.0368637e-05,-6.45784e-07,1.0260686e-06,8.711884e-06,2.0299136e-05,-9.709333e-05,-2.2267011e-05,0.0001429878,3.0441563e-06,2.6145072e-08,-2.0753494e-05
TCGA-CN-6988-01A,3.871748e-05,-0.0,0.00022602218,1.6878101e-07,-1.21787125e-05,-9.05527e-06,-0.000305796,-2.3178145e-05,-7.498025e-07,3.2844596e-06,-1.8935017e-08,6.957844e-05,-9.107317e-07,3.2400555e-07,-5.0969896e-07,-2.5325003e-06,-1.6449094e-06,-2.0778714e-05,-7.474679e-06,1.4597369e-08,-1.3468836e-05,3.999279e-05,6.69636e-05,-8.253627e-05,-5.91892e-07,1.3430913e-06,3.3427277e-06,-1.02495385e-07,3.9044876e-06,5.6796216e-06,-5.771545e-07,-2.0447955e-05,3.067779e-07,-7.302208e-06,-2.863745e-07,-1.0654456e-05,-9.3761955e-05,5.076346e-07,-1.2330433e-09,-1.5060069e-08,-6.8823797e-06,7.3101175e-05,1.5814509e-06,-2.7102437e-06,4.852214e-06,7.7452546e-07,8.988216e-07,6.154411e-10,-1.3517251e-07,-2.5012787e-08,6.755881e-09,-6.417044e-08,-5.6935496e-05,-7.897542e-06,-7.1727745e-06,-6.725794e-08,0.0,4.9978353e-06,-4.1112658e-06,0.0,-6.8310046e-06,-9.372125e-06,-2.7365633e-05,-1.90343e-05,7.034206e-07,-6.3931296e-09,3.9098644e-08,-9.735913e-05,5.766425e-05,1.2076855e-05,5.3680346e-08,1.2335072e-09,-6.8758544e-07,4.2895294e-06,1.7449333e-05,-2.359107e-06,-3.124069e-06,1.3229998e-08,9.320183e-07,0.00014100393,-1.0556973e-08,4.1562558e-07,-1.6352013e-05,4.3119844e-06,5.0588493e-05,-8.619867e-06,1.3069756e-06,6.6690075e-07,-1.6150881e-06,-3.474345e-08,-1.2952017e-05,1.7748006e-07,-7.8038676e-05,-7.024583e-08,7.8375524e-05,-1.731095e-06,2.4636097e-06,-9.01513e-05,2.3806985e-08,-1.3359416e-06,8.0745315e-07,-8.209308e-05,2.9994996e-07,-4.227773e-06,6.4369715e-07,-2.1277823e-05,1.4685261e-07,-3.6833072e-09,-1.4959645e-05,2.3191906e-06,6.5873224e-05,1.0190552e-05,3.2636617e-08,-3.1828685e-07,3.1320116e-05,2.7234483e-07,-1.0682288e-05,1.7950651e-05,-4.790822e-07,-8.4228884e-07,-1.3071763e-05,6.018652e-07,6.663876e-07,0.00011683015,4.7239096e-06,-2.4578563e-05,2.0159045e-05,-8.622832e-06,0.00012922485,9.915789e-07,-2.1141266e-05,6.002882e-05,-6.2091397e-07,1.0995557e-05,7.169708e-06,6.8221713e-09,9.224512e-06,-5.1803636e-07,5.1441875e-06,7.779192e-06,2.3209444e-05,-7.822146e-05,-2.010906e-05,0.00013319969,2.7872475e-06,1.5686145e-07,-1.2154205e-05
TCGA-CN-6988-01A,3.871748e-05,-0.0,0.00022602218,1.6878101e-07,-1.21787125e-05,-9.05527e-06,-0.000305796,-2.3178145e-05,-7.498025e-07,3.2844596e-06,-1.8935017e-08,6.957844e-05,-9.107317e-07,3.2400555e-07,-5.0969896e-07,-2.5325003e-06,-1.6449094e-06,-2.0778714e-05,-7.474679e-06,1.4597369e-08,-1.3468836e-05,3.999279e-05,6.69636e-05,-8.253627e-05,-5.91892e-07,1.3430913e-06,3.3427277e-06,-1.02495385e-07,3.9044876e-06,5.6796216e-06,-5.771545e-07,-2.0447955e-05,3.067779e-07,-7.302208e-06,-2.863745e-07,-1.0654456e-05,-9.3761955e-05,5.076346e-07,-1.2330433e-09,-1.5060069e-08,-6.8823797e-06,7.3101175e-05,1.5814509e-06,-2.7102437e-06,4.852214e-06,7.7452546e-07,8.988216e-07,6.154411e-10,-1.3517251e-07,-2.5012787e-08,6.755881e-09,-6.417044e-08,-5.6935496e-05,-7.897542e-06,-7.1727745e-06,-6.725794e-08,0.0,4.9978353e-06,-4.1112658e-06,0.0,-6.8310046e-06,-9.372125e-06,-2.7365633e-05,-1.90343e-05,7.034206e-07,-6.3931296e-09,3.9098644e-08,-9.735913e-05,5.766425e-05,1.2076855e-05,5.3680346e-08,1.2335072e-09,-6.8758544e-07,4.2895294e-06,1.7449333e-05,-2.359107e-06,-3.124069e-06,1.3229998e-08,9.320183e-07,0.00014100393,-1.0556973e-08,4.1562558e-07,-1.6352013e-05,4.3119844e-06,5.0588493e-05,-8.619867e-06,1.3069756e-06,6.6690075e-07,-1.6150881e-06,-3.474345e-08,-1.2952017e-05,1.7748006e-07,-7.8038676e-05,-7.024583e-08,7.8375524e-05,-1.731095e-06,2.4636097e-06,-9.01513e-05,2.3806985e-08,-1.3359416e-06,8.0745315e-07,-8.209308e-05,2.9994996e-07,-4.227773e-06,6.4369715e-07,-2.1277823e-05,1.4685261e-07,-3.6833072e-09,-1.4959645e-05,2.3191906e-06,6.5873224e-05,1.0190552e-05,3.2636617e-08,-3.1828685e-07,3.1320116e-05,2.7234483e-07,-1.0682288e-05,1.7950651e-05,-4.790822e-07,-8.4228884e-07,-1.3071763e-05,6.018652e-07,6.663876e-07,0.00011683015,4.7239096e-06,-2.4578563e-05,2.0159045e-05,-8.622832e-06,0.00012922485,9.915789e-07,-2.1141266e-05,6.002882e-05,-6.2091397e-07,1.0995557e-05,7.169708e-06,6.8221713e-09,9.224512e-06,-5.1803636e-07,5.1441875e-06,7.779192e-06,2.3209444e-05,-7.822146e-05,-2.010906e-05,0.00013319969,2.7872475e-06,1.5686145e-07,-1.2154205e-05
TCGA-CN-6989-01A,2.970809e-05,-6.6526223e-10,0.00023787488,5.4651337e-06,-4.0510986e-05,-1.1660784e-05,-0.00030967945,-1.8156574e-05,-9.123958e-07,4.9127884e-06,9.921449e-07,6.441011e-05,-9.073416e-07,3.3375522e-07,-5.5818236e-07,-2.2868926e-06,-1.510039e-06,-1.4617326e-05,-1.630235e-06,1.0490414e-07,-1.358459e-05,3.1261407e-05,6.432877e-05,-5.2336844e-05,-5.222323e-07,1.0455958e-06,2.7529397e-06,-2.3908396e-07,3.9887805e-06,6.285757e-06,-6.6565406e-07,-1.4717069e-05,4.7165298e-07,-3.91378e-06,4.9226246e-06,-1.0151213e-05,-8.260929e-05,5.600825e-07,-2.9045128e-07,8.113743e-09,-7.609564e-06,7.9836806e-05,8.6036357e-07,-2.369308e-06,3.0074723e-06,3.7076027e-06,9.244813e-07,2.2649856e-10,-2.3222539e-07,-3.6868716e-08,3.6018644e-08,-6.272256e-08,-5.7897407e-05,-9.740146e-06,-7.1771065e-06,-4.9056442e-08,0.0,-6.444038e-07,-4.4090175e-06,0.0,-5.8605197e-06,-1.0999999e-05,-2.9734583e-05,-1.7042526e-05,9.4896393e-07,-5.1170934e-09,4.298277e-08,-9.0053516e-05,6.897798e-05,1.2623545e-05,5.8737502e-08,-2.7331732e-09,-6.859841e-07,1.5639469e-05,1.718125e-05,-2.3047207e-06,-6.670836e-08,1.6720797e-08,-1.2186668e-05,0.00013677118,9.4967355e-08,9.403225e-06,-1.673502e-05,3.8770722e-06,1.6962136e-05,-3.4096163e-06,-5.183613e-07,4.6530326e-07,3.5167977e-06,-3.5008984e-08,1.3562413e-05,2.0880714e-07,-7.601807e-05,-3.0188563e-08,7.0022565e-05,-2.1930678e-06,2.580276e-06,-8.770551e-05,2.6573282e-06,-8.979931e-06,6.7306155e-07,-9.503941e-05,-1.29396e-07,-2.880784e-06,5.416439e-07,-2.2668903e-05,1.9337182e-07,-3.307123e-09,-1.5091449e-05,1.9000912e-06,6.2377076e-05,9.7765815e-06,1.9141753e-06,-3.5443884e-07,3.5402736e-05,2.2147961e-07,-1.1017202e-05,1.0418971e-05,-4.962016e-07,-8.6986813e-07,-1.6098455e-05,1.6412412e-05,2.5402778e-07,0.00013330209,3.1778275e-06,-2.746732e-05,2.2257127e-05,-1.7891885e-05,0.00014548235,2.2066856e-06,-2.1058226e-05,5.027659e-05,-5.430119e-07,1.3268317e-05,3.7784405e-06,1.017894e-07,1.2738866e-05,-7.687942e-07,4.5385696e-06,6.064023e-06,2.234453e-05,-9.69467e-05,-2.7797929e-05,0.00013361014,1.1721208e-06,2.9873476e-08,-1.23589125e-05
TCGA-CN-6997-01A,3.1402018e-05,-0.0,0.0002365309,1.1977628e-08,-1.9961035e-05,-1.16874135e-05,-0.00034067003,-1.8948827e-05,-5.799323e-07,5.2266105e-06,4.308456e-07,6.0930954e-05,-6.8172443e-07,3.387356e-07,-6.7923247e-07,-2.4693945e-06,-1.7328028e-07,-1.534986e-05,-6.3249636e-06,4.989087e-08,-1.25059705e-05,3.1496475e-05,6.765356e-05,-6.673508e-05,-6.190655e-07,1.2712322e-06,2.9796277e-06,-2.0814011e-07,3.9796705e-06,6.2897507e-06,6.484988e-07,-2.0609494e-05,1.7464957e-07,-4.6754562e-06,-4.6736474e-07,-9.623369e-06,-6.438586e-05,5.4651406e-07,-1.7275023e-07,-1.1885246e-08,-7.798174e-06,9.025691e-05,6.926045e-07,-2.0417153e-06,4.8884167e-06,5.980137e-06,9.657953e-07,3.3427874e-10,-1.5023257e-07,-3.2951352e-08,1.906715e-08,-5.6889792e-08,-4.3266748e-05,-9.941603e-06,-1.0568667e-05,-5.2924026e-08,0.0,9.990105e-07,-5.2711102e-06,0.0,-7.868257e-06,-1.7914064e-05,-2.3073466e-05,-1.7594495e-05,1.1437036e-06,-1.066627e-09,4.9345296e-08,-0.00012481696,6.711278e-05,1.1811554e-05,1.0158138e-07,1.0935546e-08,-6.580572e-07,7.31169e-06,1.8188359e-05,-1.9421484e-06,1.5323386e-06,1.4868446e-08,-7.981534e-06,0.00013644644,4.269848e-08,8.141874e-06,-1.783022e-05,3.6731874e-06,3.7841863e-05,2.679908e-07,-1.2692481e-06,4.2914183e-07,3.7043853e-06,-3.5051567e-08,-9.151028e-06,8.8191825e-08,-8.076452e-05,-5.810104e-08,6.0036225e-05,-2.0951452e-06,2.3139174e-07,-0.000106330466,7.2181786e-07,-9.282883e-06,5.8732235e-07,-9.599985e-05,5.5779725e-07,-5.9867007e-06,3.2276918e-07,-2.3357972e-05,6.9911556e-07,-3.4980032e-09,-2.1510852e-05,1.5403074e-06,6.250446e-05,8.709346e-06,2.3708017e-06,-3.5399066e-07,3.430296e-05,1.0833364e-07,-1.0188486e-05,4.0089926e-06,-4.1944315e-07,-7.370928e-07,-1.5426014e-05,1.6447368e-05,7.4045744e-07,0.00012207314,2.3159246e-06,-2.6475356e-05,2.1844893e-05,-2.3189246e-05,0.00013965639,8.0616155e-07,-2.3543716e-05,6.266152e-05,-5.3743304e-07,1.2371745e-05,4.0251293e-06,3.3308442e-08,1.2325207e-05,-5.6462153e-07,-3.7518223e-06,7.701007e-06,2.2902143e-05,-0.00010682475,-3.190658e-05,0.00014152414,5.973133e-07,2.6489419e-08,-1.558876e-05
TCGA-CN-A63U-01A,3.7342328e-05,-0.0,0.00019835884,4.571966e-07,-1.5580263e-05,-1.4499776e-05,-0.000304917,-1.6970886e-05,-9.0408264e-07,3.8376706e-06,1.4729117e-06,7.281644e-05,-8.155146e-07,2.6812077e-07,-4.843945e-07,-2.4099104e-06,-1.5536796e-06,-1.41184455e-05,-4.951301e-06,4.9354827e-07,-1.2287896e-05,4.1268744e-05,6.7283145e-05,-9.2132825e-05,-6.251937e-07,1.4885474e-06,2.9513612e-06,-1.3279305e-07,3.388697e-06,6.0679276e-06,-2.7892023e-07,1.9089957e-06,5.9949605e-07,-3.983024e-06,-3.5779868e-07,-9.418041e-06,-4.6410845e-05,5.57582e-07,-4.2064137e-08,4.05588e-09,-6.014013e-06,7.0818314e-05,9.3160115e-06,-2.0403684e-06,5.8389173e-06,3.6699241e-06,1.0582612e-06,1.0505162e-09,-2.4322404e-07,-2.3033515e-08,5.097333e-09,-6.0946995e-08,-6.0965514e-05,-9.398197e-06,-3.726449e-06,-8.2415546e-08,0.0,6.0407075e-07,-5.2161163e-06,0.0,-1.2539591e-05,-1.4093253e-05,-3.228164e-05,-1.4012878e-05,8.724216e-07,-9.806739e-09,3.9385228e-08,-0.00010779869,5.0540595e-05,1.3018401e-05,1.4873814e-07,8.8154933e-10,-4.7490354e-07,1.2817335e-05,1.4870355e-05,-1.3858344e-06,-1.3012103e-06,1.3930595e-08,3.121297e-06,0.00012894823,-1.854399e-08,4.7472735e-05,-1.1455763e-05,3.6489598e-06,3.0408084e-05,5.512983e-06,3.2507878e-06,8.178287e-08,-3.2210403e-06,-3.5058445e-08,-2.718559e-05,5.783694e-09,-7.836224e-05,-7.837019e-08,4.5526955e-05,-1.7788451e-06,1.9647464e-06,-9.513195e-05,-3.170994e-07,-1.2843578e-06,5.768317e-07,-8.244439e-05,9.182533e-07,-3.7909138e-06,9.891374e-07,-2.1147449e-05,2.8326727e-07,-4.157215e-09,-9.5371515e-06,2.05768e-06,6.451031e-05,7.905978e-06,2.5913364e-06,-3.8289954e-07,3.106003e-05,-8.31722e-09,-1.7841436e-05,-7.790031e-06,-4.6434525e-07,-3.3296763e-07,-1.2495658e-05,7.311317e-06,8.206338e-07,0.00012877719,6.0509174e-06,-2.474473e-05,1.7640277e-05,-2.3017592e-05,0.000106774794,3.48962e-06,-1.6134458e-05,5.392671e-05,-8.1873844e-07,9.820865e-06,2.5869429e-06,1.7056913e-09,3.2279047e-06,-5.2650483e-07,-1.5156874e-06,7.5502344e-06,2.4419915e-05,-6.0334663e-05,-2.2328044e-05,0.00014957915,-4.124312e-06,4.077615e-08,-5.9324298e-06
TCGA-CN-A63U-01A,3.7342328e-05,-0.0,0.00019835884,4.571966e-07,-1.5580263e-05,-1.4499776e-05,-0.000304917,-1.6970886e-05,-9.0408264e-07,3.8376706e-06,1.4729117e-06,7.281644e-05,-8.155146e-07,2.6812077e-07,-4.843945e-07,-2.4099104e-06,-1.5536796e-06,-1.41184455e-05,-4.951301e-06,4.9354827e-07,-1.2287896e-05,4.1268744e-05,6.7283145e-05,-9.2132825e-05,-6.251937e-07,1.4885474e-06,2.9513612e-06,-1.3279305e-07,3.388697e-06,6.0679276e-06,-2.7892023e-07,1.9089957e-06,5.9949605e-07,-3.983024e-06,-3.5779868e-07,-9.418041e-06,-4.6410845e-05,5.57582e-07,-4.2064137e-08,4.05588e-09,-6.014013e-06,7.0818314e-05,9.3160115e-06,-2.0403684e-06,5.8389173e-06,3.6699241e-06,1.0582612e-06,1.0505162e-09,-2.4322404e-07,-2.3033515e-08,5.097333e-09,-6.0946995e-08,-6.0965514e-05,-9.398197e-06,-3.726449e-06,-8.2415546e-08,0.0,6.0407075e-07,-5.2161163e-06,0.0,-1.2539591e-05,-1.4093253e-05,-3.228164e-05,-1.4012878e-05,8.724216e-07,-9.806739e-09,3.9385228e-08,-0.00010779869,5.0540595e-05,1.3018401e-05,1.4873814e-07,8.8154933e-10,-4.7490354e-07,1.2817335e-05,1.4870355e-05,-1.3858344e-06,-1.3012103e-06,1.3930595e-08,3.121297e-06,0.00012894823,-1.854399e-08,4.7472735e-05,-1.1455763e-05,3.6489598e-06,3.0408084e-05,5.512983e-06,3.2507878e-06,8.178287e-08,-3.2210403e-06,-3.5058445e-08,-2.718559e-05,5.783694e-09,-7.836224e-05,-7.837019e-08,4.5526955e-05,-1.7788451e-06,1.9647464e-06,-9.513195e-05,-3.170994e-07,-1.2843578e-06,5.768317e-07,-8.244439e-05,9.182533e-07,-3.7909138e-06,9.891374e-07,-2.1147449e-05,2.8326727e-07,-4.157215e-09,-9.5371515e-06,2.05768e-06,6.451031e-05,7.905978e-06,2.5913364e-06,-3.8289954e-07,3.106003e-05,-8.31722e-09,-1.7841436e-05,-7.790031e-06,-4.6434525e-07,-3.3296763e-07,-1.2495658e-05,7.311317e-06,8.206338e-07,0.00012877719,6.0509174e-06,-2.474473e-05,1.7640277e-05,-2.3017592e-05,0.000106774794,3.48962e-06,-1.6134458e-05,5.392671e-05,-8.1873844e-07,9.820865e-06,2.5869429e-06,1.7056913e-09,3.2279047e-06,-5.2650483e-07,-1.5156874e-06,7.5502344e-06,2.4419915e-05,-6.0334663e-05,-2.2328044e-05,0.00014957915,-4.124312e-06,4.077615e-08,-5.9324298e-06
TCGA-CN-A641-01A,3.578174e-05,-0.0,0.00018501197,6.034628e-08,-3.5268633e-05,-1.1234375e-05,-0.00032010526,-1.8666615e-05,-1.1043633e-06,9.2043155e-07,1.1181237e-06,8.1622406e-05,-8.219935e-07,2.8527936e-07,-5.065372e-07,-2.4130104e-06,-1.8438276e-06,-1.0988357e-05,-6.4333663e-06,1.00146366e-07,-1.2110542e-05,3.4818193e-05,6.950857e-05,-6.310264e-05,-2.516709e-07,1.000403e-06,3.2817584e-06,-2.61019e-07,3.9599004e-06,6.174606e-06,6.59549e-07,-1.3118434e-05,6.9168394e-08,-1.8907181e-06,9.209751e-08,-8.592065e-06,-2.63354e-05,4.3681402e-07,-1.6473089e-07,-1.1878546e-08,-7.906035e-06,6.0532777e-05,2.9198761e-06,-2.3965977e-06,1.6113277e-06,1.0996773e-06,1.0498737e-06,2.346529e-10,-9.306895e-08,-2.4584967e-08,4.411046e-08,-6.5866786e-08,-4.5960755e-05,-1.047475e-05,-2.3109976e-06,-2.3894325e-08,0.0,-1.0201039e-05,-4.7130507e-06,0.0,-2.8390732e-06,-9.202667e-06,-2.4524552e-05,-8.756228e-06,5.959724e-07,-8.5258406e-10,3.078404e-08,-8.8743356e-05,4.473455e-05,1.2357579e-05,3.377383e-08,6.850796e-08,-4.3001006e-07,-9.148878e-06,1.9585197e-05,-1.1529675e-06,1.1904145e-06,1.172552e-08,2.7639735e-06,0.00012949412,5.2259697e-08,1.5715183e-05,-1.7689923e-05,3.4042637e-06,2.9632229e-05,-1.2215087e-05,1.0346688e-06,1.3914143e-06,-4.5772676e-06,-3.4031594e-08,9.290129e-06,5.742977e-08,-7.947054e-05,4.8386923e-08,6.9604954e-05,-1.3279245e-06,5.4586108e-06,-6.161877e-05,3.272813e-08,-3.2657733e-06,7.7834835e-07,-7.3824514e-05,7.022899e-07,-6.6367547e-06,2.9422506e-07,-2.3770257e-05,-1.16289565e-08,-3.8729815e-09,-1.5772495e-05,7.3353044e-07,6.90152e-05,1.1069881e-05,4.2556103e-06,-2.6844734e-07,3.0210462e-05,1.0781305e-07,-9.071889e-06,4.264494e-06,-4.5317466e-07,-3.3339361e-07,-1.2252073e-05,7.977084e-06,2.603947e-07,0.000121031735,4.226537e-06,-1.9768497e-05,1.8899715e-05,-1.1302004e-05,0.000130933,3.871329e-06,-1.2301207e-05,3.9131926e-05,-4.7372586e-07,9.107195e-06,4.8445527e-06,1.4928131e-09,1.0472208e-05,-4.2266083e-07,-1.2977656e-05,7.753571e-06,1.866027e-05,-0.00011316932,-9.538566e-06,0.00012696156,6.7745254e-06,8.36519e-08,-7.1356e-06
TCGA-CN-A641-01A,3.578174e-05,-0.0,0.00018501197,6.034628e-08,-3.5268633e-05,-1.1234375e-05,-0.00032010526,-1.8666615e-05,-1.1043633e-06,9.2043155e-07,1.1181237e-06,8.1622406e-05,-8.219935e-07,2.8527936e-07,-5.065372e-07,-2.4130104e-06,-1.8438276e-06,-1.0988357e-05,-6.4333663e-06,1.00146366e-07,-1.2110542e-05,3.4818193e-05,6.950857e-05,-6.310264e-05,-2.516709e-07,1.000403e-06,3.2817584e-06,-2.61019e-07,3.9599004e-06,6.174606e-06,6.59549e-07,-1.3118434e-05,6.9168394e-08,-1.8907181e-06,9.209751e-08,-8.592065e-06,-2.63354e-05,4.3681402e-07,-1.6473089e-07,-1.1878546e-08,-7.906035e-06,6.0532777e-05,2.9198761e-06,-2.3965977e-06,1.6113277e-06,1.0996773e-06,1.0498737e-06,2.346529e-10,-9.306895e-08,-2.4584967e-08,4.411046e-08,-6.5866786e-08,-4.5960755e-05,-1.047475e-05,-2.3109976e-06,-2.3894325e-08,0.0,-1.0201039e-05,-4.7130507e-06,0.0,-2.8390732e-06,-9.202667e-06,-2.4524552e-05,-8.756228e-06,5.959724e-07,-8.5258406e-10,3.078404e-08,-8.8743356e-05,4.473455e-05,1.2357579e-05,3.377383e-08,6.850796e-08,-4.3001006e-07,-9.148878e-06,1.9585197e-05,-1.1529675e-06,1.1904145e-06,1.172552e-08,2.7639735e-06,0.00012949412,5.2259697e-08,1.5715183e-05,-1.7689923e-05,3.4042637e-06,2.9632229e-05,-1.2215087e-05,1.0346688e-06,1.3914143e-06,-4.5772676e-06,-3.4031594e-08,9.290129e-06,5.742977e-08,-7.947054e-05,4.8386923e-08,6.9604954e-05,-1.3279245e-06,5.4586108e-06,-6.161877e-05,3.272813e-08,-3.2657733e-06,7.7834835e-07,-7.3824514e-05,7.022899e-07,-6.6367547e-06,2.9422506e-07,-2.3770257e-05,-1.16289565e-08,-3.8729815e-09,-1.5772495e-05,7.3353044e-07,6.90152e-05,1.1069881e-05,4.2556103e-06,-2.6844734e-07,3.0210462e-05,1.0781305e-07,-9.071889e-06,4.264494e-06,-4.5317466e-07,-3.3339361e-07,-1.2252073e-05,7.977084e-06,2.603947e-07,0.000121031735,4.226537e-06,-1.9768497e-05,1.8899715e-05,-1.1302004e-05,0.000130933,3.871329e-06,-1.2301207e-05,3.9131926e-05,-4.7372586e-07,9.107195e-06,4.8445527e-06,1.4928131e-09,1.0472208e-05,-4.2266083e-07,-1.2977656e-05,7.753571e-06,1.866027e-05,-0.00011316932,-9.538566e-06,0.00012696156,6.7745254e-06,8.36519e-08,-7.1356e-06
TCGA-CR-7398-01A,4.193637e-05,-0.0,0.0002445511,-1.0774796e-06,-2.052781e-05,-1.4035028e-05,-0.00032693343,-2.5304294e-05,-9.131395e-07,5.7365974e-06,1.6594848e-07,5.3100743e-05,-9.1981207e-07,2.66828e-07,-5.20801e-07,-2.3819825e-06,1.5827966e-07,-2.6516482e-05,-5.6283106e-06,2.9957138e-07,-1.683096e-05,3.5581303e-05,6.7863875e-05,-3.6928166e-05,-5.755444e-07,8.2821686e-07,3.212591e-06,-2.092662e-07,4.036653e-06,6.299545e-06,-3.2611638e-06,-1.910342e-05,3.0067758e-07,-6.914206e-06,-9.638381e-07,-7.658388e-06,-6.820519e-05,6.617889e-07,-6.387378e-08,1.4512784e-09,-5.9495324e-06,7.003914e-05,8.028173e-07,-2.0181415e-06,8.862853e-06,4.0045197e-06,-3.9963706e-07,5.7172955e-10,-3.7723072e-07,-3.342349e-08,2.7978393e-08,-6.2534255e-08,-5.6022283e-05,-1.14909335e-05,-1.2170146e-05,-3.2413364e-08,0.0,-1.052281e-06,-6.8748764e-06,0.0,-9.18452e-06,-2.2363713e-05,-1.7747157e-05,-1.364747e-05,2.8020872e-07,-3.845016e-09,4.429676e-08,-0.00012685767,7.3151794e-05,1.2630185e-05,1.07628196e-07,-9.892402e-09,-4.0385788e-07,1.534017e-05,1.9081239e-05,-1.7994572e-06,-8.044421e-07,6.280668e-09,-5.296103e-06,0.00014709764,4.640927e-08,9.780196e-06,-9.50725e-06,5.2022165e-06,2.5673413e-05,-1.0930964e-06,8.1811316e-07,-2.6412738e-07,8.283191e-07,-3.480966e-08,-4.3646283e-05,8.628163e-09,-7.3630225e-05,-1.1155007e-07,1.1333525e-05,-2.6047258e-06,2.7323517e-06,-9.0675836e-05,1.2347988e-06,-4.9859364e-06,8.5064784e-07,-0.00010834727,-6.2237284e-08,-4.439457e-06,1.1986639e-06,-2.4470075e-05,2.1589014e-07,-3.2187515e-09,-1.9733248e-05,2.2898762e-06,4.3182634e-05,9.472968e-06,5.968708e-06,-2.8404347e-07,3.0310428e-05,1.5410683e-07,-1.9157875e-05,1.4765041e-05,-4.6908525e-07,-6.2930474e-07,-1.4622741e-05,8.555621e-06,7.7700975e-07,0.00012800307,6.4255573e-06,-2.8074506e-05,2.2470816e-05,-2.2773003e-05,0.000115326366,1.3838415e-06,-2.8355358e-05,5.392719e-05,-6.002585e-07,9.5861815e-06,3.4226646e-06,6.4766304e-08,1.1830565e-05,-5.50209e-07,-1.0713809e-06,9.706308e-06,2.186113e-05,-0.000111614536,-2.1881257e-05,0.00013877799,8.4269817e-07,1.7842218e-08,-1.1787756e-05
TCGA-CV-5432-01A,3.8597766e-05,-0.0,0.00019825793,1.9318703e-07,-3.9709263e-05,-6.05256e-06,-0.00033142313,-2.8821147e-05,-9.885915e-07,3.6357749e-06,2.0107152e-06,7.879923e-05,-6.95734e-07,2.8631322e-07,-4.323286e-07,-2.3145099e-06,-1.6112614e-06,-1.4622253e-05,-2.3865427e-06,3.829331e-09,-1.4660136e-05,2.8886996e-05,3.8624003e-05,-4.8421825e-05,-6.1486344e-07,1.2344591e-06,3.3505032e-06,-1.07655914e-07,3.9972224e-06,6.1918277e-06,8.658076e-07,-9.308546e-06,5.546454e-07,-1.847235e-06,8.0812356e-07,-1.0329524e-05,-6.6579305e-05,5.0070526e-07,-1.0496719e-07,1.7396775e-09,-6.772996e-06,6.0209677e-05,1.0324427e-06,-8.1554356e-07,4.1039666e-06,3.273101e-06,1.1142065e-06,5.172393e-10,-1.8559128e-07,-1.7820021e-08,1.1865704e-08,-6.2275504e-08,-5.138041e-05,-1.0225718e-05,-6.5730674e-06,-1.4973605e-08,0.0,-9.858416e-07,-4.5689676e-06,0.0,-4.967267e-06,-8.455994e-06,-1.8413693e-05,-1.692852e-05,9.0906957e-07,-8.533931e-10,3.8682618e-08,-8.637863e-05,5.0831863e-05,1.2795585e-05,1.9676513e-08,7.9398754e-10,-6.108709e-07,-7.579869e-06,1.8450404e-05,-2.879821e-06,-1.0605607e-06,1.5452562e-08,-5.7050784e-06,0.00013213369,6.51998e-08,1.0517573e-05,-1.8507115e-05,3.970216e-06,3.001492e-05,1.9184338e-06,-3.5528772e-06,1.3885068e-06,1.7874256e-06,-3.4792787e-08,4.642778e-06,8.579078e-08,-7.219429e-05,2.4220508e-08,6.668158e-05,-1.4970559e-06,-1.2780493e-05,-9.886546e-05,4.5021963e-08,-5.6761464e-06,8.44811e-07,-4.8270704e-05,3.7237035e-07,-8.443685e-06,5.1220013e-07,-2.334896e-05,5.0953034e-08,-3.8767154e-09,-1.870655e-05,1.3675675e-06,5.3863052e-05,1.1419262e-05,5.8669434e-06,-3.2222508e-07,2.731797e-05,5.2190796e-08,-1.2566976e-05,1.31850275e-05,-4.5279333e-07,-4.7939795e-07,-1.2222251e-05,1.062294e-05,1.734743e-07,0.00013307288,2.1656176e-06,-2.5907548e-05,1.9828574e-05,-1.676505e-05,0.00013332082,-3.3842124e-07,-3.0499008e-05,5.2492767e-05,-5.1616854e-07,1.1333506e-05,4.601743e-06,8.967642e-09,1.0950231e-05,-1.5536094e-07,-5.043781e-06,8.59007e-06,2.1998309e-05,-9.726894e-05,-1.6416254e-05,0.00010628159,8.5020224e-07,6.298942e-08,-1.3486762e-05
TCGA-CV-5441-01A,3.308913e-05,-0.0,0.0001775149,1.10856476e-07,-2.5230294e-05,-1.0193706e-05,-0.00030921077,-1.6257869e-05,-9.456861e-07,3.5217888e-06,1.0663078e-06,7.579585e-05,-7.0005353e-07,3.805606e-07,-5.206543e-07,-2.4301353e-06,-1.7515916e-06,-6.1934466e-06,-4.9015484e-06,2.1791335e-08,-1.4657174e-05,3.6613445e-05,6.5627675e-05,-6.8396024e-05,-5.2515486e-07,2.8142965e-06,3.328288e-06,-2.3015744e-07,3.854388e-06,6.289803e-06,-1.6946386e-07,-4.8728016e-06,7.4762755e-07,-1.2437135e-06,-4.058775e-07,-1.2089617e-05,-5.411116e-05,4.970784e-07,-1.4072072e-07,2.3193354e-09,-6.4108212e-06,6.710457e-05,3.7766015e-06,-2.6494586e-06,4.8072015e-06,1.3820722e-06,8.360154e-07,2.4587682e-10,-1.7425008e-07,-2.7132765e-08,-8.8718505e-10,-6.1963995e-08,-5.374266e-05,-1.0066272e-05,-4.9547693e-06,-6.972187e-08,0.0,1.1110088e-05,-3.7117914e-06,0.0,-1.0965993e-05,-8.284448e-06,-1.840779e-05,-1.4542371e-05,6.4774656e-07,-0.0,4.2085837e-08,-0.00011380444,5.79905e-05,1.246354e-05,2.834217e-08,2.4702662e-09,-6.7686483e-07,-1.7027149e-06,1.8295332e-05,-1.4634296e-06,-5.2554633e-06,7.783586e-09,-4.634454e-06,0.00012827381,-1.0758213e-07,1.2785982e-06,-1.5263297e-05,3.862517e-06,2.5155101e-05,-3.5523983e-06,-2.1549754e-07,1.6640931e-06,-1.6725116e-06,-3.5115608e-08,-6.5810167e-07,3.8573824e-09,-7.2605086e-05,9.685006e-09,3.163517e-05,-2.1210396e-06,2.498626e-06,-7.76788e-05,1.7402105e-07,-1.4278835e-06,8.011978e-07,-0.00010457239,4.98017e-07,-8.216133e-06,3.6203176e-07,-1.9630997e-05,1.06976806e-07,-3.876247e-09,-9.6930235e-06,1.5494815e-06,7.099899e-05,1.15584735e-05,3.4266432e-06,-2.8934687e-07,3.2143253e-05,1.09457204e-07,-1.5543628e-05,1.4808635e-05,-3.1513423e-07,-5.659573e-07,-1.4234007e-05,1.875837e-06,3.4760902e-07,0.0001277358,1.4493484e-06,-2.7093896e-05,1.724119e-05,-3.1934633e-05,0.00012462182,-1.6268208e-06,-1.3335158e-05,4.84894e-05,-5.479214e-07,1.0589268e-05,5.788631e-06,1.6006956e-08,4.235999e-06,-6.829899e-07,-1.1105753e-05,7.340504e-06,2.2411512e-05,-8.536424e-05,-1.5064854e-05,0.00013724729,2.7105239e-06,1.6048256e-07,-1.2777116e-05
TCGA-CV-7101-01A,3.0382576e-05,-0.0,0.00020254699,2.4176197e-08,-3.404431e-05,-1.1134706e-05,-0.00027154168,-2.800074e-05,-9.036293e-07,1.5825351e-06,9.69279e-07,8.527158e-05,-7.146801e-07,2.723564e-07,-4.5129627e-07,-2.3616785e-06,-1.454482e-06,-1.7000862e-05,-4.5424495e-06,2.3588356e-08,-8.338343e-06,3.4236422e-05,6.7923174e-05,-7.132397e-05,-5.910804e-07,8.108035e-07,3.167982e-06,-8.5558625e-08,3.9460506e-06,6.2289437e-06,-1.4696386e-07,-1.0293545e-05,4.0703893e-07,-1.7345615e-06,-6.193751e-08,-1.01681835e-05,-9.016477e-05,4.7144266e-07,-1.7714021e-07,3.474315e-09,-7.1121967e-06,7.6527576e-05,1.8458601e-06,-2.342151e-06,4.5800375e-06,2.5480888e-06,1.0267468e-06,1.1868678e-10,-1.4978924e-07,-2.6510275e-08,9.9125145e-08,-6.8320674e-08,-6.211091e-05,-7.816787e-06,-4.046506e-06,-3.127385e-08,0.0,2.610781e-06,-3.6881731e-06,0.0,-3.82099e-06,-1.3719911e-05,-2.85516e-05,-1.5034806e-05,7.315411e-07,-8.521127e-10,3.879374e-08,-6.6696106e-05,5.740158e-05,1.2327757e-05,5.920168e-08,7.753627e-09,-4.976002e-07,1.0721643e-05,1.6564712e-05,-2.023777e-06,-7.785044e-07,1.1253589e-08,-6.505304e-07,0.00014176374,1.29926825e-08,5.645e-06,-1.6438778e-05,4.0127848e-06,4.531441e-05,-9.5659725e-06,-9.895847e-07,5.3700325e-07,1.8253127e-06,-3.4472706e-08,-1.03024995e-05,9.9057075e-08,-7.451549e-05,1.08384775e-07,4.7260066e-05,-2.0648774e-06,6.031944e-06,-7.157772e-05,4.133474e-07,-7.747227e-06,8.122966e-07,-3.816719e-05,6.0925794e-07,-5.901331e-06,4.6156518e-07,-1.2974148e-05,1.18740246e-07,-3.870793e-09,-2.261445e-05,1.4870487e-06,8.19498e-05,9.644216e-06,1.3387721e-07,-3.424094e-07,3.2324977e-05,1.06475404e-07,-1.070074e-05,-1.8751361e-08,-5.4605044e-07,-7.001981e-07,-1.1551459e-05,7.983383e-06,2.7291537e-07,0.00011853335,1.9492602e-06,-2.3558248e-05,1.7530243e-05,-9.186151e-06,0.00013515075,3.5326107e-06,-1.6594235e-05,4.4943754e-05,-5.501435e-07,1.0068013e-05,5.4573325e-06,1.7054752e-08,7.678742e-06,-5.424095e-07,-6.193911e-07,8.522077e-06,1.6054453e-05,-8.633061e-05,-2.4464822e-05,0.0001289398,3.573756e-06,5.5061392e-08,-1.3915807e-05
TCGA-CV-7245-01A,2.925168e-05,-0.0,0.00021572212,7.1291844e-09,-3.1747128e-05,-1.03367975e-05,-0.00031534873,-2.5581452e-05,-9.645527e-07,3.6600954e-06,1.1777469e-06,6.566309e-05,-9.790975e-07,3.65283e-07,-4.996767e-07,-2.4316662e-06,-7.251203e-07,-1.6275546e-05,-6.709817e-06,3.4406094e-07,-1.4393377e-05,3.6975274e-05,6.246745e-05,-4.73244e-05,-6.290283e-07,1.1024556e-06,3.4504358e-06,-1.0917914e-07,4.0011687e-06,6.2840804e-06,-2.224777e-07,-1.0684774e-05,1.9652211e-07,-4.0361133e-06,-2.138986e-07,-1.1878384e-05,-5.6366935e-05,4.3122472e-07,-2.397195e-07,9.848619e-09,-7.423774e-06,5.9686008e-05,1.5161395e-06,-1.8674247e-06,4.579901e-06,-2.10218e-07,9.812691e-07,1.3141771e-10,-1.5311795e-07,-4.077287e-08,6.3597994e-08,-6.842045e-08,-5.6109948e-05,-1.0068102e-05,-6.958815e-06,-6.124652e-08,0.0,-7.594771e-06,-4.0106024e-06,0.0,-4.60978e-06,-1.3884568e-05,-2.2973287e-05,-1.49169855e-05,4.816038e-07,-2.5575058e-09,3.597213e-08,-9.53008e-05,5.8562557e-05,1.211576e-05,3.46382e-08,-3.085042e-09,-7.4407706e-07,-1.1258129e-07,1.9178784e-05,-1.9145396e-06,1.910021e-06,9.866127e-09,-1.9585655e-06,0.00012458808,1.3946326e-08,9.537189e-06,-1.3367428e-05,4.1832654e-06,2.0652073e-05,-5.471627e-06,-2.7706486e-07,1.9470879e-06,2.594754e-07,-3.4520856e-08,-3.7469758e-06,9.78769e-08,-7.463259e-05,2.0202448e-07,7.360385e-05,-2.1675535e-06,-6.31026e-07,-7.157217e-05,2.3444179e-07,-2.2547204e-06,8.6063346e-07,-7.1008726e-05,2.0055695e-07,-7.1756936e-06,7.704297e-07,-2.1741585e-05,-2.128227e-08,-4.1559414e-09,-2.0200048e-05,2.2215195e-06,7.539286e-05,1.14202285e-05,2.44911e-06,-3.205408e-07,3.200692e-05,7.1313536e-08,-1.4242237e-05,1.7496182e-05,-3.7572465e-07,-8.6009146e-07,-1.5217847e-05,5.7370894e-06,5.6327036e-07,0.00011922971,4.260195e-06,-2.7150416e-05,1.7157206e-05,-1.8153878e-05,0.00015872423,3.1813097e-06,-1.8771127e-05,4.693788e-05,-5.7630405e-07,1.1668901e-05,5.9230338e-06,1.727569e-08,9.689185e-06,-1.7673591e-07,-6.159898e-07,8.572412e-06,2.1431295e-05,-9.9571866e-05,-1.9088877e-05,0.00013219554,2.2842084e-06,6.474852e-08,-7.1570144e-06
TCGA-CV-7245-11A,2.2772449e-05,-2.3440753e-08,0.00017472809,9.219272e-06,-3.1598865e-05,-8.730804e-06,-0.00015752605,-3.0565046e-05,-1.0187349e-06,3.016049e-06,-1.8336062e-06,9.343104e-05,-1.4554705e-06,3.4769667e-07,-3.551787e-07,-2.134352e-06,-2.6311166e-06,-3.5826124e-06,-1.8579449e-05,2.9608694e-07,-9.301236e-06,4.707961e-05,7.111824e-05,-7.509828e-05,-5.603413e-07,6.453771e-07,3.262539e-06,-1.0757803e-07,3.9138336e-06,5.5132177e-06,-1.8281409e-07,-1.2179753e-05,2.7670959e-07,-4.2952347e-06,5.831857e-06,-8.284491e-06,-1.3860117e-06,2.684929e-07,-2.402698e-07,1.18542856e-08,-2.6409352e-06,6.703048e-05,6.250329e-06,-2.6896294e-06,2.6814027e-06,3.1473091e-06,2.6457872e-06,1.4598679e-10,-1.4511285e-07,-3.0825785e-08,7.055117e-07,-6.4154804e-08,-4.034099e-05,-7.5837816e-06,-6.600957e-06,-5.0312245e-08,0.0,3.100636e-06,-3.844712e-06,0.0,-2.960226e-06,-9.092941e-06,-3.9172905e-05,-6.7578394e-06,7.3068554e-07,-8.93394e-09,3.763128e-08,-7.208478e-05,5.9560105e-05,1.32915975e-05,4.6938208e-08,2.0243105e-08,-4.8521366e-07,2.9889265e-05,1.66541e-05,-1.1690709e-06,-5.2778064e-06,1.262843e-08,-6.8166296e-06,0.00013053186,4.3389903e-08,6.2744343e-06,-1.5894588e-05,3.8143821e-06,3.7485748e-05,2.884629e-05,-1.5736529e-06,1.8387915e-06,1.527035e-05,-3.3764454e-08,1.784122e-06,4.3847783e-07,-7.1065086e-05,1.15852195e-07,8.8470755e-05,-1.043023e-06,6.807154e-06,-5.312167e-05,1.6363103e-06,-6.6762695e-06,6.016246e-07,-6.271352e-05,-2.831632e-07,-2.983066e-06,1.0777309e-06,-3.7791378e-06,1.7000598e-07,-3.865114e-09,-2.2537397e-05,1.2541627e-06,8.0754355e-05,1.0602072e-05,2.4739695e-06,-3.368083e-07,3.094722e-05,4.638025e-08,-8.8370225e-06,-1.0230945e-05,-4.362609e-07,-4.3534465e-07,-1.4670326e-05,8.933981e-06,9.430652e-07,0.00012174419,2.0664709e-06,-1.9848625e-05,9.939326e-06,-1.7549875e-05,8.052468e-05,5.4615957e-06,-1.4235194e-05,2.4857929e-05,-5.829409e-07,8.428649e-06,6.4441633e-06,5.9616916e-08,2.4299466e-06,-1.1308248e-07,1.0113223e-05,-3.6707104e-06,2.1384938e-05,-7.313022e-05,-2.6484537e-05,0.00014628166,5.197248e-06,1.5173939e-07,-9.299089e-06
TCGA-CV-7248-01A,3.630628e-05,-0.0,0.00022440887,7.9175976e-08,-2.4804993e-05,-9.871829e-06,-0.0003066517,-2.6452768e-05,-7.137649e-07,3.2631633e-06,9.4807024e-07,7.69231e-05,-7.8916725e-07,3.427595e-07,-3.848951e-07,-2.3664375e-06,-1.9111128e-06,-1.510201e-05,-2.7394397e-06,6.5801025e-08,-1.1679762e-05,3.897591e-05,6.957786e-05,-4.602762e-05,-5.817776e-07,8.749479e-07,2.9304508e-06,-1.25786e-07,3.9730344e-06,6.2147574e-06,-8.994652e-07,-1.3441314e-05,7.393813e-07,-1.0659392e-06,9.573126e-07,-9.634016e-06,-5.8826565e-05,4.8833164e-07,-2.3841974e-07,6.371525e-09,-6.637392e-06,7.47327e-05,3.0631024e-06,-2.574467e-06,4.283421e-06,2.2615973e-06,9.748695e-07,3.6057843e-10,-1.8277657e-07,-2.5919771e-08,4.618655e-08,-6.2819126e-08,-5.559581e-05,-8.302542e-06,-6.9756516e-06,-3.6131613e-08,0.0,-7.958335e-07,-4.8989746e-06,0.0,-1.1907311e-05,-1.4493256e-05,-2.2241033e-05,-1.8837078e-05,6.4269517e-07,-3.196075e-09,4.230237e-08,-0.000121591336,5.8787788e-05,1.2817164e-05,8.3988205e-08,1.3216979e-08,-5.7747803e-07,8.168258e-06,1.7434808e-05,-2.0258356e-06,-3.0096533e-07,1.5202792e-08,-2.5285149e-06,0.00013559242,3.5329904e-08,3.857158e-05,2.9747138e-08,3.7333787e-06,2.7852817e-05,-7.875109e-06,-9.592108e-07,2.5391967e-07,-1.4989495e-06,-3.4715686e-08,-4.2536353e-06,1.1310943e-07,-7.1410825e-05,2.136732e-07,3.7706744e-05,-1.6837448e-06,2.8538707e-06,-6.002706e-05,2.878497e-07,-5.3737454e-06,8.145844e-07,-7.4169664e-05,6.615124e-08,-5.1679417e-06,4.810679e-07,-1.8270488e-05,3.4358362e-07,-3.8715737e-09,-1.9429595e-05,5.251891e-07,7.3848336e-05,9.4288325e-06,3.6087242e-06,-2.8290074e-07,3.2430708e-05,9.677681e-08,-1.2547293e-05,1.228325e-05,-4.1140862e-07,-6.0815034e-07,-1.5753187e-05,1.0756326e-06,2.5963124e-07,0.00012647027,5.539168e-06,-2.6998938e-05,1.8825405e-05,-1.1039994e-05,0.0001338588,1.6074322e-06,-2.2944392e-05,5.113362e-05,-6.377154e-07,1.17174695e-05,6.91252e-06,2.1748534e-08,4.861157e-06,-4.7121364e-07,4.008232e-06,9.335733e-06,2.1133268e-05,-8.129439e-05,-2.2503555e-05,0.00013387384,2.9970288e-06,5.1488723e-08,-7.3952056e-06
TCGA-CV-7250-01A,2.9007859e-05,-0.0,0.00021908473,1.8428481e-07,-2.8210734e-05,-1.1980636e-05,-0.00032182882,-2.051186e-05,-1.0572628e-06,2.8457407e-06,1.2664751e-06,7.509528e-05,-8.3487083e-07,3.385702e-07,-6.299795e-07,-2.4356586e-06,-2.0151313e-06,-1.8783348e-05,-3.890649e-06,1.2456813e-08,-1.4543233e-05,3.6209163e-05,6.804537e-05,-6.703502e-05,-4.813476e-07,1.4424671e-06,3.2664414e-06,-1.1593817e-07,3.9376346e-06,6.282374e-06,-4.916206e-07,-1.706432e-05,2.7908746e-07,-4.1376e-06,-1.6330976e-07,-9.3793915e-06,-6.296655e-05,3.9963865e-07,-1.4515105e-07,1.3609497e-08,-7.308139e-06,6.524395e-05,2.0173497e-06,-2.9386556e-06,2.8451743e-06,3.2704113e-06,9.459862e-07,1.2398196e-10,-1.6508854e-07,-3.4687748e-08,1.7751516e-07,-6.254511e-08,-6.0918723e-05,-9.0652175e-06,-4.8204083e-06,-6.8821706e-08,0.0,9.107942e-06,-4.317284e-06,0.0,-4.4053504e-06,-1.2750687e-05,-2.8159779e-05,-1.7625385e-05,4.684348e-07,-8.522417e-10,3.6788762e-08,-0.00010111182,5.774696e-05,1.1530721e-05,8.856052e-08,-1.0307404e-08,-7.4872025e-07,-3.430206e-06,1.8612896e-05,-2.3320129e-06,1.5558848e-06,1.0558858e-08,1.7519113e-06,0.00012861061,2.4349825e-08,1.09247985e-05,-4.372418e-06,4.4370518e-06,4.752146e-05,-1.2200324e-05,5.1050375e-07,7.6973026e-07,4.912718e-07,-3.475931e-08,3.957378e-06,1.5292584e-07,-7.3646785e-05,1.0132135e-07,8.538069e-05,-2.1075848e-06,2.766295e-06,-9.404475e-05,-5.928772e-08,-3.5196592e-06,6.532705e-07,-6.1122024e-05,5.0839606e-07,-4.1839758e-06,3.8899162e-07,-1.509528e-05,-1.6023545e-08,-3.8713672e-09,2.7583626e-06,1.9905526e-06,7.191054e-05,1.0554855e-05,4.740983e-06,-3.4075234e-07,3.2783315e-05,3.509107e-07,-1.1961001e-05,1.3505071e-05,-4.0950118e-07,-6.8717003e-07,-1.3937589e-05,-2.3382793e-06,1.3434222e-06,0.00012764809,1.8190055e-06,-2.5508354e-05,1.4811992e-05,-1.2599338e-05,0.00014449841,2.006112e-06,-2.434249e-05,5.6930003e-05,-5.298069e-07,1.1465455e-05,5.8135115e-06,4.261683e-09,9.842237e-06,-3.32585e-07,-4.0726236e-06,7.94293e-06,2.3405673e-05,-6.774841e-05,-1.02192325e-05,0.00013258343,2.3354964e-06,3.1698807e-08,-8.982905e-06
TCGA-CV-7410-01A,2.3768143e-05,-0.0,0.00024812695,8.933113e-08,-4.4217144e-05,-1.1161679e-05,-0.00027584267,-2.405882e-05,-6.5163465e-07,3.7736618e-06,1.1389237e-06,7.356077e-05,-4.4928424e-07,3.7194923e-07,-5.6720654e-07,-2.2524653e-06,-1.8035661e-06,-1.4978446e-05,-3.3508186e-06,3.039331e-08,-1.3707968e-05,3.096322e-05,6.868956e-05,-6.337541e-05,-5.53725e-07,1.3069726e-06,2.876006e-06,-2.5764987e-07,3.9815727e-06,6.2792606e-06,-2.7849498e-07,-1.40647235e-05,5.910632e-07,-2.9042635e-06,-2.917665e-07,-1.0314682e-05,-3.949602e-05,5.2035534e-07,-2.7024552e-07,4.6329705e-09,-7.865777e-06,6.764623e-05,8.507271e-07,-2.4579028e-06,4.3551095e-06,3.706379e-06,7.074126e-07,1.735843e-10,-1.5000937e-07,-3.9846068e-08,6.633503e-08,-6.354194e-08,-5.5957968e-05,-8.551327e-06,-5.560121e-06,-2.1295584e-08,0.0,7.1159634e-06,-5.2775627e-06,0.0,-4.8615784e-06,-1.9710262e-05,-2.6634167e-05,-1.5284151e-05,7.6393343e-07,-4.260774e-09,3.3707078e-08,-8.2201885e-05,5.7622852e-05,1.2686834e-05,4.587595e-08,1.6298562e-08,-4.6702237e-07,4.6184552e-05,1.8005512e-05,-1.8373339e-06,-7.7882777e-07,1.33434686e-08,-4.6447203e-06,0.00013793855,4.440526e-08,2.017444e-06,-1.7204233e-05,4.3820573e-06,3.4537123e-05,-8.021469e-06,-6.929459e-07,2.1267751e-06,7.3388737e-06,-3.4804128e-08,2.6371936e-05,6.623576e-08,-7.120418e-05,6.74512e-08,4.3785752e-05,-1.8247251e-06,5.0930794e-06,-7.249598e-05,5.101907e-07,-8.327394e-06,6.4869477e-07,-7.0909635e-05,-4.1098932e-08,-3.8700878e-07,6.043163e-07,-1.8366525e-05,1.8940259e-06,-4.154226e-09,-2.5902109e-05,2.7264628e-06,6.855425e-05,1.0054317e-05,3.2552123e-06,-2.8340995e-07,3.2326396e-05,2.055971e-08,-1.0832823e-05,-1.1879404e-06,-3.9527242e-07,-6.228151e-07,-1.4922032e-05,5.761938e-06,8.628672e-08,0.00012180409,2.828316e-06,-2.6871783e-05,1.8720524e-05,-1.8096607e-05,0.00011306197,4.636535e-07,-1.8994142e-05,4.7419846e-05,-5.56745e-07,1.30309445e-05,8.003592e-06,2.9428458e-08,7.4285417e-06,-5.0547845e-07,1.057307e-07,1.0105203e-05,2.2745147e-05,-9.027969e-05,-1.9962712e-05,0.00016053833,1.5998381e-06,1.1711522e-07,-2.0643565e-05
TCGA-CV-7421-01A,3.2348908e-05,-0.0,0.00018352618,9.1178364e-08,-3.401681e-05,-1.1673564e-05,-0.00025395412,-2.5789686e-05,-9.626738e-07,4.6976156e-06,1.169644e-06,7.03684e-05,-9.2090363e-07,3.38681e-07,-4.6592646e-07,-2.3506163e-06,-1.0782634e-06,-1.5557094e-05,-4.369746e-06,1.0324568e-08,-1.2509506e-05,3.6111123e-05,6.849377e-05,-4.787535e-05,-5.290942e-07,1.4174036e-06,3.435216e-06,-1.844838e-07,3.9470465e-06,5.679043e-06,-1.9012438e-06,3.1204497e-06,8.579706e-07,-5.404728e-06,-6.2343577e-07,-9.269916e-06,-7.587029e-05,6.6348906e-07,-9.265625e-08,-3.1864196e-09,-6.568193e-06,7.498283e-05,1.3660168e-06,-1.9450697e-06,4.542142e-06,5.2881376e-07,9.811413e-07,1.6999002e-10,-1.8073746e-07,-1.5117436e-08,4.709157e-08,-6.542391e-08,-7.004623e-05,-9.198073e-06,-5.1831817e-06,-6.193949e-08,0.0,7.1752e-06,-5.1402776e-06,0.0,-8.313108e-06,-7.2831554e-06,-2.2462833e-05,-9.293951e-06,1.2269027e-06,-1.918431e-09,4.0782105e-08,-0.00011775991,6.183272e-05,1.2601042e-05,2.8151767e-08,2.6268301e-08,-4.0543964e-07,3.5119933e-06,1.7873444e-05,-2.7701951e-06,3.0468127e-06,1.5205927e-08,-5.9077825e-06,0.00013882243,8.625344e-08,3.1967093e-06,6.673453e-07,2.3407817e-06,4.460354e-05,3.2922766e-05,-1.2260142e-06,1.221968e-06,3.8307185e-06,-3.449811e-08,7.206434e-06,1.3549841e-07,-7.3274314e-05,-9.006118e-08,5.3078205e-05,-2.1239632e-06,4.921086e-06,-7.8254925e-05,1.3130241e-06,-8.873017e-06,7.6454666e-07,-9.0723115e-05,2.5861196e-08,-6.6046055e-06,6.8640514e-07,-1.3830307e-05,3.888202e-07,-4.156582e-09,-1.3932315e-05,7.4550985e-07,8.058988e-05,9.512829e-06,1.041728e-06,-2.5754227e-07,3.197321e-05,2.5208527e-07,-1.8522815e-05,-4.145767e-06,-3.8682464e-07,-7.819661e-07,-1.5676582e-05,7.0069937e-06,7.166305e-07,0.000121015,1.5763434e-06,-2.6534532e-05,2.0279833e-05,-2.041997e-05,0.00010275439,-1.5888983e-06,-2.6507949e-05,4.8750837e-05,-6.091159e-07,6.523928e-06,5.496286e-06,5.609454e-08,6.12989e-06,-5.6836757e-07,-6.097276e-07,8.559588e-06,1.9536537e-05,-8.0763915e-05,-2.1914457e-05,0.000112514244,1.6702289e-06,4.7547392e-08,-4.21702e-05
